dur,proto,service,spkts,dpkts,sbytes,dbytes,rate,sttl,dttl,sload,dload,sinpkt,dinpkt,sjit,djit,tcprtt,synack,ackdat,ct_srv_src,ct_state_ttl,ct_dst_ltm,ct_src_ltm,ct_srv_dst,attack_cat,label
0.48084067895388644,0.0,ssh,0.2,0.40000000000000013,0.520408163265306,0.5539294306335204,0.01511779095560719,0.0,0.0,0.018545914775505157,0.015036068158499956,0.4038714446998251,0.3836422516716601,0.0,0.34206517044009566,0.8086956521739129,0.8086956521739128,0.4687605574701818,0.2987551867219917,0.0,0.0,0.2987551867219917,0.0,privilege_escalation,1
0.013987032854957384,0.0,ssh,0.2,0.19999999999999996,0.6530612244897959,0.4603047313552526,0.3659470987483687,0.0,0.0,0.6717391552314033,0.36063461901595023,0.011591609644508625,0.015000885488198919,0.0,0.011082329172806205,0.30434782608695654,0.3043478260869565,0.009227135222932822,0.6887966804979253,0.0,0.0,0.6887966804979253,0.0,zero_day_obfuscated_memory_attack,1
0.9404094121075253,0.0,ssh,0.9,0.40000000000000013,0.6326530612244897,0.5711708099438653,0.008018762122575213,0.0,0.0,0.011560341997826257,0.007949625385317705,0.2236376590588524,0.7522595279041203,0.2479563165298478,0.7008731837106762,0.4434782608695652,0.44347826086956516,0.2198624560241177,0.004149377593360981,0.0,0.0,0.004149377593360981,0.0,reconnaissance,0
0.012384352006993515,0.0,ssh,0.0,0.0,0.0,0.0,0.0,0.0,0.0,0.0,0.0,0.0,0.016546584344247446,0.0,0.009674047139219414,0.9217391304347825,0.9217391304347824,0.0,0.3402489626556016,0.0,0.0,0.3402489626556016,0.0,brute_force_only,1
0.5235666933780141,0.0,ssh,0.2,0.40000000000000013,0.17346938775510204,0.67542101042502,0.016714112359120344,0.0,0.0,0.005680168458112303,0.016845601521793242,0.46093638237858287,0.4177617982725023,0.0,0.2993362045204173,0.7739130434782607,0.7739130434782608,0.4995796331845373,0.0580912863070539,0.0,0.0,0.0580912863070539,0.0,privilege_escalation,1
0.19731186712318788,0.0,ssh,0.4,0.19999999999999996,0.5816326530612245,0.28909382518043303,0.019465080899053397,0.0,0.0,0.05010066942557804,0.018967452986110685,0.10112366016975267,0.19719099491351635,0.0428035969794642,0.18802833705924482,0.3999999999999999,0.39999999999999997,0.09063469564323735,1.0,0.0,0.0,1.0,0.0,evasion_anti_forensics,1
0.019851387775916076,0.0,ssh,0.2,0.19999999999999996,0.6530612244897959,0.863672814755413,0.5021722219647258,0.0,0.0,0.49758457954785695,0.5012304609932021,0.010897050326281736,0.020386668533516207,0.0,0.011336422420365118,0.7043478260869565,0.7043478260869565,0.008939066593047206,0.6887966804979253,0.0,0.0,0.6887966804979253,0.0,zero_day_obfuscated_memory_attack,1
0.009980330735047714,0.0,ssh,0.2,0.19999999999999996,0.6530612244897959,0.5256615878107458,0.5473966040619197,0.0,0.0,0.8828571323387274,0.5412750456762525,0.007073356579584758,0.009564586545630967,0.0,0.00343865953636457,0.5043478260869564,0.5043478260869565,0.00680591694695927,0.6887966804979253,0.0,0.0,0.6887966804979253,0.0,zero_day_obfuscated_memory_attack,1
0.006847818168572885,0.0,ssh,0.0,0.0,0.0,0.0,0.0,0.0,0.0,0.0,0.0,0.0,0.011728594144039513,0.0,0.004785953269342988,0.5478260869565217,0.5478260869565217,0.0,0.6887966804979253,0.0,0.0,0.6887966804979253,0.0,zero_day_obfuscated_memory_attack,1
0.15640708093538283,0.0,ssh,0.2,0.19999999999999996,0.2346938775510204,0.29270248596631915,0.02420604804650812,0.0,0.0,0.025411206887030743,0.024139306240892233,0.20732850518140594,0.15472084929779253,0.0,0.15446945063455958,0.3739130434782608,0.3739130434782609,0.09868602641649891,1.0,0.0,0.0,1.0,0.0,reconnaissance,0
0.5099074816055947,0.0,ssh,0.6000000000000001,0.19999999999999996,0.42857142857142855,0.32457898957497994,0.008417546459466577,0.0,0.0,0.014407185601999904,0.008310971377952201,0.17719558191870038,0.5122738300350298,0.1419006708882072,0.5042526016987314,0.3391304347826086,0.3391304347826086,0.1720157272207496,1.0,0.0,0.0,1.0,0.0,reconnaissance,0
0.010053179864500618,0.0,ssh,0.0,0.0,0.0,0.0,0.0,0.0,0.0,0.0,0.0,0.0,0.017179347057208083,0.0,0.007866824644128825,0.5826086956521739,0.5826086956521739,0.0,1.0,0.0,0.0,1.0,0.0,reconnaissance,0
0.7379616813579077,0.0,ssh,1.0,0.19999999999999996,0.6428571428571428,0.15296712109061747,0.002897199449473901,0.0,0.0,0.014957290103749769,0.0027108933357724964,0.17561736687695284,0.7380197388678511,0.15161276890294056,0.7417725006121034,0.7913043478260868,0.7913043478260868,0.05226672236954701,1.0,0.0,0.0,1.0,0.0,reconnaissance,0
0.009069716616886428,0.0,ssh,0.0,0.40000000000000013,0.0,0.015236567762630313,0.01667993879258163,0.0,0.0,0.0,0.01689598776191573,0.0,0.0069073919503647736,0.0,0.004695136952781733,0.29565217391304344,0.29565217391304344,0.0,0.6390041493775933,0.0,0.0,0.6390041493775933,0.0,zero_day_buffer_overflow,1
0.0035331827784657968,0.0,ssh,0.0,0.0,0.0,0.0,0.0,0.0,0.0,0.0,0.0,0.0,0.006423986933610577,0.0,0.0014854796034102526,0.5217391304347825,0.5217391304347825,0.0,1.0,0.0,0.0,1.0,0.0,brute_force_only,1
0.7607270343119399,0.0,ssh,0.7000000000000001,0.6000000000000001,0.3469387755102041,0.4498797113071371,0.007751857366509212,0.0,0.0,0.007831520643946354,0.0077350695414062165,0.23463961678215797,0.5057546512950393,0.28270074596106226,0.36434321965528577,0.6521739130434782,0.6521739130434783,0.21198852246918012,1.0,0.0,0.0,1.0,0.0,reconnaissance,0
0.11011145916806295,0.0,ssh,0.4,0.40000000000000013,0.336734693877551,0.28688853247794704,0.03369641339039456,0.0,0.0,0.051412772768698586,0.03336348611135746,0.06987539697912738,0.08656804192060273,0.033557988650963724,0.05333471297158981,0.3913043478260869,0.39130434782608686,0.010955258645259659,0.3402489626556016,0.0,0.0,0.3402489626556016,0.0,botnet_malware_download,1
0.0029139651781161214,0.0,ssh,0.0,0.0,0.0,0.0,0.0,0.0,0.0,0.0,0.0,0.0,0.004282609289172706,0.0,0.0020786352357834346,0.4434782608695652,0.44347826086956516,0.0,0.38174273858921165,0.0,0.0,0.38174273858921165,0.0,brute_force_only,1
0.005572958403147083,0.0,ssh,0.0,0.0,0.0,0.0,0.0,0.0,0.0,0.0,0.0,0.0,0.006715986339683785,0.0,0.004806085329737984,0.5391304347826086,0.5391304347826087,0.0,0.38174273858921165,0.0,0.0,0.38174273858921165,0.0,botnet_malware_download,1
0.23308078968456325,0.0,ssh,0.2,0.19999999999999996,0.09183673469387754,0.4641138732959102,0.0256012083305212,0.0,0.0,0.006710912811967038,0.025832390120301005,0.2698407347858788,0.23287361433506845,0.0,0.2258701713031098,0.5130434782608695,0.5130434782608695,0.17122695551885858,1.0,0.0,0.0,1.0,0.0,reconnaissance,0
0.01151016245355868,0.0,ssh,0.0,0.40000000000000013,0.0,0.020048115477145148,0.018196086769274672,0.0,0.0,0.0,0.018431780483192762,0.0,0.006886513992830539,0.0,0.006873174236765464,0.4434782608695652,0.44347826086956516,0.0,0.6390041493775933,0.0,0.0,0.6390041493775933,0.0,zero_day_buffer_overflow,1
0.42711444598237047,0.0,ssh,0.30000000000000004,0.40000000000000013,0.6224489795918366,0.5457097032878909,0.016819835716089006,0.0,0.0,0.024954707660345504,0.0166642538670062,0.3358548653847356,0.3413915436096003,0.5378179507403789,0.23898731887436914,0.591304347826087,0.5913043478260869,0.18768798712866683,0.02074688796680496,0.0,0.0,0.02074688796680496,0.0,privilege_escalation,1
0.012857871348437385,0.0,ssh,0.1,0.40000000000000013,0.24489795918367346,0.8293905372894947,0.6918382338769847,0.0,0.0,0.2701048711014323,0.6967574010989225,0.0,0.00996214373699964,0.0,0.003978080331065812,0.20869565217391303,0.208695652173913,0.015523410031293655,0.6887966804979253,0.0,0.0,0.6887966804979253,0.0,zero_day_obfuscated_memory_attack,1
0.0032053616959277337,0.0,ssh,0.0,0.0,0.0,0.0,0.0,0.0,0.0,0.0,0.0,0.0,0.0036013746748039116,0.0,0.0015086462758500836,0.617391304347826,0.6173913043478261,0.0,0.0580912863070539,0.0,0.0,0.0580912863070539,0.0,privilege_escalation,1
0.12089313032709259,0.0,ssh,0.4,0.40000000000000013,0.5918367346938775,0.1619887730553328,0.01819458886717216,0.0,0.0,0.0824834475275443,0.017195900998036726,0.04855938136864361,0.09631177010185962,0.07995123281818309,0.07215448869451581,0.4434782608695652,0.44347826086956516,0.08117006960591636,0.3402489626556016,0.0,0.0,0.3402489626556016,0.0,botnet_malware_download,1
0.1414001602680848,0.0,ssh,0.30000000000000004,0.19999999999999996,0.4387755102040816,0.0942261427425822,0.009244973315159357,0.0,0.0,0.05245311302115762,0.008579765427680531,0.08305262108993854,0.14271792171174724,0.16340370307116775,0.13674183918806215,0.16521739130434784,0.16521739130434782,0.10004436083886047,1.0,0.0,0.0,1.0,0.0,evasion_anti_forensics,1
0.25267720550739414,0.0,ssh,0.30000000000000004,0.19999999999999996,0.2040816326530612,0.35304731355252605,0.018114408307484894,0.0,0.0,0.013769088520595484,0.018142990531829488,0.13208046824874037,0.2533833606182445,0.15392228511149586,0.24626232015482738,0.23478260869565218,0.23478260869565215,0.20519529322964322,0.0,0.0,0.0,0.0,0.0,reconnaissance,0
0.3325198513877759,0.0,ssh,0.2,0.40000000000000013,0.31632653061224486,0.6032477947072975,0.023556671820733815,0.0,0.0,0.01625985789982956,0.02361846990220905,0.29045002313553414,0.2655997397701293,0.0,0.24845508640946776,0.5565217391304347,0.5565217391304347,0.31593106607077504,0.02074688796680496,0.0,0.0,0.02074688796680496,0.0,privilege_escalation,1
0.6357179281707583,0.0,ssh,0.7000000000000001,0.40000000000000013,0.4897959183673469,0.2756615878107458,0.005790447290544034,0.0,0.0,0.01322097562044274,0.005667596272280205,0.22655311454934055,0.5088523269943669,0.2209006690777686,0.4072801675224272,0.18260869565217389,0.18260869565217386,0.0426159907328985,0.04564315352697096,0.0,0.0,0.04564315352697096,0.0,reconnaissance,0
0.013877759160778028,0.0,ssh,0.2,0.19999999999999996,0.6530612244897959,0.5451082598235766,0.43437131672114254,0.0,0.0,0.6761488025736804,0.42987913847551235,0.006317464253379976,0.013215601119467324,0.0,0.009291315946930704,0.6608695652173913,0.6608695652173913,0.013508602092618187,0.6887966804979253,0.0,0.0,0.6887966804979253,0.0,zero_day_obfuscated_memory_attack,1
0.5682232097326437,0.0,ssh,0.1,0.6000000000000001,0.07142857142857142,0.4432638331996792,0.010092308003081227,0.0,0.0,0.0021559389046637814,0.010190766763087946,0.0,0.37786898541448366,0.0,0.338574848484041,0.8956521739130433,0.8956521739130434,0.33497560326876863,0.02074688796680496,0.0,0.0,0.02074688796680496,0.0,privilege_escalation,1
0.46124426313105554,0.0,ssh,0.5,0.19999999999999996,0.3877551020408163,0.3346030473135525,0.009557899330108222,0.0,0.0,0.014402116070661783,0.009466170922324537,0.2308895062018688,0.46265247296487,0.2089467954331082,0.466673742493776,0.408695652173913,0.40869565217391296,0.07861193943257573,0.04564315352697096,0.0,0.0,0.04564315352697096,0.0,reconnaissance,0
0.2196765498652291,0.0,ssh,0.1,0.19999999999999996,0.49999999999999994,0.06976744186046512,0.004636891482798828,0.0,0.0,0.0387388237202647,0.004117225689743476,0.0,0.2207588509764971,0.0,0.21271438793947473,0.3391304347826086,0.3391304347826086,0.33340988250144843,0.5394190871369295,0.0,0.0,0.5394190871369295,0.0,zero_day_covert_tunnel,1
0.8561593938952429,0.0,ssh,0.9,0.19999999999999996,0.6224489795918366,0.572373696872494,0.008820425062104805,0.0,0.0,0.01248951467022789,0.008747768030861528,0.20674074422425584,0.8563538121763461,0.09164395069089355,0.8613100138940822,0.4695652173913043,0.46956521739130436,0.18875381222354493,0.004149377593360981,0.0,0.0,0.004149377593360981,0.0,reconnaissance,0
0.008377649887083848,0.0,ssh,0.0,0.0,0.0,0.0,0.0,0.0,0.0,0.0,0.0,0.0,0.011339358935743926,0.0,0.010466006867993193,0.16521739130434784,0.16521739130434782,0.0,0.5394190871369295,0.0,0.0,0.5394190871369295,0.0,zero_day_covert_tunnel,1
0.17953667953667954,0.0,ssh,0.5,0.19999999999999996,0.7551020408163265,0.11026463512429832,0.008892923523866338,0.0,0.0,0.07138485534243205,0.007939844192241535,0.0694338979806806,0.17996127795876063,0.0650496633489373,0.16992354554005287,0.34782608695652173,0.34782608695652173,0.07424194696792052,0.05394190871369292,0.0,0.0,0.05394190871369292,0.0,evasion_anti_forensics,1
0.143112114810228,0.0,ssh,0.4,0.19999999999999996,0.5816326530612245,0.23396150761828388,0.021799325941200723,0.0,0.0,0.06871490217102075,0.0210533732421786,0.07942271005075348,0.14374386162498545,0.05675936313596937,0.14074093975865803,0.34782608695652173,0.34782608695652173,0.05398688713903617,0.2987551867219917,0.0,0.0,0.2987551867219917,0.0,evasion_anti_forensics,1
0.003023238872295476,0.0,ssh,0.0,0.0,0.0,0.0,0.0,0.0,0.0,0.0,0.0,0.0,0.007640602459014599,0.0,0.0034431744469678597,0.21739130434782608,0.21739130434782605,0.0,1.0,0.0,0.0,1.0,0.0,brute_force_only,1
0.008851169228527718,0.0,ssh,0.0,0.40000000000000013,0.0,0.009623095429029671,0.010732839473583562,0.0,0.0,0.0,0.010871862034644172,0.0,0.006780080209316856,0.0,0.004179548964871627,0.26956521739130435,0.2695652173913043,0.0,0.6390041493775933,0.0,0.0,0.6390041493775933,0.0,zero_day_buffer_overflow,1
0.06214030742332629,0.0,ssh,0.2,0.40000000000000013,0.2040816326530612,0.28568564554931836,0.057839463954191365,0.0,0.0,0.05418773766068528,0.05777773690288742,0.10968832966047824,0.047869506633423514,0.0,0.03706637984401797,0.4260869565217391,0.42608695652173906,0.017659962289826685,0.38174273858921165,0.0,0.0,0.38174273858921165,0.0,botnet_malware_download,1
0.25726670066292706,0.0,ssh,0.1,0.19999999999999996,0.49999999999999994,0.0545308740978348,0.003207243786092219,0.0,0.0,0.03313886249010913,0.002752864859746258,0.0,0.25531449869030964,0.0,0.24390220614815358,0.7130434782608696,0.7130434782608694,0.3917002093125696,0.5394190871369295,0.0,0.0,0.5394190871369295,0.0,zero_day_covert_tunnel,1
0.006155751438770306,0.0,ssh,0.0,0.0,0.0,0.0,0.0,0.0,0.0,0.0,0.0,0.0,0.007689366359828826,0.0,0.007798582880584019,0.21739130434782608,0.21739130434782605,0.0,1.0,0.0,0.0,1.0,0.0,brute_force_only,1
0.003970277555183215,0.0,ssh,0.0,0.0,0.0,0.0,0.0,0.0,0.0,0.0,0.0,0.0,0.004623372596060139,0.0,0.0032411136937386623,0.591304347826087,0.5913043478260869,0.0,0.38174273858921165,0.0,0.0,0.38174273858921165,0.0,brute_force_only,1
0.014314853937495443,0.0,ssh,0.2,0.19999999999999996,0.6530612244897959,0.5687650360866079,0.44120357632258445,0.0,0.0,0.6588486044213918,0.43705878617429644,0.006277589576611505,0.016234436979155185,0.0,0.006377792324178279,0.4434782608695652,0.44347826086956516,0.009482619513301848,0.6887966804979253,0.0,0.0,0.6887966804979253,0.0,zero_day_obfuscated_memory_attack,1
0.06665695344940628,0.0,ssh,0.30000000000000004,0.19999999999999996,0.4693877551020408,0.12489975942261428,0.0250361425945168,0.0,0.0,0.1165234795645683,0.023616661781383705,0.047481120779327125,0.06549882477539042,0.0933266025248377,0.05699734167984872,0.3652173913043478,0.36521739130434777,0.03139959600032711,1.0,0.0,0.0,1.0,0.0,botnet_malware_download,1
0.24608435929190645,0.0,ssh,0.1,0.19999999999999996,0.49999999999999994,0.03869286287089013,0.002526568539242589,0.0,0.0,0.03462791661755558,0.002041092948852522,0.0,0.24753373651637997,0.0,0.2372943014130634,0.7478260869565218,0.7478260869565216,0.3743888706198718,0.5394190871369295,0.0,0.0,0.5394190871369295,0.0,zero_day_covert_tunnel,1
0.36548408246521447,0.0,ssh,0.2,0.40000000000000013,0.36734693877551017,0.40797914995990375,0.014611442982021224,0.0,0.0,0.017192108501972198,0.014543422067230123,0.3877478519470517,0.29091360628172486,0.0,0.2291345996991441,0.3652173913043478,0.36521739130434777,0.2961769399994856,0.2987551867219917,0.0,0.0,0.2987551867219917,0.0,privilege_escalation,1
0.014861222408392218,0.0,ssh,0.2,0.19999999999999996,0.6530612244897959,0.6521651964715317,0.4888371984271914,0.0,0.0,0.6384297392227044,0.4856149668785456,0.00576834473557252,0.016697840036593366,0.0,0.008176503102557749,0.4782608695652174,0.47826086956521735,0.00566996343287378,0.6887966804979253,0.0,0.0,0.6887966804979253,0.0,zero_day_obfuscated_memory_attack,1
0.22091498506592847,0.0,ssh,0.1,0.19999999999999996,0.49999999999999994,0.03748997594226143,0.0027411751133294897,0.0,0.0,0.038524394614974825,0.0022001678425637152,0.0,0.2212213780357171,0.0,0.22168706962169785,0.3391304347826086,0.3391304347826086,0.3475204586398616,0.5394190871369295,0.0,0.0,0.5394190871369295,0.0,zero_day_covert_tunnel,1
0.131092008450499,0.0,ssh,0.2,0.40000000000000013,0.31632653061224486,0.26303127506014434,0.02606650665363121,0.0,0.0,0.0407270456298256,0.025794662532270453,0.10910632381131534,0.10427809789834888,0.0,0.10915802986472735,0.9217391304347825,0.9217391304347824,0.021189682494735466,0.2987551867219917,0.0,0.0,0.2987551867219917,0.0,evasion_anti_forensics,1
0.11360821738180228,0.0,ssh,0.30000000000000004,0.19999999999999996,0.4081632653061224,0.07277465918203689,0.008997013454256545,0.0,0.0,0.06044601374603421,0.008208978732255158,0.08601839266740048,0.11362514488645531,0.002897607022570738,0.10121911468080173,0.6260869565217391,0.6260869565217391,0.04599420817690447,0.05394190871369292,0.0,0.0,0.05394190871369292,0.0,evasion_anti_forensics,1
0.5432723828950244,0.0,ssh,0.1,0.19999999999999996,0.49999999999999994,0.0483159582999198,0.001379846018231694,0.0,0.0,0.015781330352448907,0.0011615550619787107,0.0,0.5440851213308632,0.0,0.5405311666499393,0.5130434782608695,0.5130434782608695,0.8481429060317246,0.5394190871369295,0.0,0.0,0.5394190871369295,0.0,zero_day_covert_tunnel,1
0.011874408100823195,0.0,ssh,0.0,0.40000000000000013,0.0,0.0048115477145148355,0.0042584286844315295,0.0,0.0,0.0,0.004313586527587326,0.0,0.007765724204516969,0.0,0.004879730183021153,0.6434782608695652,0.6434782608695653,0.0,0.6390041493775933,0.0,0.0,0.6390041493775933,0.0,zero_day_buffer_overflow,1
0.013586362642966416,0.0,ssh,0.0,0.40000000000000013,0.0,0.007618283881315156,0.00603672379479831,0.0,0.0,0.0,0.006114917416686912,0.0,0.010716086203480664,0.0,0.004789950075450818,0.8434782608695651,0.843478260869565,0.0,0.6390041493775933,0.0,0.0,0.6390041493775933,0.0,zero_day_buffer_overflow,1
0.2510745246594303,0.0,ssh,0.4,0.19999999999999996,0.26530612244897955,0.5052125100240578,0.026058660499760914,0.0,0.0,0.018012829414676135,0.02612663243201524,0.11016148175285463,0.25088953969067623,0.08901096944764121,0.24527777358359854,0.4260869565217391,0.42608695652173906,0.1575571618705787,0.04564315352697096,0.0,0.0,0.04564315352697096,0.0,reconnaissance,0
0.775733954979238,0.0,ssh,0.7000000000000001,0.19999999999999996,0.4387755102040816,0.2359663191659984,0.004071540432108237,0.0,0.0,0.00971364450478796,0.003978911671862565,0.23536985776990554,0.7752947770504235,0.08631190719450206,0.776372036923383,0.3999999999999999,0.39999999999999997,0.22791857352336134,1.0,0.0,0.0,1.0,0.0,reconnaissance,0
0.008122677933998687,0.0,ssh,0.0,0.0,0.0,0.0,0.0,0.0,0.0,0.0,0.0,0.0,0.009684598301527056,0.0,0.009285690812408572,0.3652173913043478,0.36521739130434777,0.0,0.6887966804979253,0.0,0.0,0.6887966804979253,0.0,zero_day_obfuscated_memory_attack,1
0.41105121293800534,0.0,ssh,0.4,0.19999999999999996,0.5408163265306122,0.6561748195669607,0.02088188943488134,0.0,0.0,0.022523625977461468,0.020815306408594084,0.26724024813394737,0.4119580180773912,0.2605667759165798,0.404341552839109,0.7826086956521738,0.7826086956521738,0.07515315504643758,0.02074688796680496,0.0,0.0,0.02074688796680496,0.0,privilege_escalation,1
0.007539884898375463,0.0,ssh,0.0,0.0,0.0,0.0,0.0,0.0,0.0,0.0,0.0,0.0,0.012069357450926946,0.0,0.0028027232756520195,0.9739130434782609,0.9739130434782608,0.0,0.3402489626556016,0.0,0.0,0.3402489626556016,0.0,brute_force_only,1
0.020725577329350917,0.0,ssh,0.1,0.40000000000000013,0.24489795918367346,0.789093825180433,0.4379248683404681,0.0,0.0,0.17965115468534232,0.44090877034163367,0.0,0.014837949819610069,0.0,0.007837736777455171,0.34782608695652173,0.34782608695652173,0.016733298276813247,0.6887966804979253,0.0,0.0,0.6887966804979253,0.0,zero_day_obfuscated_memory_attack,1
0.5455671304727908,0.0,ssh,0.5,0.19999999999999996,0.25510204081632654,0.5801924619085805,0.01383077207052825,0.0,0.0,0.008018006975313012,0.013889927281399456,0.25844997841012346,0.5473942046001878,0.08347102724891177,0.549297198653402,0.1739130434782609,0.17391304347826086,0.13298516726262366,0.04564315352697096,0.0,0.0,0.04564315352697096,0.0,reconnaissance,0
0.08898521162672106,0.0,ssh,0.2,0.19999999999999996,0.31632653061224486,0.2445870088211708,0.03542364430480003,0.0,0.0,0.05941720064221306,0.03499331014712503,0.11748600768816655,0.08763340175366083,0.0,0.07339113011024967,0.6521739130434782,0.6521739130434783,0.042499552181599384,1.0,0.0,0.0,1.0,0.0,evasion_anti_forensics,1
0.005390835579514825,0.0,ssh,0.0,0.0,0.0,0.0,0.0,0.0,0.0,0.0,0.0,0.0,0.006423986933610577,0.0,0.004945381424088661,0.4956521739130434,0.49565217391304334,0.0,0.5394190871369295,0.0,0.0,0.5394190871369295,0.0,zero_day_covert_tunnel,1
0.007321337510016755,0.0,ssh,0.0,0.0,0.0,0.0,0.0,0.0,0.0,0.0,0.0,0.0,0.010511978618635492,0.0,0.0056372729703108365,0.617391304347826,0.6173913043478261,0.0,0.5394190871369295,0.0,0.0,0.5394190871369295,0.0,zero_day_covert_tunnel,1
0.38988854083193697,0.0,ssh,0.1,0.19999999999999996,0.49999999999999994,0.03608660785886127,0.0015152349696972264,0.0,0.0,0.02194600116273322,0.0012064437838874707,0.0,0.39057811356411704,0.0,0.3810058303039023,0.5565217391304347,0.5565217391304347,0.6004626514840177,0.5394190871369295,0.0,0.0,0.5394190871369295,0.0,zero_day_covert_tunnel,1
0.6403074233262913,0.0,ssh,0.1,1.0,0.1530612244897959,0.5573376102646351,0.011292191782996954,0.0,0.0,0.0041020354228674125,0.011377070140179609,0.0,0.31801684515373696,0.0,0.15570083699041093,0.28695652173913044,0.28695652173913044,1.0,0.2987551867219917,0.0,0.0,0.2987551867219917,0.0,privilege_escalation,1
0.138996138996139,0.0,ssh,0.5,0.40000000000000013,0.9387755102040816,0.1896551724137931,0.019023420897694442,0.0,0.0,0.1141283674135595,0.01756190637895192,0.06565665617702318,0.10887562854697154,0.0238555463089079,0.07802609292663018,0.7043478260869565,0.7043478260869565,0.031042783064771092,0.3402489626556016,0.0,0.0,0.3402489626556016,0.0,botnet_malware_download,1
0.004261674072994827,0.0,ssh,0.0,0.0,0.0,0.0,0.0,0.0,0.0,0.0,0.0,0.0,0.007494602755977995,0.0,0.002410814232300884,0.6434782608695652,0.6434782608695653,0.0,0.05394190871369292,0.0,0.0,0.05394190871369292,0.0,evasion_anti_forensics,1
0.009178990311065782,0.0,ssh,0.0,0.40000000000000013,0.0,0.00541299117882919,0.005871569388695738,0.0,0.0,0.0,0.005947621082479653,0.0,0.007088431582130161,0.0,0.0027628292295016395,0.08695652173913043,0.08695652173913043,0.0,0.6390041493775933,0.0,0.0,0.6390041493775933,0.0,zero_day_buffer_overflow,1
0.01628178043272383,0.0,ssh,0.2,0.19999999999999996,0.6530612244897959,0.4103849238171612,0.28790597836838205,0.0,0.0,0.5908221928873388,0.2827935606921599,0.008357732250671457,0.016050331353626025,0.0,0.01010821870641446,0.060869565217391286,0.060869565217391314,0.009866538005623884,0.6887966804979253,0.0,0.0,0.6887966804979253,0.0,zero_day_obfuscated_memory_attack,1
0.02010635972900124,0.0,ssh,0.2,0.19999999999999996,0.6530612244897959,0.37610264635124296,0.2203465349437236,0.0,0.0,0.49203821050613294,0.2158373265159435,0.01019714697920959,0.018994415365359146,0.0,0.008317723585034418,0.30434782608695654,0.3043478260869565,0.012189830248855539,0.6887966804979253,0.0,0.0,0.6887966804979253,0.0,zero_day_obfuscated_memory_attack,1
0.5226560792598529,0.0,ssh,0.4,0.19999999999999996,0.5408163265306122,0.6569767441860465,0.016466166763951844,0.0,0.0,0.017739376480235252,0.016413982669429224,0.24534839286142981,0.5235499710993587,0.26823156958390687,0.5196432658109948,0.4347826086956521,0.43478260869565216,0.2971384952079106,0.02074688796680496,0.0,0.0,0.02074688796680496,0.0,privilege_escalation,1
0.073249799664894,0.0,ssh,0.2,0.19999999999999996,0.3061224489795918,0.3049318364073777,0.0530094714917774,0.0,0.0,0.06940284964391671,0.05265748644105141,0.0943518712486973,0.07432947081385637,0.0,0.06362197378864948,0.33043478260869563,0.33043478260869563,0.03995555150061553,1.0,0.0,0.0,1.0,0.0,evasion_anti_forensics,1
0.13050921541487578,0.0,ssh,0.4,0.40000000000000013,0.5918367346938775,0.09582999198075381,0.010448801570611697,0.0,0.0,0.07653217984596952,0.009438844996404626,0.0833694808925482,0.10416465612908944,0.10022377021430161,0.05991878489988889,0.9826086956521739,0.9826086956521738,0.011257226081912531,1.0,0.0,0.0,1.0,0.0,botnet_malware_download,1
0.0060100531798645,0.0,ssh,0.0,0.0,0.0,0.0,0.0,0.0,0.0,0.0,0.0,0.0,0.010171361311451094,0.0,0.004100427006922172,0.6,0.5999999999999999,0.0,0.6887966804979253,0.0,0.0,0.6887966804979253,0.0,zero_day_obfuscated_memory_attack,1
0.45497923799810586,0.0,ssh,0.1,0.19999999999999996,0.49999999999999994,0.05112269446672013,0.0017254619633510718,0.0,0.0,0.018825342514737397,0.0014660942695619557,0.0,0.45679000088913824,0.0,0.45796396183553467,0.417391304347826,0.41739130434782606,0.7167298033901324,0.5394190871369295,0.0,0.0,0.5394190871369295,0.0,zero_day_covert_tunnel,1
0.11634005973628615,0.0,ssh,0.30000000000000004,0.19999999999999996,0.4387755102040816,0.3963512429831596,0.04406235957613593,0.0,0.0,0.06348912063486947,0.043682981684374574,0.08444009540982453,0.11606888791588199,0.07216151888559054,0.1000195547439572,0.6086956521739131,0.6086956521739129,0.04826340464939885,0.05394190871369292,0.0,0.0,0.05394190871369292,0.0,evasion_anti_forensics,1
0.10071392146863846,0.0,ssh,0.30000000000000004,0.40000000000000013,0.4591836734693877,0.16800320769847635,0.02216938622205965,0.0,0.0,0.07647502691528855,0.021312095282194517,0.08687689034743423,0.07944690640499238,0.16454201635791646,0.050941736336918314,0.1739130434782609,0.17391304347826086,0.033530381119122696,0.3402489626556016,0.0,0.0,0.3402489626556016,0.0,botnet_malware_download,1
0.030778757193851532,0.0,ssh,0.30000000000000004,0.19999999999999996,0.2755102040816326,0.059943865276663996,0.025247717700062906,0.0,0.0,0.14154113390569548,0.0234565925115343,0.022445085581744406,0.029762039464011736,0.009451696592211371,0.026803914027812438,0.6695652173913043,0.6695652173913043,0.01265293156977276,1.0,0.0,0.0,1.0,0.0,botnet_malware_download,1
0.006847818168572885,0.0,ssh,0.0,0.0,0.0,0.0,0.0,0.0,0.0,0.0,0.0,0.0,0.010511978618635492,0.0,0.005514852279526554,0.5217391304347825,0.5217391304347825,0.0,0.04564315352697096,0.0,0.0,0.04564315352697096,0.0,reconnaissance,0
0.018467254316310917,0.0,ssh,0.2,0.19999999999999996,0.6530612244897959,0.8598636728147554,0.5325792566037404,0.0,0.0,0.5300171476897512,0.5315459990936944,0.005038268179481758,0.018620656125585444,0.0,0.007442201002635819,0.6521739130434782,0.6521739130434783,0.014122341103477596,0.6887966804979253,0.0,0.0,0.6887966804979253,0.0,zero_day_obfuscated_memory_attack,1
0.0053544110147883735,0.0,ssh,0.0,0.0,0.0,0.0,0.0,0.0,0.0,0.0,0.0,0.0,0.008127365468938637,0.0,0.005809135632947537,0.29565217391304344,0.29565217391304344,0.0,0.004149377593360981,0.0,0.0,0.004149377593360981,0.0,reconnaissance,0
0.5478618780505573,0.0,ssh,0.4,0.19999999999999996,0.5408163265306122,0.2554129911788292,0.006261373445839191,0.0,0.0,0.016927346192682383,0.006089156662290638,0.266936789511365,0.5498249536560442,0.06222432300156241,0.5449164771144362,0.5478260869565217,0.5478260869565217,0.29322353006854013,0.0580912863070539,0.0,0.0,0.0580912863070539,0.0,privilege_escalation,1
0.023420995119108324,0.0,ssh,0.2,0.19999999999999996,0.6530612244897959,0.6818364073777065,0.343746656022717,0.0,0.0,0.4297635443845616,0.3417677696196777,0.012633119758535401,0.024164702848994406,0.0,0.013724884144433323,0.3999999999999999,0.39999999999999997,0.012018200170269033,0.6887966804979253,0.0,0.0,0.6887966804979253,0.0,zero_day_obfuscated_memory_attack,1
0.008049828804545784,0.0,ssh,0.0,0.0,0.0,0.0,0.0,0.0,0.0,0.0,0.0,0.0,0.012361356857000154,0.0,0.004704980938195462,0.826086956521739,0.826086956521739,0.0,0.3402489626556016,0.0,0.0,0.3402489626556016,0.0,brute_force_only,1
0.0013112843301522552,0.0,ssh,0.0,0.0,0.0,0.0,0.0,0.0,0.0,0.0,0.0,0.0,0.004087991685024913,0.0,0.0014772639464108238,0.22608695652173913,0.2260869565217391,0.0,0.3402489626556016,0.0,0.0,0.3402489626556016,0.0,brute_force_only,1
0.012202229183361257,0.0,ssh,0.0,0.0,0.0,0.0,0.0,0.0,0.0,0.0,0.0,0.0,0.015621968224916632,0.0,0.009648141914446441,0.9478260869565217,0.9478260869565216,0.0,0.2987551867219917,0.0,0.0,0.2987551867219917,0.0,evasion_anti_forensics,1
0.13112843301522548,0.0,ssh,0.30000000000000004,0.6000000000000001,0.4591836734693877,0.06976744186046512,0.007625726876610628,0.0,0.0,0.05910379497270268,0.006840015412884332,0.11059886995988197,0.08686515131628222,0.0407333604094488,0.0427227486657329,0.5391304347826086,0.5391304347826087,0.0371609109266421,0.38174273858921165,0.0,0.0,0.38174273858921165,0.0,botnet_malware_download,1
0.5816638741167044,0.0,ssh,0.4,0.40000000000000013,0.6938775510204082,0.6952686447473937,0.01571942690151432,0.0,0.0,0.020461956215061347,0.015616824465293808,0.2816110816413042,0.4643479675162341,0.174814595997603,0.5199838084943675,0.6260869565217391,0.6260869565217391,0.25464442180906177,0.0580912863070539,0.0,0.0,0.0580912863070539,0.0,privilege_escalation,1
0.15797333721862025,0.0,ssh,0.5,0.19999999999999996,0.7551020408163265,0.08319967923015237,0.007903858765578307,0.0,0.0,0.08096107933701875,0.0067946570492027555,0.05380902644291245,0.1578115170113744,0.05572560267993196,0.15087402748085454,0.5826086956521739,0.5826086956521739,0.0879299071063734,0.05394190871369292,0.0,0.0,0.05394190871369292,0.0,evasion_anti_forensics,1
0.0673125956144824,0.0,ssh,0.1,0.40000000000000013,0.061224489795918366,0.05553327987169206,0.010491691500813598,0.0,0.0,0.015056508074224456,0.01040226903231887,0.0,0.05166593691148433,0.0,0.03550392471556803,0.6086956521739131,0.6086956521739129,0.0984671634634627,0.3402489626556016,0.0,0.0,0.3402489626556016,0.0,botnet_malware_download,1
0.010927369417935455,0.0,ssh,0.0,0.40000000000000013,0.0,0.00681635926222935,0.006449930789076711,0.0,0.0,0.0,0.006533478421452104,0.0,0.008395274924010805,0.0,0.006198454153821376,0.34782608695652173,0.34782608695652173,0.0,0.6390041493775933,0.0,0.0,0.6390041493775933,0.0,zero_day_buffer_overflow,1
0.4967217891746193,0.0,ssh,0.30000000000000004,0.40000000000000013,0.5918367346938775,0.7520048115477145,0.019812651249773192,0.0,0.0,0.020420856800284423,0.019763686357216557,0.35449163157969166,0.39723657602080437,0.0812242729127604,0.34067924091474155,0.3652173913043478,0.36521739130434777,0.2753565851335364,0.0580912863070539,0.0,0.0,0.0580912863070539,0.0,privilege_escalation,1
0.20190136227872074,0.0,ssh,0.1,0.40000000000000013,0.1530612244897959,0.7774659182036888,0.04941849371849047,0.0,0.0,0.012888740263105056,0.04986572440462883,0.0,0.16120469610964813,0.0,0.11453328999019154,0.6956521739130435,0.6956521739130435,0.3024702735665803,0.0580912863070539,0.0,0.0,0.0580912863070539,0.0,privilege_escalation,1
0.01599038391491222,0.0,ssh,0.2,0.19999999999999996,0.6530612244897959,0.30433039294306335,0.21911060165320745,0.0,0.0,0.6000000362109381,0.2129697417184569,0.0059446976874660655,0.017415574576721313,0.0,0.010189931186841212,0.18260869565217389,0.18260869565217386,0.006218822121686879,0.6887966804979253,0.0,0.0,0.6887966804979253,0.0,zero_day_obfuscated_memory_attack,1
0.005317986450061922,0.0,ssh,0.0,0.0,0.0,0.0,0.0,0.0,0.0,0.0,0.0,0.0,0.0075919845579034105,0.0,0.0044376390185383715,0.5217391304347825,0.5217391304347825,0.0,0.6887966804979253,0.0,0.0,0.6887966804979253,0.0,zero_day_obfuscated_memory_attack,1
0.006847818168572885,0.0,ssh,0.0,0.0,0.0,0.0,0.0,0.0,0.0,0.0,0.0,0.0,0.013091355372183174,0.0,0.006523379687402393,0.27826086956521734,0.27826086956521734,0.0,0.05394190871369292,0.0,0.0,0.05394190871369292,0.0,evasion_anti_forensics,1
0.013622787207692869,0.0,ssh,0.2,0.19999999999999996,0.6530612244897959,0.5591419406575782,0.452223777615234,0.0,0.0,0.6866666920143234,0.44780543719652127,0.011793942798172967,0.014414258681397845,0.0,0.011921954515162253,0.09565217391304345,0.09565217391304348,0.01271423626518185,0.6887966804979253,0.0,0.0,0.6887966804979253,0.0,zero_day_obfuscated_memory_attack,1
0.014096306549136737,0.0,ssh,0.0,0.40000000000000013,0.0,0.00040096230954290296,0.00030811846248651834,0.0,0.0,0.0,0.0003121058590691328,0.0,0.009037381617965788,0.0,0.006919877656284741,0.7478260869565218,0.7478260869565216,0.0,0.6390041493775933,0.0,0.0,0.6390041493775933,0.0,zero_day_buffer_overflow,1
0.4083922197129744,0.0,ssh,0.1,0.40000000000000013,0.21428571428571427,0.6619887730553328,0.020997976847825943,0.0,0.0,0.008982183554573113,0.021135544295590992,0.0,0.3270289688230774,0.0,0.21526634863932437,0.5478260869565217,0.5478260869565217,0.6299243155183695,0.02074688796680496,0.0,0.0,0.02074688796680496,0.0,privilege_escalation,1
0.01107306767684126,0.0,ssh,0.0,0.0,0.0,0.0,0.0,0.0,0.0,0.0,0.0,0.0,0.017763345869354505,0.0,0.008940263143792945,0.6347826086956521,0.6347826086956521,0.0,1.0,0.0,0.0,1.0,0.0,evasion_anti_forensics,1
0.5088875937932542,0.0,ssh,0.1,0.19999999999999996,0.49999999999999994,0.09522854851643946,0.002660794833361886,0.0,0.0,0.01684188837869689,0.002443224619984415,0.0,0.5093395280034,0.0,0.5067158185000016,0.4782608695652174,0.47826086956521735,0.7968190533378532,0.5394190871369295,0.0,0.0,0.5394190871369295,0.0,zero_day_covert_tunnel,1
0.1972754425584614,0.0,ssh,0.4,0.19999999999999996,0.5816326530612245,0.23396150761828388,0.01589699249646627,0.0,0.0,0.0501098428632375,0.015353015843615382,0.09272934187544829,0.19878633366859733,0.06779851266431994,0.18755456750561106,0.3391304347826086,0.3391304347826086,0.10297689372395631,1.0,0.0,0.0,1.0,0.0,evasion_anti_forensics,1
0.4618999052961317,0.0,ssh,0.4,0.19999999999999996,0.7755102040816326,0.44727345629510823,0.012899212487242333,0.0,0.0,0.028763615539055033,0.012635847371232245,0.20578819163654552,0.462520781232731,0.2977400596358484,0.4658046592101067,0.25217391304347825,0.25217391304347825,0.29422528224093514,0.2987551867219917,0.0,0.0,0.2987551867219917,0.0,privilege_escalation,1
0.4820062650251329,0.0,ssh,0.6000000000000001,0.40000000000000013,0.336734693877551,0.28488372093023256,0.007792614569431821,0.0,0.0,0.01197145684872259,0.0077143971749869655,0.20251164422777468,0.3853199342592537,0.17530220746781794,0.2820881357919316,0.3999999999999999,0.39999999999999997,0.03818186767436283,0.04564315352697096,0.0,0.0,0.04564315352697096,0.0,reconnaissance,0
0.2609820062650251,0.0,ssh,0.2,0.19999999999999996,0.31632653061224486,0.7961106655974338,0.039422365296124764,0.0,0.0,0.020670048406178577,0.03962367005047749,0.27035269274925455,0.26083766745618436,0.0,0.2574740274216426,0.4956521739130434,0.49565217391304334,0.21655154110084776,0.02074688796680496,0.0,0.0,0.02074688796680496,0.0,privilege_escalation,1
0.8590369345086326,0.0,ssh,0.9,0.40000000000000013,0.5816326530612245,0.41780272654370487,0.00645455288699303,0.0,0.0,0.01163155684281417,0.006364090375041298,0.2022742871312168,0.6867618711263541,0.12292938625527063,0.6481290358489823,0.4608695652173913,0.46086956521739125,0.22024816232975836,0.04564315352697096,0.0,0.0,0.04564315352697096,0.0,reconnaissance,0
0.33215560574051134,0.0,ssh,0.4,0.40000000000000013,0.31632653061224486,0.44607056936647954,0.017500539494407254,0.0,0.0,0.01627754090794944,0.017483631545939397,0.1653808385159451,0.2656699656272899,0.18920366046551204,0.23451356057100445,0.3826086956521738,0.38260869565217387,0.16232595204807856,0.004149377593360981,0.0,0.0,0.004149377593360981,0.0,reconnaissance,0
0.007612734027828366,0.0,ssh,0.0,0.0,0.0,0.0,0.0,0.0,0.0,0.0,0.0,0.0,0.011387976836855114,0.0,0.008982895742276467,0.18260869565217389,0.18260869565217386,0.0,0.38174273858921165,0.0,0.0,0.38174273858921165,0.0,botnet_malware_download,1
0.014533401325854152,0.0,ssh,0.1,0.40000000000000013,0.4081632653061224,0.5509222133119487,0.4186617617077704,0.0,0.0,0.4065789480831106,0.41800019197691257,0.0,0.011906421782338096,0.0,0.005306130182784305,0.6260869565217391,0.6260869565217391,0.006988619933841679,0.6887966804979253,0.0,0.0,0.6887966804979253,0.0,zero_day_obfuscated_memory_attack,1
0.4651052669920594,0.0,ssh,0.1,0.19999999999999996,0.49999999999999994,0.02165196471531676,0.0008718289537315017,0.0,0.0,0.018417909109217562,0.0006074951804977432,0.0,0.4640791820629437,0.0,0.4596495037891202,0.8608695652173912,0.8608695652173912,0.7236909717388237,0.5394190871369295,0.0,0.0,0.5394190871369295,0.0,zero_day_covert_tunnel,1
0.005427260144241277,0.0,ssh,0.0,0.0,0.0,0.0,0.0,0.0,0.0,0.0,0.0,0.0,0.009392598895453847,0.0,0.007402973090836744,0.017391304347826098,0.017391304347826098,0.0,0.38174273858921165,0.0,0.0,0.38174273858921165,0.0,botnet_malware_download,1
0.012092955489181902,0.0,ssh,0.0,0.40000000000000013,0.0,0.018644747393744988,0.01625874298708984,0.0,0.0,0.0,0.01646933808077102,0.0,0.008086777551494461,0.0,0.0035732186753281896,0.7130434782608696,0.7130434782608694,0.0,0.6390041493775933,0.0,0.0,0.6390041493775933,0.0,zero_day_buffer_overflow,1
0.005864354920958693,0.0,ssh,0.0,0.0,0.0,0.0,0.0,0.0,0.0,0.0,0.0,0.0,0.009927979806489075,0.0,0.004945381424088661,0.3999999999999999,0.39999999999999997,0.0,1.0,0.0,0.0,1.0,0.0,brute_force_only,1
0.006774969039119982,0.0,ssh,0.0,0.0,0.0,0.0,0.0,0.0,0.0,0.0,0.0,0.0,0.01124197713381851,0.0,0.003931080851834845,0.6869565217391304,0.6869565217391302,0.0,0.38174273858921165,0.0,0.0,0.38174273858921165,0.0,brute_force_only,1
0.010053179864500618,0.0,ssh,0.0,0.40000000000000013,0.0,0.00821972734562951,0.008308171074514653,0.0,0.0,0.0,0.008415783680600655,0.0,0.006647804478365693,0.0,0.004675522996882195,0.1217391304347826,0.12173913043478263,0.0,0.6390041493775933,0.0,0.0,0.6390041493775933,0.0,zero_day_buffer_overflow,1
0.010198878123406424,0.0,ssh,0.0,0.40000000000000013,0.0,0.00040096230954290296,0.0004007244767574739,0.0,0.0,0.0,0.00040591319056032575,0.0,0.006272877240967693,0.0,0.005229450717456303,0.09565217391304345,0.09565217391304348,0.0,0.6390041493775933,0.0,0.0,0.6390041493775933,0.0,zero_day_buffer_overflow,1
0.1260654185182487,0.0,ssh,0.4,0.19999999999999996,0.8673469387755102,0.058941459502806735,0.007643081142398292,0.0,0.0,0.11602787252470324,0.006005727510821447,0.0746572339898651,0.12490581194157852,0.04443917740910542,0.12378263947299002,0.5826086956521739,0.5826086956521739,0.03921043704653701,1.0,0.0,0.0,1.0,0.0,botnet_malware_download,1
0.3571064325781307,0.0,ssh,0.7000000000000001,0.19999999999999996,0.4897959183673469,0.37750601443464316,0.0139408536093285,0.0,0.0,0.023456480095239592,0.013770406159689271,0.12327408422255233,0.35798075986713446,0.13797382950616666,0.35503525034957245,0.4347826086956521,0.43478260869565216,0.03854387103568256,0.04564315352697096,0.0,0.0,0.04564315352697096,0.0,reconnaissance,0
0.0050630144969767595,0.0,ssh,0.0,0.0,0.0,0.0,0.0,0.0,0.0,0.0,0.0,0.0,0.006326605131685162,0.0,0.002602438880692969,0.7478260869565218,0.7478260869565216,0.0,1.0,0.0,0.0,1.0,0.0,brute_force_only,1
0.011910832665549646,0.0,ssh,0.0,0.0,0.0,0.0,0.0,0.0,0.0,0.0,0.0,0.0,0.016789965849209464,0.0,0.009616907614863026,0.7999999999999999,0.7999999999999998,0.0,0.38174273858921165,0.0,0.0,0.38174273858921165,0.0,botnet_malware_download,1
0.008086253369272236,0.0,ssh,0.0,0.0,0.0,0.0,0.0,0.0,0.0,0.0,0.0,0.0,0.013334590877442156,0.0,0.0073874299559729606,0.408695652173913,0.40869565217391296,0.0,0.38174273858921165,0.0,0.0,0.38174273858921165,0.0,brute_force_only,1
0.005099439061703211,0.0,ssh,0.0,0.0,0.0,0.0,0.0,0.0,0.0,0.0,0.0,0.0,0.007737984260940014,0.0,0.003980596838615186,0.5217391304347825,0.5217391304347825,0.0,0.3402489626556016,0.0,0.0,0.3402489626556016,0.0,botnet_malware_download,1
0.539775624681285,0.0,ssh,0.30000000000000004,0.6000000000000001,0.4693877551020408,0.5513231756214916,0.013389390250988334,0.0,0.0,0.014910638345126329,0.013339684142479881,0.5176269913906874,0.3592039453791751,0.9162850161460951,0.21278218561345202,0.7043478260869565,0.7043478260869565,0.121797838914329,0.2987551867219917,0.0,0.0,0.2987551867219917,0.0,privilege_escalation,1
0.00914256574633933,0.0,ssh,0.0,0.0,0.0,0.0,0.0,0.0,0.0,0.0,0.0,0.0,0.0139673535904028,0.0,0.005628465193888025,0.8521739130434782,0.8521739130434782,0.0,0.6390041493775933,0.0,0.0,0.6390041493775933,0.0,zero_day_buffer_overflow,1
0.14387703066948349,0.0,ssh,0.6000000000000001,0.19999999999999996,0.9999999999999999,0.11627906976744186,0.012012133463533836,0.0,0.0,0.11752513446479236,0.010408965943367791,0.04939041896199557,0.14223232669944752,0.05146986494731322,0.13819208768578117,0.8086956521739129,0.8086956521739128,0.04902524380871597,0.3402489626556016,0.0,0.0,0.3402489626556016,0.0,botnet_malware_download,1
0.014023457419683834,0.0,ssh,0.0,0.40000000000000013,0.0,0.014033680834001604,0.010830816536822092,0.0,0.0,0.0,0.010971107275970235,0.0,0.01036159892450779,0.0,0.007085078975408392,0.7999999999999999,0.7999999999999998,0.0,0.6390041493775933,0.0,0.0,0.6390041493775933,0.0,zero_day_buffer_overflow,1
0.007102790121658046,0.0,ssh,0.0,0.40000000000000013,0.0,0.01483560545308741,0.019477199640349427,0.0,0.0,0.0,0.019729486501425662,0.0,0.005160213504125733,0.0,0.0017087086260253658,0.3999999999999999,0.39999999999999997,0.0,0.6390041493775933,0.0,0.0,0.6390041493775933,0.0,zero_day_buffer_overflow,1
0.008996867487433525,0.0,ssh,0.0,0.0,0.0,0.0,0.0,0.0,0.0,0.0,0.0,0.0,0.012604592362259135,0.0,0.010493170346540853,0.24347826086956517,0.2434782608695652,0.0,1.0,0.0,0.0,1.0,0.0,brute_force_only,1
0.009251839440518685,0.0,ssh,0.0,0.0,0.0,0.0,0.0,0.0,0.0,0.0,0.0,0.0,0.010463360717524302,0.0,0.007514661617072225,0.8608695652173912,0.8608695652173912,0.0,0.6390041493775933,0.0,0.0,0.6390041493775933,0.0,zero_day_buffer_overflow,1
0.01894077365775479,0.0,ssh,0.2,0.19999999999999996,0.6530612244897959,0.33901363271852447,0.21003661029661616,0.0,0.0,0.5184563832309801,0.2049985128115896,0.013988776552835015,0.01812600913169743,0.0,0.01337745807276378,0.9478260869565217,0.9478260869565216,0.01432892004887305,0.6887966804979253,0.0,0.0,0.6887966804979253,0.0,zero_day_obfuscated_memory_attack,1
0.0048808916733445035,0.0,ssh,0.0,0.0,0.0,0.0,0.0,0.0,0.0,0.0,0.0,0.0,0.005304607210428934,0.0,0.003529475852925825,0.7304347826086957,0.7304347826086954,0.0,0.02074688796680496,0.0,0.0,0.02074688796680496,0.0,privilege_escalation,1
0.1497413855904422,0.0,ssh,0.2,0.40000000000000013,0.31632653061224486,0.30974338412189256,0.02684834022247042,0.0,0.0,0.03574683460575552,0.026661150699960737,0.16291296599520452,0.11798177602506757,0.0,0.12843573594671162,0.6695652173913043,0.6695652173913043,0.039338236863118894,1.0,0.0,0.0,1.0,0.0,evasion_anti_forensics,1
0.006556421650761273,0.0,ssh,0.0,0.0,0.0,0.0,0.0,0.0,0.0,0.0,0.0,0.0,0.007056603646868182,0.0,0.0045471070969361664,0.817391304347826,0.817391304347826,0.0,1.0,0.0,0.0,1.0,0.0,botnet_malware_download,1
0.12628396590660743,0.0,ssh,0.30000000000000004,0.19999999999999996,0.4387755102040816,0.18163592622293503,0.019105534464380666,0.0,0.0,0.05859708324514461,0.01847610473181689,0.06641221963991441,0.1259251818681801,0.031896458601001654,0.1119322573931291,0.3391304347826086,0.3391304347826086,0.09247343280572846,0.05394190871369292,0.0,0.0,0.05394190871369292,0.0,evasion_anti_forensics,1
0.09197202593429009,0.0,ssh,0.2,0.19999999999999996,0.26530612244897955,0.19566960705693665,0.027478400643989487,0.0,0.0,0.04826266255769081,0.027112079054445584,0.06559384328413428,0.09024110244959763,0.0,0.07542039738910862,0.7652173913043477,0.7652173913043478,0.0815207117019533,0.2987551867219917,0.0,0.0,0.2987551867219917,0.0,evasion_anti_forensics,1
0.09637939826619071,0.0,ssh,0.2,0.6000000000000001,0.39795918367346933,0.20769847634322375,0.028169846520242885,0.0,0.0,0.06917592776497218,0.027499512744402814,0.0853272864139659,0.06286601213053133,0.0,0.041370866007223256,0.4434782608695652,0.44347826086956516,0.04295348375033406,0.38174273858921165,0.0,0.0,0.38174273858921165,0.0,botnet_malware_download,1
0.010053179864500618,0.0,ssh,0.0,0.40000000000000013,0.0,0.018444266238973536,0.018642718379040534,0.0,0.0,0.0,0.018884197240834535,0.0,0.008182991355795583,0.0,0.0067017556636962995,0.1739130434782609,0.17391304347826086,0.0,0.6390041493775933,0.0,0.0,0.6390041493775933,0.0,zero_day_buffer_overflow,1
0.07139214686384499,0.0,ssh,0.30000000000000004,0.19999999999999996,0.520408163265306,0.12670408981555734,0.023928037416282074,0.0,0.0,0.12094024839134415,0.022428109542726057,0.025547828729301756,0.07093804371201909,0.008831470492566038,0.06058218069886079,0.6086956521739131,0.6086956521739129,0.06522802290108122,0.38174273858921165,0.0,0.0,0.38174273858921165,0.0,botnet_malware_download,1
0.005245137320609019,0.0,ssh,0.0,0.0,0.0,0.0,0.0,0.0,0.0,0.0,0.0,0.0,0.007445984854866807,0.0,0.0052737856592820495,0.3652173913043478,0.36521739130434777,0.0,1.0,0.0,0.0,1.0,0.0,reconnaissance,0
0.00335105995483354,0.0,ssh,0.0,0.0,0.0,0.0,0.0,0.0,0.0,0.0,0.0,0.0,0.0054506069134655395,0.0,0.003140823466403292,0.3391304347826086,0.3391304347826086,0.0,0.0580912863070539,0.0,0.0,0.0580912863070539,0.0,privilege_escalation,1
0.43221388504407365,0.0,ssh,0.5,0.40000000000000013,0.3469387755102041,0.19065757818765036,0.005883331486634027,0.0,0.0,0.013746154926446834,0.0057538270175557,0.09828598085292016,0.34554377516396134,0.13359196454919775,0.26714851865042955,0.4608695652173913,0.46086956521739125,0.4008659244972986,0.0,0.0,0.0,0.0,0.0,reconnaissance,0
0.36286151380491,0.0,ssh,0.2,0.6000000000000001,0.22448979591836732,0.6246992782678428,0.022298205802875597,0.0,0.0,0.010581681043314377,0.022428674919167946,0.3293081834018081,0.2418657360450929,0.0,0.16150338529477332,0.7478260869565218,0.7478260869565216,0.33485737690415096,0.2987551867219917,0.0,0.0,0.2987551867219917,0.0,privilege_escalation,1
0.4900196692649522,0.0,ssh,0.5,0.40000000000000013,0.4081632653061224,0.3510425020048115,0.009442653595487885,0.0,0.0,0.01427489497470032,0.009351338993084482,0.20347554259980263,0.39125584418561293,0.17372003497767427,0.4347389656325005,0.5478260869565217,0.5478260869565217,0.10033271782573294,0.004149377593360981,0.0,0.0,0.004149377593360981,0.0,reconnaissance,0
0.4933707292197858,0.0,ssh,0.7000000000000001,0.19999999999999996,0.3877551020408163,0.11868484362469928,0.0032991008493119187,0.0,0.0,0.0134695637107014,0.003140263326570525,0.1556734512264464,0.49496979923142836,0.17310855933139294,0.4900019895212625,0.408695652173913,0.40869565217391296,0.11378589770547425,1.0,0.0,0.0,1.0,0.0,reconnaissance,0
0.00433452320244773,0.0,ssh,0.0,0.0,0.0,0.0,0.0,0.0,0.0,0.0,0.0,0.0,0.004282609289172706,0.0,0.002274922824634655,0.8695652173913043,0.8695652173913042,0.0,0.0580912863070539,0.0,0.0,0.0580912863070539,0.0,privilege_escalation,1
0.007612734027828366,0.0,ssh,0.0,0.0,0.0,0.0,0.0,0.0,0.0,0.0,0.0,0.0,0.011047359529670717,0.0,0.008106188921031106,0.3217391304347825,0.3217391304347826,0.0,1.0,0.0,0.0,1.0,0.0,brute_force_only,1
0.5514314853937495,0.0,ssh,0.7000000000000001,0.40000000000000013,0.37755102040816324,0.2656375300721732,0.006385121558108067,0.0,0.0,0.011741094930655751,0.006292124095457866,0.1505505829595528,0.4410401369243615,0.18325365391775902,0.3011333609853104,0.8434782608695651,0.843478260869565,0.2278117084240264,0.04564315352697096,0.0,0.0,0.04564315352697096,0.0,reconnaissance,0
0.006993516427478691,0.0,ssh,0.1,0.40000000000000013,0.4081632653061224,0.345028067361668,0.4686932468966785,0.0,0.0,0.7206157138935153,0.463980189765821,0.0,0.005257887305457221,0.0,0.0032548804703323,0.1391304347826087,0.13913043478260867,0.00475592945588536,0.6887966804979253,0.0,0.0,0.6887966804979253,0.0,zero_day_obfuscated_memory_attack,1
0.12235011291615064,0.0,ssh,0.5,0.40000000000000013,0.9285714285714285,0.07798716920609462,0.00996732590479457,0.0,0.0,0.127906689723378,0.008182315723760722,0.057343978200308676,0.09628008816630068,0.049253435458164685,0.06777724585716244,0.6434782608695652,0.6434782608695653,0.021934969963006104,0.38174273858921165,0.0,0.0,0.38174273858921165,0.0,botnet_malware_download,1
0.3999417206964376,0.0,ssh,0.1,0.19999999999999996,0.49999999999999994,0.03889334402566159,0.0015677328719566606,0.0,0.0,0.021398190020398222,0.0012678187383366214,0.0,0.39986457067546327,0.0,0.3992091356921595,0.6260869565217391,0.6260869565217391,0.6286308037466569,0.5394190871369295,0.0,0.0,0.5394190871369295,0.0,zero_day_covert_tunnel,1
0.18365265535076855,0.0,ssh,0.4,0.19999999999999996,0.5816326530612245,0.22774659182036888,0.0166266348763337,0.0,0.0,0.05377161363001438,0.016037305582384018,0.09324787710509519,0.18247174285247506,0.08244903464395008,0.17687243704808336,0.6260869565217391,0.6260869565217391,0.08447037299206937,1.0,0.0,0.0,1.0,0.0,evasion_anti_forensics,1
0.21537845122750782,0.0,ssh,0.1,0.19999999999999996,0.49999999999999994,0.0880112269446672,0.005812052745155966,0.0,0.0,0.039502089944469916,0.005296190010977615,0.0,0.21389452893852814,0.0,0.20473269212720976,0.3913043478260869,0.39130434782608686,0.32919623719507546,0.5394190871369295,0.0,0.0,0.5394190871369295,0.0,zero_day_covert_tunnel,1
0.07984264588038172,0.0,ssh,0.30000000000000004,0.19999999999999996,0.4693877551020408,0.29851643945469125,0.04827580126742205,0.0,0.0,0.09792493822564832,0.047435666914271146,0.052981770777666366,0.07850433232218806,0.045619734263818316,0.06862427269231076,0.417391304347826,0.41739130434782606,0.03973345894932633,1.0,0.0,0.0,1.0,0.0,botnet_malware_download,1
0.0005827930356232243,0.0,ssh,0.0,0.0,0.0,0.0,0.0,0.0,0.0,0.0,0.0,0.0,0.0010706158223674185,0.0,0.0015198225299664237,0.14782608695652175,0.14782608695652172,0.0,0.5394190871369295,0.0,0.0,0.5394190871369295,0.0,zero_day_covert_tunnel,1
0.17545712828731697,0.0,ssh,0.4,0.6000000000000001,0.8571428571428571,0.09603047313552526,0.008207241004274028,0.0,0.0,0.08288629421423441,0.007073162748898591,0.0761615370018913,0.11471006867972032,0.03549666668074785,0.12723662009943462,0.9739130434782609,0.9739130434782608,0.058963005990097364,0.3402489626556016,0.0,0.0,0.3402489626556016,0.0,botnet_malware_download,1
0.2259051504334523,0.0,ssh,0.1,0.19999999999999996,0.49999999999999994,0.058340016038492384,0.003862975396501463,0.0,0.0,0.037683697334736144,0.0033490759934948146,0.0,0.22592140047587145,0.0,0.21484749816220933,0.16521739130434784,0.16521739130434782,0.34450810854079944,0.5394190871369295,0.0,0.0,0.5394190871369295,0.0,zero_day_covert_tunnel,1
0.008013404239819333,0.0,ssh,0.0,0.0,0.0,0.0,0.0,0.0,0.0,0.0,0.0,0.0,0.009149363390194865,0.0,0.008863731708320787,0.4260869565217391,0.42608695652173906,0.0,0.3402489626556016,0.0,0.0,0.3402489626556016,0.0,botnet_malware_download,1
0.21490493188606394,0.0,ssh,0.2,0.19999999999999996,0.16326530612244897,0.26182838813151565,0.015779200328271667,0.0,0.0,0.012926701396577426,0.015790138536293914,0.24660103322275853,0.21504106460647462,0.0,0.2158258274794927,0.3652173913043478,0.36521739130434777,0.1633896433012538,0.004149377593360981,0.0,0.0,0.004149377593360981,0.0,reconnaissance,0
0.003096088001748379,0.0,ssh,0.0,0.0,0.0,0.0,0.0,0.0,0.0,0.0,0.0,0.0,0.007348603052941391,0.0,0.000407008088647383,0.5391304347826086,0.5391304347826087,0.0,0.04564315352697096,0.0,0.0,0.04564315352697096,0.0,reconnaissance,0
0.04130545639979601,0.0,ssh,0.2,0.19999999999999996,0.3877551020408163,0.2770649558941459,0.08370802641140931,0.0,0.0,0.15162708720601772,0.08252319532943858,0.009769789103245653,0.041045626513195675,0.0,0.034858588559009286,0.19999999999999998,0.2,0.05033034753130086,0.3402489626556016,0.0,0.0,0.3402489626556016,0.0,botnet_malware_download,1
0.016791724338894153,0.0,ssh,0.2,0.19999999999999996,0.6530612244897959,0.3751002405773857,0.25702231128034836,0.0,0.0,0.5754190254320884,0.2517403689033055,0.015845127742021202,0.018123965135854916,0.0,0.01548954805596831,0.3999999999999999,0.39999999999999997,0.012043114213934817,0.6887966804979253,0.0,0.0,0.6887966804979253,0.0,zero_day_obfuscated_memory_attack,1
0.10880017483791068,0.0,ssh,0.5,0.40000000000000013,0.6632653061224489,0.1327185244587009,0.01692978886328047,0.0,0.0,0.10245776310912909,0.015615803897595187,0.03351182937782021,0.08575453157528279,0.03259724921955008,0.04998635164729103,0.6,0.5999999999999999,0.06513257673842641,1.0,0.0,0.0,1.0,0.0,botnet_malware_download,1
0.06643840606104756,0.0,ssh,0.30000000000000004,0.19999999999999996,0.4591836734693877,0.16740176423416198,0.0330364377240282,0.0,0.0,0.11435034046429303,0.03175310795445628,0.023871776851771765,0.06746923676757242,0.018019446524772532,0.05145081101117122,0.6434782608695652,0.6434782608695653,0.05552406056465604,1.0,0.0,0.0,1.0,0.0,botnet_malware_download,1
0.0013477088948787067,0.0,ssh,0.0,0.0,0.0,0.0,0.0,0.0,0.0,0.0,0.0,0.0,0.0027739943576954766,0.0,0.0017242517608891503,0.3739130434782608,0.3739130434782609,0.0,1.0,0.0,0.0,1.0,0.0,brute_force_only,1
0.0060100531798645,0.0,ssh,0.0,0.0,0.0,0.0,0.0,0.0,0.0,0.0,0.0,0.0,0.007640602459014599,0.0,0.004826439434916749,0.6,0.5999999999999999,0.0,0.6390041493775933,0.0,0.0,0.6390041493775933,0.0,zero_day_buffer_overflow,1
0.0017848036715961244,0.0,ssh,0.0,0.0,0.0,0.0,0.0,0.0,0.0,0.0,0.0,0.0,0.003114611664879874,0.0,0.00039783023758495806,0.4608695652173913,0.46086956521739125,0.0,0.05394190871369292,0.0,0.0,0.05394190871369292,0.0,evasion_anti_forensics,1
0.09419392438260363,0.0,ssh,0.2,0.40000000000000013,0.4591836734693877,0.09643143544506816,0.014094245917492785,0.0,0.0,0.08161746294217856,0.013055406364764674,0.16435289401360245,0.07504399336051751,0.0,0.04575328988953124,0.7304347826086957,0.7304347826086954,0.0224897111343514,1.0,0.0,0.0,1.0,0.0,botnet_malware_download,1
0.5353682523493843,0.0,ssh,0.1,0.8,0.1530612244897959,0.694065757818765,0.016786910401302382,0.0,0.0,0.004901995397710467,0.01693098871819218,0.0,0.3042065872438015,0.0,0.14967091482746972,0.817391304347826,0.817391304347826,0.833079194708903,0.02074688796680496,0.0,0.0,0.02074688796680496,0.0,privilege_escalation,1
0.0012748597654258036,0.0,ssh,0.0,0.0,0.0,0.0,0.0,0.0,0.0,0.0,0.0,0.0,0.0019466140405870417,0.0,0.0004716231207239725,0.3999999999999999,0.39999999999999997,0.0,0.38174273858921165,0.0,0.0,0.38174273858921165,0.0,brute_force_only,1
0.20481532745683687,0.0,ssh,0.4,0.40000000000000013,0.5918367346938775,0.13111467522052928,0.008911390516930153,0.0,0.0,0.04913691530726278,0.00829148756648108,0.1053349193314735,0.16266177314595343,0.08903812602704675,0.1797346683257853,0.5217391304347825,0.5217391304347825,0.05996314336336591,1.0,0.0,0.0,1.0,0.0,evasion_anti_forensics,1
0.5543454505718657,0.0,ssh,0.1,0.19999999999999996,0.49999999999999994,0.057738572574178026,0.001571606018821725,0.0,0.0,0.015467683276684338,0.001360493510629521,0.0,0.5545433720587812,0.0,0.5521501780651136,0.8782608695652173,0.8782608695652174,0.8663974604284823,0.5394190871369295,0.0,0.0,0.5394190871369295,0.0,zero_day_covert_tunnel,1
0.005572958403147083,0.0,ssh,0.0,0.0,0.0,0.0,0.0,0.0,0.0,0.0,0.0,0.0,0.007543366656792221,0.0,0.004651616175163136,0.5304347826086956,0.5304347826086957,0.0,1.0,0.0,0.0,1.0,0.0,brute_force_only,1
0.002221898448313543,0.0,ssh,0.0,0.0,0.0,0.0,0.0,0.0,0.0,0.0,0.0,0.0,0.004185373486950328,0.0,0.002287061272813991,0.3826086956521738,0.38260869565217387,0.0,0.04564315352697096,0.0,0.0,0.04564315352697096,0.0,reconnaissance,0
0.8195162817804327,0.0,ssh,0.4,0.40000000000000013,0.7448979591836734,0.6259021651964716,0.010095018492600057,0.0,0.0,0.015612527029202128,0.009992139903690255,0.3857064329281628,0.6558163580695278,0.11378305031148596,0.5827042064459896,0.28695652173913044,0.28695652173913044,0.47517436658639195,0.2987551867219917,0.0,0.0,0.2987551867219917,0.0,privilege_escalation,1
0.003423909084286443,0.0,ssh,0.0,0.0,0.0,0.0,0.0,0.0,0.0,0.0,0.0,0.0,0.004477372893023536,0.0,0.002779852662923879,0.4347826086956521,0.43478260869565216,0.0,0.38174273858921165,0.0,0.0,0.38174273858921165,0.0,brute_force_only,1
0.007357762074743207,0.0,ssh,0.0,0.0,0.0,0.0,0.0,0.0,0.0,0.0,0.0,0.0,0.01202059355011272,0.0,0.005679979583722281,0.5478260869565217,0.5478260869565217,0.0,0.38174273858921165,0.0,0.0,0.38174273858921165,0.0,brute_force_only,1
0.006993516427478691,0.0,ssh,0.0,0.40000000000000013,0.0,0.011828388131515637,0.015702957111253857,0.0,0.0,0.0,0.015906351392977504,0.0,0.004042293777974456,0.0,0.0044455586158261085,0.22608695652173913,0.2260869565217391,0.0,0.6390041493775933,0.0,0.0,0.6390041493775933,0.0,zero_day_buffer_overflow,1
0.022146135353682525,0.0,ssh,0.2,0.19999999999999996,0.6530612244897959,0.4747393744987971,0.25361305756356467,0.0,0.0,0.45175438675901175,0.2501375881052369,0.00955150607887392,0.021424142423294316,0.0,0.010291701712735036,0.3999999999999999,0.39999999999999997,0.013713566238887153,0.6887966804979253,0.0,0.0,0.6887966804979253,0.0,zero_day_obfuscated_memory_attack,1
0.010089604429227069,0.0,ssh,0.0,0.40000000000000013,0.0,0.01343223736968725,0.013538303118579396,0.0,0.0,0.0,0.013713662595645902,0.0,0.0056125205841331335,0.0,0.003822426937644199,0.6347826086956521,0.6347826086956521,0.0,0.6390041493775933,0.0,0.0,0.6390041493775933,0.0,zero_day_buffer_overflow,1
0.015334741749836086,0.0,ssh,0.2,0.19999999999999996,0.6530612244897959,0.30914194065757816,0.23049063469521594,0.0,0.0,0.6217304012371104,0.2241719904181771,0.005145230972215325,0.01598857347924154,0.0,0.006213997288685161,0.408695652173913,0.40869565217391296,0.01133018039959127,0.6887966804979253,0.0,0.0,0.6887966804979253,0.0,zero_day_obfuscated_memory_attack,1
0.006519997086034821,0.0,ssh,0.0,0.0,0.0,0.0,0.0,0.0,0.0,0.0,0.0,0.0,0.008857363984121656,0.0,0.0075182143336125174,0.26956521739130435,0.2695652173913043,0.0,1.0,0.0,0.0,1.0,0.0,reconnaissance,0
0.004990165367523858,0.0,ssh,0.0,0.0,0.0,0.0,0.0,0.0,0.0,0.0,0.0,0.0,0.008759982182196242,0.0,0.0016662980723256113,0.7043478260869565,0.7043478260869565,0.0,0.3402489626556016,0.0,0.0,0.3402489626556016,0.0,brute_force_only,1
0.017301668245064475,0.0,ssh,0.2,0.19999999999999996,0.6530612244897959,0.5523255813953488,0.36492836126271666,0.0,0.0,0.5607985574045061,0.3612629021669959,0.006346650872457928,0.015495970481196044,0.0,0.007572097201140304,0.6956521739130435,0.6956521739130435,0.015707035760534054,0.6887966804979253,0.0,0.0,0.6887966804979253,0.0,zero_day_obfuscated_memory_attack,1
0.0057550812267793405,0.0,ssh,0.0,0.0,0.0,0.0,0.0,0.0,0.0,0.0,0.0,0.0,0.008662600380270826,0.0,0.003905397671845639,0.591304347826087,0.5913043478260869,0.0,0.6887966804979253,0.0,0.0,0.6887966804979253,0.0,zero_day_obfuscated_memory_attack,1
0.8452320244773074,0.0,ssh,0.8,0.6000000000000001,0.5510204081632653,0.32698476343223737,0.0051625267291714105,0.0,0.0,0.01119877578060372,0.0050618080589952,0.23048262006717363,0.5621265966345025,0.20858697075598487,0.3899833969713683,0.4695652173913043,0.46956521739130436,0.20164481132167963,0.0,0.0,0.0,0.0,0.0,reconnaissance,0
0.1773876302178189,0.0,ssh,0.4,0.19999999999999996,0.5918367346938775,0.3516439454691259,0.026131736723761987,0.0,0.0,0.05661773301542543,0.02562293259909635,0.09596264375848673,0.1764548030909305,0.10878337317304113,0.17353680629138732,0.8608695652173912,0.8608695652173912,0.07236462764058585,1.0,0.0,0.0,1.0,0.0,evasion_anti_forensics,1
0.1573176950535441,0.0,ssh,0.30000000000000004,0.40000000000000013,0.4081632653061224,0.196271050521251,0.016537866344592037,0.0,0.0,0.04394197342008508,0.016094488080853522,0.14093133103808667,0.1252200033025133,0.2147328064152289,0.0814265607601866,0.26956521739130435,0.2695652173913043,0.039218857070553684,0.2987551867219917,0.0,0.0,0.2987551867219917,0.0,evasion_anti_forensics,1
0.008049828804545784,0.0,ssh,0.0,0.40000000000000013,0.0,0.0056134723336006415,0.006724588971739994,0.0,0.0,0.0,0.006811691498197184,0.0,0.005339501139454684,0.0,0.001373865092102696,0.7304347826086957,0.7304347826086954,0.0,0.6390041493775933,0.0,0.0,0.6390041493775933,0.0,zero_day_buffer_overflow,1
0.20634515917534782,0.0,ssh,0.30000000000000004,0.6000000000000001,0.4183673469387755,0.11688051323175622,0.007752848835043731,0.0,0.0,0.03448059845093227,0.0073372676061567955,0.06984612814422105,0.13642475051205746,0.025322605076349213,0.07102990587965705,0.7391304347826086,0.7391304347826086,0.2111588617465506,1.0,0.0,0.0,1.0,0.0,evasion_anti_forensics,1
0.16620528884679828,0.0,ssh,0.30000000000000004,0.19999999999999996,0.4387755102040816,0.11788291900561347,0.009702175834048653,0.0,0.0,0.04475303808262116,0.009158119336174974,0.15153289767713976,0.1660129043297526,0.00674614693399201,0.16360296675515892,0.4260869565217391,0.42608695652173906,0.04533467807652971,0.05394190871369292,0.0,0.0,0.05394190871369292,0.0,evasion_anti_forensics,1
0.05033874845195599,0.0,ssh,0.2,0.19999999999999996,0.2040816326530612,0.19206094627105053,0.04784598182554008,0.0,0.0,0.066229443729379,0.04747460382986671,0.0418203143472869,0.048929756476875336,0.0,0.04051473533594043,0.34782608695652173,0.34782608695652173,0.041401142747204696,0.3402489626556016,0.0,0.0,0.3402489626556016,0.0,botnet_malware_download,1
0.007102790121658046,0.0,ssh,0.0,0.0,0.0,0.0,0.0,0.0,0.0,0.0,0.0,0.0,0.010268597113673473,0.0,0.004433716227358463,0.7652173913043477,0.7652173913043478,0.0,0.0580912863070539,0.0,0.0,0.0580912863070539,0.0,privilege_escalation,1
0.43021053398411885,0.0,ssh,0.4,0.40000000000000013,0.7755102040816326,0.6447473937449879,0.0197538478929489,0.0,0.0,0.030868798778774038,0.019547766745849383,0.12315421354476176,0.3424217175142266,0.0908542977097348,0.2405018123295251,0.9043478260869563,0.9043478260869564,0.4106770402900456,0.0580912863070539,0.0,0.0,0.0580912863070539,0.0,privilege_escalation,1
0.35958330297952934,0.0,ssh,0.2,0.19999999999999996,0.520408163265306,0.6265036086607859,0.022772405944194815,0.0,0.0,0.02475216781307479,0.022696955975575202,0.3193102453747842,0.3586671044711095,0.0,0.351063535302308,0.5043478260869564,0.5043478260869565,0.33038271085326104,0.02074688796680496,0.0,0.0,0.02074688796680496,0.0,privilege_escalation,1
0.4512275078312814,0.0,ssh,0.30000000000000004,0.19999999999999996,0.47959183673469385,0.16720128307939053,0.005041767288240403,0.0,0.0,0.018206195824287386,0.004834616141923164,0.2567327364025708,0.4500348866290406,0.4399571046741301,0.4500812239819024,0.5478260869565217,0.5478260869565217,0.34945487265059705,0.02074688796680496,0.0,0.0,0.02074688796680496,0.0,privilege_escalation,1
0.01340423981933416,0.0,ssh,0.1,0.40000000000000013,0.24489795918367346,0.6716118684843625,0.542033643765698,0.0,0.0,0.2609797146928114,0.5451489743487453,0.0,0.009595684482377765,0.0,0.004110937126687207,0.8521739130434782,0.8521739130434782,0.009205450777520012,0.6887966804979253,0.0,0.0,0.6887966804979253,0.0,zero_day_obfuscated_memory_attack,1
0.0032053616959277337,0.0,ssh,0.0,0.0,0.0,0.0,0.0,0.0,0.0,0.0,0.0,0.0,0.0033579931698418924,0.0,0.0019608034705303643,0.5739130434782608,0.5739130434782609,0.0,0.6887966804979253,0.0,0.0,0.6887966804979253,0.0,zero_day_obfuscated_memory_attack,1
0.0038610038610038607,0.0,ssh,0.0,0.0,0.0,0.0,0.0,0.0,0.0,0.0,0.0,0.0,0.004185373486950328,0.0,0.002657654016923365,0.5739130434782608,0.5739130434782609,0.0,0.0580912863070539,0.0,0.0,0.0580912863070539,0.0,privilege_escalation,1
0.5013841334596051,0.0,ssh,0.1,0.19999999999999996,0.49999999999999994,0.06315156375300722,0.001875851334443179,0.0,0.0,0.017092588773679765,0.0016443585454790045,0.0,0.5032119204669538,0.0,0.4964746689830378,0.3739130434782608,0.3739130434782609,0.7820041940947027,0.5394190871369295,0.0,0.0,0.5394190871369295,0.0,zero_day_covert_tunnel,1
0.004407372331900633,0.0,ssh,0.0,0.0,0.0,0.0,0.0,0.0,0.0,0.0,0.0,0.0,0.00618060542864856,0.0,0.003553678734356575,0.4695652173913043,0.46956521739130436,0.0,0.05394190871369292,0.0,0.0,0.05394190871369292,0.0,evasion_anti_forensics,1
0.5010563123770672,0.0,ssh,0.1,0.19999999999999996,0.49999999999999994,0.044306335204490774,0.001392335668619774,0.0,0.0,0.017103693461372794,0.0011544110880883584,0.0,0.5008811812076774,0.0,0.4948537420615289,0.6608695652173913,0.6608695652173913,0.779705700552342,0.5394190871369295,0.0,0.0,0.5394190871369295,0.0,zero_day_covert_tunnel,1
0.009980330735047714,0.0,ssh,0.0,0.0,0.0,0.0,0.0,0.0,0.0,0.0,0.0,0.0,0.013139973273294364,0.0,0.010850218358840358,0.3999999999999999,0.39999999999999997,0.0,0.6887966804979253,0.0,0.0,0.6887966804979253,0.0,zero_day_obfuscated_memory_attack,1
0.010053179864500618,0.0,ssh,0.0,0.0,0.0,0.0,0.0,0.0,0.0,0.0,0.0,0.0,0.01571935002684205,0.0,0.009382280293347804,0.4956521739130434,0.49565217391304334,0.0,1.0,0.0,0.0,1.0,0.0,brute_force_only,1
0.13036351715596997,0.0,ssh,0.5,0.40000000000000013,0.6632653061224489,0.2119085805934242,0.021896240207233186,0.0,0.0,0.08586271262534793,0.02089493236486071,0.0502260606417373,0.10406479233221241,0.07114405237719644,0.07663786893851046,0.6869565217391304,0.6869565217391302,0.05578242842489379,0.38174273858921165,0.0,0.0,0.38174273858921165,0.0,botnet_malware_download,1
0.0023311721424928975,0.0,ssh,0.0,0.0,0.0,0.0,0.0,0.0,0.0,0.0,0.0,0.0,0.0054506069134655395,0.0,0.0020250484279673397,0.26086956521739124,0.2608695652173913,0.0,0.38174273858921165,0.0,0.0,0.38174273858921165,0.0,brute_force_only,1
0.0040795512493625695,0.0,ssh,0.0,0.0,0.0,0.0,0.0,0.0,0.0,0.0,0.0,0.0,0.0034066110709530814,0.0,0.0029620034005418483,0.6695652173913043,0.6695652173913043,0.0,1.0,0.0,0.0,1.0,0.0,evasion_anti_forensics,1
0.47909229984701673,0.0,ssh,0.1,0.19999999999999996,0.49999999999999994,0.049318364073777064,0.0015905937111878408,0.0,0.0,0.01788331495929981,0.00134357376260653,0.0,0.47905101361023833,0.0,0.4789081880346283,0.8956521739130433,0.8956521739130434,0.7502883281511737,0.5394190871369295,0.0,0.0,0.5394190871369295,0.0,zero_day_covert_tunnel,1
0.013112843301522544,0.0,ssh,0.2,0.19999999999999996,0.6530612244897959,0.4619085805934242,0.3873997602129783,0.0,0.0,0.7087155925929076,0.38181180157048766,0.00549538818532237,0.012876151809907222,0.0,0.006806338756851191,0.4695652173913043,0.46956521739130436,0.012568327629824372,0.6887966804979253,0.0,0.0,0.6887966804979253,0.0,zero_day_obfuscated_memory_attack,1
0.014679099584759958,0.0,ssh,0.0,0.40000000000000013,0.0,0.019847634322373697,0.014742252632773366,0.0,0.0,0.0,0.014933205772365947,0.0,0.00991235783826416,0.0,0.005353573751582809,0.5739130434782608,0.5739130434782609,0.0,0.6390041493775933,0.0,0.0,0.6390041493775933,0.0,zero_day_buffer_overflow,1
0.1342609455817003,0.0,ssh,0.4,0.19999999999999996,0.6530612244897959,0.3275862068965517,0.032194602476682696,0.0,0.0,0.08213715025589968,0.03138243415368784,0.07600014733076448,0.13458836624726306,0.12567174816557306,0.12714151091705386,0.7304347826086957,0.7304347826086954,0.04482042222614131,0.2987551867219917,0.0,0.0,0.2987551867219917,0.0,evasion_anti_forensics,1
0.0033874845195599915,0.0,ssh,0.0,0.0,0.0,0.0,0.0,0.0,0.0,0.0,0.0,0.0,0.007007985745756994,0.0,0.004291089461251261,0.11304347826086955,0.11304347826086955,0.0,1.0,0.0,0.0,1.0,0.0,reconnaissance,0
0.020288482552633498,0.0,ssh,0.2,0.19999999999999996,0.6530612244897959,0.5892141138732959,0.33838862453769925,0.0,0.0,0.48815169051669927,0.3354665624717021,0.012261257566733765,0.020785539722212205,0.0,0.009099617283610697,0.7391304347826086,0.7391304347826086,0.006997501329037352,0.6887966804979253,0.0,0.0,0.6887966804979253,0.0,zero_day_obfuscated_memory_attack,1
0.01227507831281416,0.0,ssh,0.2,0.19999999999999996,0.6530612244897959,0.9190056134723336,0.8027497958965729,0.0,0.0,0.7481840063649172,0.8019511594394613,0.013440890272453388,0.01150988658889068,0.0,0.011370913376777135,0.3913043478260869,0.39130434782608686,0.00766199116958632,0.6887966804979253,0.0,0.0,0.6887966804979253,0.0,zero_day_obfuscated_memory_attack,1
0.29431048298972823,0.0,ssh,0.1,0.19999999999999996,0.49999999999999994,0.025461106655974338,0.0015392156690717126,0.0,0.0,0.02900665128546718,0.0011250711214888657,0.0,0.29650101491693565,0.0,0.2936234363236252,0.09565217391304345,0.09565217391304348,0.45839135556504185,0.5394190871369295,0.0,0.0,0.5394190871369295,0.0,zero_day_covert_tunnel,1
0.01103664311211481,0.0,ssh,0.0,0.40000000000000013,0.0,0.016639935846030473,0.015620793614497547,0.0,0.0,0.0,0.01582312454873353,0.0,0.00688432399728499,0.0,0.0068633302513517345,0.4260869565217391,0.42608695652173906,0.0,0.6390041493775933,0.0,0.0,0.6390041493775933,0.0,zero_day_buffer_overflow,1
0.056785896408537914,0.0,ssh,0.30000000000000004,0.19999999999999996,0.5408163265306122,0.1954691259021652,0.044847631186943765,0.0,0.0,0.15650801990804955,0.043086401159308556,0.0447193266720973,0.05502831007241732,0.022349563110985318,0.04249004573234366,0.817391304347826,0.817391304347826,0.014462660019384512,0.3402489626556016,0.0,0.0,0.3402489626556016,0.0,botnet_malware_download,1
0.008705470969621912,0.0,ssh,0.0,0.0,0.0,0.0,0.0,0.0,0.0,0.0,0.0,0.0,0.013139973273294364,0.0,0.00858639777339412,0.3913043478260869,0.39130434782608686,0.0,0.0580912863070539,0.0,0.0,0.0580912863070539,0.0,privilege_escalation,1
0.017920885845414146,0.0,ssh,0.2,0.19999999999999996,0.6530612244897959,0.4194065757818765,0.2707475597141883,0.0,0.0,0.544014123714308,0.26611337693748266,0.014441292472285868,0.016131799187920452,0.0,0.008858476648438269,0.7478260869565218,0.7478260869565216,0.007457834422880595,0.6887966804979253,0.0,0.0,0.6887966804979253,0.0,zero_day_obfuscated_memory_attack,1
0.017119545421432215,0.0,ssh,0.2,0.19999999999999996,0.6530612244897959,0.8961507618283882,0.5923153784658656,0.0,0.0,0.5659340530015879,0.5915183783230569,0.005983914637607428,0.01675404992226246,0.0,0.009029525146867822,0.3652173913043478,0.36521739130434777,0.010913273867971024,0.6887966804979253,0.0,0.0,0.6887966804979253,0.0,zero_day_obfuscated_memory_attack,1
0.00626502513294966,0.0,ssh,0.0,0.0,0.0,0.0,0.0,0.0,0.0,0.0,0.0,0.0,0.0064726048347217655,0.0,0.006210740631856558,0.5304347826086956,0.5304347826086957,0.0,0.0,0.0,0.0,0.0,0.0,reconnaissance,0
0.004735193414438697,0.0,ssh,0.0,0.0,0.0,0.0,0.0,0.0,0.0,0.0,0.0,0.0,0.008078601568124412,0.0,0.004205602219500447,0.3739130434782608,0.3739130434782609,0.0,0.0,0.0,0.0,0.0,0.0,reconnaissance,0
0.009943906170321263,0.0,ssh,0.0,0.40000000000000013,0.0,0.009222133119486768,0.009401489819137453,0.0,0.0,0.0,0.009523263105068498,0.0,0.006178707432509083,0.0,0.003579435929273703,0.7043478260869565,0.7043478260869565,0.0,0.6390041493775933,0.0,0.0,0.6390041493775933,0.0,zero_day_buffer_overflow,1
0.007029940992205143,0.0,ssh,0.0,0.0,0.0,0.0,0.0,0.0,0.0,0.0,0.0,0.0,0.008273365171975243,0.0,0.00495677972298877,0.7999999999999999,0.7999999999999998,0.0,0.3402489626556016,0.0,0.0,0.3402489626556016,0.0,botnet_malware_download,1
0.009033292052159976,0.0,ssh,0.0,0.0,0.0,0.0,0.0,0.0,0.0,0.0,0.0,0.0,0.013869971788477384,0.0,0.008096789025184912,0.4956521739130434,0.49565217391304334,0.0,0.6887966804979253,0.0,0.0,0.6887966804979253,0.0,zero_day_obfuscated_memory_attack,1
0.1233700007284913,0.0,ssh,0.1,0.40000000000000013,0.17346938775510204,0.1475541299117883,0.015509813334435789,0.0,0.0,0.02370144709168531,0.015356020647804156,0.0,0.09775906515806147,0.0,0.09883331749413876,0.6260869565217391,0.6260869565217391,0.09527470559039997,1.0,0.0,0.0,1.0,0.0,evasion_anti_forensics,1
0.08352152691775334,0.0,ssh,0.1,0.40000000000000013,0.14285714285714285,0.19426623897353648,0.029597332958201585,0.0,0.0,0.028532589753789153,0.029553715020817717,0.0,0.06598222979214462,0.0,0.07154475371828793,0.5043478260869564,0.5043478260869565,0.014978992040078392,1.0,0.0,0.0,1.0,0.0,evasion_anti_forensics,1
0.007539884898375463,0.0,ssh,0.0,0.0,0.0,0.0,0.0,0.0,0.0,0.0,0.0,0.0,0.010803978024708697,0.0,0.005952724593117736,0.617391304347826,0.6173913043478261,0.0,1.0,0.0,0.0,1.0,0.0,brute_force_only,1
0.009506811393603846,0.0,ssh,0.0,0.0,0.0,0.0,0.0,0.0,0.0,0.0,0.0,0.0,0.015281350917732235,0.0,0.00915475840491317,0.4260869565217391,0.42608695652173906,0.0,0.38174273858921165,0.0,0.0,0.38174273858921165,0.0,brute_force_only,1
0.0031325125664748306,0.0,ssh,0.0,0.0,0.0,0.0,0.0,0.0,0.0,0.0,0.0,0.0,0.005304607210428934,0.0,0.0013395221655465247,0.5565217391304347,0.5565217391304347,0.0,0.5394190871369295,0.0,0.0,0.5394190871369295,0.0,zero_day_covert_tunnel,1
0.06727617104975596,0.0,ssh,0.2,0.19999999999999996,0.14285714285714285,0.2441860465116279,0.045697826154594716,0.0,0.0,0.03515013869694577,0.04576372504305443,0.06070323473243845,0.0665669586028062,0.0,0.052558000317968125,0.417391304347826,0.41739130434782606,0.04864097928800969,0.3402489626556016,0.0,0.0,0.3402489626556016,0.0,botnet_malware_download,1
0.005172288191156114,0.0,ssh,0.0,0.0,0.0,0.0,0.0,0.0,0.0,0.0,0.0,0.0,0.008419364875011845,0.0,0.00451579878242483,0.408695652173913,0.40869565217391296,0.0,0.6887966804979253,0.0,0.0,0.6887966804979253,0.0,zero_day_obfuscated_memory_attack,1
0.011328039629926422,0.0,ssh,0.0,0.0,0.0,0.0,0.0,0.0,0.0,0.0,0.0,0.0,0.016497966443136253,0.0,0.008694237523377614,0.8086956521739129,0.8086956521739128,0.0,0.0580912863070539,0.0,0.0,0.0580912863070539,0.0,privilege_escalation,1
0.07044510818095723,0.0,ssh,0.30000000000000004,0.40000000000000013,0.7244897959183673,0.11848436246992783,0.023492326226130237,0.0,0.0,0.170545733238002,0.021244415386945298,0.06184258168224767,0.05611819785558557,0.1247683392906822,0.03727021695551732,0.6,0.5999999999999999,0.01496347843418465,1.0,0.0,0.0,1.0,0.0,botnet_malware_download,1
0.005427260144241277,0.0,ssh,0.0,0.0,0.0,0.0,0.0,0.0,0.0,0.0,0.0,0.0,0.009879361905377885,0.0,0.0014762277374199047,0.8086956521739129,0.8086956521739128,0.0,1.0,0.0,0.0,1.0,0.0,brute_force_only,1
0.0096160850877832,0.0,ssh,0.0,0.0,0.0,0.0,0.0,0.0,0.0,0.0,0.0,0.0,0.014891969709733612,0.0,0.0072200822039395485,0.7130434782608696,0.7130434782608694,0.0,1.0,0.0,0.0,1.0,0.0,brute_force_only,1
0.4077365775478982,0.0,ssh,0.1,0.6000000000000001,0.3061224489795918,0.37389735364875704,0.011993595141798475,0.0,0.0,0.012852167215594313,0.0119566162162512,0.0,0.27032064016781787,0.0,0.17139807093413056,0.5304347826086956,0.5304347826086957,0.6294885504398079,0.02074688796680496,0.0,0.0,0.02074688796680496,0.0,privilege_escalation,1
0.007649158592554817,0.0,ssh,0.0,0.0,0.0,0.0,0.0,0.0,0.0,0.0,0.0,0.0,0.013237355075219776,0.0,0.0065000649851067165,0.4608695652173913,0.46086956521739125,0.0,0.3402489626556016,0.0,0.0,0.3402489626556016,0.0,botnet_malware_download,1
0.010635972900123842,0.0,ssh,0.0,0.0,0.0,0.0,0.0,0.0,0.0,0.0,0.0,0.0,0.014405352699512609,0.0,0.009702320841685918,0.6260869565217391,0.6260869565217391,0.0,0.3402489626556016,0.0,0.0,0.3402489626556016,0.0,brute_force_only,1
0.2655350768558315,0.0,ssh,0.30000000000000004,0.19999999999999996,0.29591836734693877,0.3891339214113873,0.019076496562193415,0.0,0.0,0.019008388806981757,0.019039133868001407,0.12401772639032721,0.2661708906084085,0.15914992664706165,0.25647068105872134,0.6347826086956521,0.6347826086956521,0.23250137344432847,0.04564315352697096,0.0,0.0,0.04564315352697096,0.0,reconnaissance,0
0.0049537408027974066,0.0,ssh,0.0,0.0,0.0,0.0,0.0,0.0,0.0,0.0,0.0,0.0,0.007056603646868182,0.0,0.004567831276754546,0.408695652173913,0.40869565217391296,0.0,1.0,0.0,0.0,1.0,0.0,evasion_anti_forensics,1
0.22572302760982005,0.0,ssh,0.1,0.19999999999999996,0.49999999999999994,0.059943865276663996,0.003957015117070536,0.0,0.0,0.037713692061820035,0.0034438903453257986,0.0,0.2240940681926653,0.0,0.21271594225296114,0.6434782608695652,0.6434782608695653,0.3419092046895151,0.5394190871369295,0.0,0.0,0.5394190871369295,0.0,zero_day_covert_tunnel,1
0.009069716616886428,0.0,ssh,0.0,0.40000000000000013,0.0,0.005012028869286287,0.0054868225343650484,0.0,0.0,0.0,0.005557890663621897,0.0,0.007165665425036525,0.0,0.0064451459085880115,0.31304347826086953,0.31304347826086953,0.0,0.6390041493775933,0.0,0.0,0.6390041493775933,0.0,zero_day_buffer_overflow,1
0.5481532745683689,0.0,ssh,0.7000000000000001,0.19999999999999996,0.4081632653061224,0.2582197273456295,0.006262778620668689,0.0,0.0,0.012768580300078837,0.006152814798281485,0.17128327726761947,0.5473374107157066,0.16515273765476987,0.5484446206986594,0.5304347826086956,0.5304347826086957,0.13965422998361324,1.0,0.0,0.0,1.0,0.0,reconnaissance,0
0.1305820645443287,0.0,ssh,0.5,0.40000000000000013,0.9387755102040816,0.293504410585405,0.03031614764572801,0.0,0.0,0.12132957632779927,0.028893137675790066,0.04468833130479479,0.1034206416424149,0.09207000724778931,0.0810409429857089,0.1739130434782609,0.17391304347826086,0.06762634563229708,0.3402489626556016,0.0,0.0,0.3402489626556016,0.0,botnet_malware_download,1
0.008341225322357397,0.0,ssh,0.0,0.0,0.0,0.0,0.0,0.0,0.0,0.0,0.0,0.0,0.013626590283515363,0.0,0.005189630686233845,0.7478260869565218,0.7478260869565216,0.0,0.3402489626556016,0.0,0.0,0.3402489626556016,0.0,brute_force_only,1
0.005973628615138048,0.0,ssh,0.0,0.0,0.0,0.0,0.0,0.0,0.0,0.0,0.0,0.0,0.00983059800456366,0.0,0.004896827631371317,0.4521739130434782,0.45217391304347815,0.0,0.6390041493775933,0.0,0.0,0.6390041493775933,0.0,zero_day_buffer_overflow,1
0.5528884679828077,0.0,ssh,0.30000000000000004,0.40000000000000013,0.673469387755102,0.19807538091419408,0.004928247707471532,0.0,0.0,0.020888641769353344,0.004679485335946379,0.4049875245702003,0.4430064609248585,0.20629631328312784,0.4892299398081,0.19130434782608693,0.19130434782608696,0.1843338763287634,0.2987551867219917,0.0,0.0,0.2987551867219917,0.0,privilege_escalation,1
0.004735193414438697,0.0,ssh,0.0,0.0,0.0,0.0,0.0,0.0,0.0,0.0,0.0,0.0,0.00783536606286543,0.0,0.0015182682164800454,0.7826086956521738,0.7826086956521738,0.0,0.6887966804979253,0.0,0.0,0.6887966804979253,0.0,zero_day_obfuscated_memory_attack,1
0.006556421650761273,0.0,ssh,0.0,0.0,0.0,0.0,0.0,0.0,0.0,0.0,0.0,0.0,0.00905198158826945,0.0,0.007245543339144986,0.30434782608695654,0.3043478260869565,0.0,0.3402489626556016,0.0,0.0,0.3402489626556016,0.0,brute_force_only,1
0.0024404458366722513,0.0,ssh,0.0,0.0,0.0,0.0,0.0,0.0,0.0,0.0,0.0,0.0,0.004574608695245914,0.0,0.0021263008493657065,0.28695652173913044,0.28695652173913044,0.0,0.6390041493775933,0.0,0.0,0.6390041493775933,0.0,zero_day_buffer_overflow,1
0.007467035768922561,0.0,ssh,0.0,0.0,0.0,0.0,0.0,0.0,0.0,0.0,0.0,0.0,0.012361356857000154,0.0,0.008563083071098444,0.18260869565217389,0.18260869565217386,0.0,0.6887966804979253,0.0,0.0,0.6887966804979253,0.0,zero_day_obfuscated_memory_attack,1
0.2525679318132148,0.0,ssh,0.5,0.19999999999999996,0.7551020408163265,0.07598235765838011,0.004609401412784172,0.0,0.0,0.05096737822970638,0.003906380918994497,0.11893678819591177,0.25236019469936394,0.058372011343001476,0.24948707654949512,0.5130434782608695,0.5130434782608695,0.057984207033857385,1.0,0.0,0.0,1.0,0.0,evasion_anti_forensics,1
0.15855613025424348,0.0,ssh,0.30000000000000004,0.19999999999999996,0.47959183673469385,0.23636728147554129,0.019744625095717727,0.0,0.0,0.05123545987499139,0.01923364052399988,0.11192451797681975,0.15874868910516637,0.018573440744645477,0.15360998929152023,0.8347826086956521,0.834782608695652,0.08636799265127985,0.2987551867219917,0.0,0.0,0.2987551867219917,0.0,evasion_anti_forensics,1
0.013732060901872222,0.0,ssh,0.0,0.40000000000000013,0.0,0.01343223736968725,0.010549717375118011,0.0,0.0,0.0,0.010686364372268484,0.0,0.00877210015754828,0.0,0.007514883661855993,0.9565217391304347,0.9565217391304348,0.0,0.6390041493775933,0.0,0.0,0.6390041493775933,0.0,zero_day_buffer_overflow,1
0.009543235958330298,0.0,ssh,0.0,0.40000000000000013,0.0,0.011026463512429831,0.01160673695878996,0.0,0.0,0.0,0.011757076264868284,0.0,0.006987691787034905,0.0,0.0016190765483108758,0.3913043478260869,0.39130434782608686,0.0,0.6390041493775933,0.0,0.0,0.6390041493775933,0.0,zero_day_buffer_overflow,1
0.23708749180447292,0.0,ssh,0.30000000000000004,0.19999999999999996,0.14285714285714285,0.5294707297514034,0.028758942885691852,0.0,0.0,0.010264835334681708,0.028977838472674884,0.17587971758534088,0.23578032242282423,0.0591257572913907,0.23319002562988922,0.7999999999999999,0.7999999999999998,0.12216307187390171,1.0,0.0,0.0,1.0,0.0,reconnaissance,0
0.5299774167698695,0.0,ssh,0.4,0.19999999999999996,0.7755102040816326,0.4342421812349639,0.010933879334342008,0.0,0.0,0.02508802426422542,0.010700060752046889,0.25569533707996345,0.5309806259854067,0.2659585638876635,0.5266464842761206,0.5217391304347825,0.5217391304347825,0.2896428283483523,0.02074688796680496,0.0,0.0,0.02074688796680496,0.0,privilege_escalation,1
0.005208712755882567,0.0,ssh,0.0,0.0,0.0,0.0,0.0,0.0,0.0,0.0,0.0,0.0,0.007202603349904788,0.0,0.002657654016923365,0.7304347826086957,0.7304347826086954,0.0,1.0,0.0,0.0,1.0,0.0,reconnaissance,0
0.1501056312377067,0.0,ssh,0.6000000000000001,0.19999999999999996,0.9999999999999999,0.18424218123496391,0.017284071241992948,0.0,0.0,0.11273678106124481,0.015820853108236152,0.05526334223127839,0.15091638903606472,0.034088447168685206,0.14106630938180661,0.13043478260869565,0.13043478260869562,0.03378586540949172,0.3402489626556016,0.0,0.0,0.3402489626556016,0.0,botnet_malware_download,1
0.005317986450061922,0.0,ssh,0.0,0.0,0.0,0.0,0.0,0.0,0.0,0.0,0.0,0.0,0.007932601865087808,0.0,0.0038543273715789185,0.5391304347826086,0.5391304347826087,0.0,0.6887966804979253,0.0,0.0,0.6887966804979253,0.0,zero_day_obfuscated_memory_attack,1
0.026480658556130257,0.0,ssh,0.2,0.19999999999999996,0.6530612244897959,0.5809943865276664,0.26310775255781405,0.0,0.0,0.3848070008296529,0.26075713329112055,0.014959663270275987,0.026037879038954034,0.0,0.012156729866533322,0.5391304347826086,0.5391304347826087,0.014845425083759052,0.6887966804979253,0.0,0.0,0.6887966804979253,0.0,zero_day_obfuscated_memory_attack,1
0.261054855394478,0.0,ssh,0.2,0.40000000000000013,0.520408163265306,0.563953488372093,0.028204519387482436,0.0,0.0,0.03399615645032381,0.02806109502266415,0.31691817584781784,0.20842333606693444,0.0,0.17063031408678755,0.24347826086956517,0.2434782608695652,0.17590301008938028,0.0580912863070539,0.0,0.0,0.0580912863070539,0.0,privilege_escalation,1
0.6888249435419246,0.0,ssh,0.7000000000000001,0.40000000000000013,0.47959183673469385,0.5525260625501203,0.010530059193239343,0.0,0.0,0.011951420129624295,0.010487602942439736,0.21452806305756722,0.5507200778353617,0.23100563227456872,0.3837732484589352,0.4956521739130434,0.49565217391304334,0.17764808890253522,1.0,0.0,0.0,1.0,0.0,reconnaissance,0
0.004006702119909666,0.0,ssh,0.0,0.0,0.0,0.0,0.0,0.0,0.0,0.0,0.0,0.0,0.00783536606286543,0.0,0.0009563468836902776,0.6347826086956521,0.6347826086956521,0.0,0.5394190871369295,0.0,0.0,0.5394190871369295,0.0,zero_day_covert_tunnel,1
0.6514897646973119,0.0,ssh,0.5,0.40000000000000013,0.2040816326530612,0.31094627105052125,0.006238576802412405,0.0,0.0,0.005375936226261391,0.006238935358371819,0.24211739302158627,0.5213509235722215,0.07333181658808356,0.44037964328949575,0.31304347826086953,0.31304347826086953,0.34417840116200943,0.004149377593360981,0.0,0.0,0.004149377593360981,0.0,reconnaissance,0
0.0035331827784657968,0.0,ssh,0.0,0.0,0.0,0.0,0.0,0.0,0.0,0.0,0.0,0.0,0.006910603943831578,0.0,0.004208118727049821,0.14782608695652175,0.14782608695652172,0.0,0.5394190871369295,0.0,0.0,0.5394190871369295,0.0,zero_day_covert_tunnel,1
0.0033146353901070884,0.0,ssh,0.0,0.0,0.0,0.0,0.0,0.0,0.0,0.0,0.0,0.0,0.0032606113679164786,0.0,0.0027706007969335316,0.4869565217391303,0.48695652173913034,0.0,0.0580912863070539,0.0,0.0,0.0580912863070539,0.0,privilege_escalation,1
0.007612734027828366,0.0,ssh,0.0,0.0,0.0,0.0,0.0,0.0,0.0,0.0,0.0,0.0,0.012507356560036759,0.0,0.008518526084488928,0.22608695652173913,0.2260869565217391,0.0,0.04564315352697096,0.0,0.0,0.04564315352697096,0.0,reconnaissance,0
0.004370947767174182,0.0,ssh,0.0,0.0,0.0,0.0,0.0,0.0,0.0,0.0,0.0,0.0,0.008565364578048448,0.0,0.00030797611508669956,0.7739130434782607,0.7739130434782608,0.0,0.2987551867219917,0.0,0.0,0.2987551867219917,0.0,evasion_anti_forensics,1
0.04156042835288118,0.0,ssh,0.2,0.19999999999999996,0.39795918367346933,0.1016439454691259,0.0320011947837799,0.0,0.0,0.15472215679106874,0.030100294050752062,0.057178559953590814,0.042372763813798404,0.0,0.03923346291866914,0.5826086956521739,0.5826086956521739,0.021017245016585716,0.38174273858921165,0.0,0.0,0.38174273858921165,0.0,botnet_malware_download,1
0.004006702119909666,0.0,ssh,0.0,0.0,0.0,0.0,0.0,0.0,0.0,0.0,0.0,0.0,0.006326605131685162,0.0,0.0015810328753585654,0.6260869565217391,0.6260869565217391,0.0,0.0580912863070539,0.0,0.0,0.0580912863070539,0.0,privilege_escalation,1
0.12511837983536098,0.0,ssh,0.1,0.40000000000000013,0.17346938775510204,0.293504410585405,0.03008765337929068,0.0,0.0,0.023377419546990297,0.03012753598304722,0.0,0.10058401341211673,0.0,0.06988866970601566,0.4695652173913043,0.46956521739130436,0.19560217531897184,1.0,0.0,0.0,1.0,0.0,evasion_anti_forensics,1
0.2828731696656224,0.0,ssh,0.2,0.19999999999999996,0.22448979591836732,0.7389735364875701,0.033726949194684316,0.0,0.0,0.013544882462010651,0.03396110797673898,0.44028689048884545,0.28294319049355054,0.0,0.27729759359705736,0.5652173913043478,0.5652173913043477,0.12835513446720684,0.0580912863070539,0.0,0.0,0.0580912863070539,0.0,privilege_escalation,1
0.010089604429227069,0.0,ssh,0.0,0.40000000000000013,0.0,0.011427425821972734,0.011517661713760638,0.0,0.0,0.0,0.011666847242423053,0.0,0.007375904997409238,0.0,0.002786958096004467,0.5826086956521739,0.5826086956521739,0.0,0.6390041493775933,0.0,0.0,0.6390041493775933,0.0,zero_day_buffer_overflow,1
0.17327165440372988,0.0,ssh,0.4,0.19999999999999996,0.5816326530612245,0.3221732157177225,0.024558433082557417,0.0,0.0,0.05694248477888303,0.024024393930656442,0.09900125855990098,0.17430291346787405,0.07159651116406979,0.16582718935416646,0.6434782608695652,0.6434782608695653,0.05495761209964372,0.2987551867219917,0.0,0.0,0.2987551867219917,0.0,evasion_anti_forensics,1
0.009470386828877395,0.0,ssh,0.0,0.0,0.0,0.0,0.0,0.0,0.0,0.0,0.0,0.0,0.01318859117440555,0.0,0.00910102356724123,0.5043478260869564,0.5043478260869565,0.0,0.38174273858921165,0.0,0.0,0.38174273858921165,0.0,brute_force_only,1
0.48878123406425283,0.0,ssh,0.5,0.40000000000000013,0.32653061224489793,0.4941860465116279,0.013198051089560436,0.0,0.0,0.011448691605260458,0.013197674405109801,0.18050476901134152,0.3904938717354649,0.08323174761037189,0.4330540157983383,0.7913043478260868,0.7913043478260868,0.18644511084384902,0.0,0.0,0.0,0.0,0.0,reconnaissance,0
0.12078385663291323,0.0,ssh,0.5,0.19999999999999996,0.6632653061224489,0.2570168404170008,0.028325385821420766,0.0,0.0,0.09252009360044693,0.02730772639805765,0.0458710059961648,0.12051793686651642,0.06175602287670249,0.1153401267194778,0.4608695652173913,0.46086956521739125,0.05819811024671939,0.3402489626556016,0.0,0.0,0.3402489626556016,0.0,botnet_malware_download,1
0.008996867487433525,0.0,ssh,0.0,0.0,0.0,0.0,0.0,0.0,0.0,0.0,0.0,0.0,0.01202059355011272,0.0,0.008950107129206675,0.4782608695652174,0.47826086956521735,0.0,0.6887966804979253,0.0,0.0,0.6887966804979253,0.0,zero_day_obfuscated_memory_attack,1
0.26972390179937344,0.0,ssh,0.1,0.40000000000000013,0.3061224489795918,0.3338011226944667,0.016161222427349218,0.0,0.0,0.01936156615687097,0.01608081066737748,0.0,0.21671013321158905,0.0,0.23563799535600735,0.4695652173913043,0.46956521739130436,0.2171968840374684,0.02074688796680496,0.0,0.0,0.02074688796680496,0.0,privilege_escalation,1
0.008523348145989654,0.0,ssh,0.0,0.0,0.0,0.0,0.0,0.0,0.0,0.0,0.0,0.0,0.012896591768332346,0.0,0.007239030025487781,0.5478260869565217,0.5478260869565217,0.0,0.5394190871369295,0.0,0.0,0.5394190871369295,0.0,zero_day_covert_tunnel,1
0.20004370947767172,0.0,ssh,0.4,0.40000000000000013,0.5918367346938775,0.3917401764234162,0.025774658261124822,0.0,0.0,0.0502929495070454,0.02535588073971372,0.10322731657073177,0.15840748779916983,0.22630347055050007,0.12273347786968457,0.4434782608695652,0.44347826086956516,0.08675121908683339,1.0,0.0,0.0,1.0,0.0,evasion_anti_forensics,1
0.5139141837255045,0.0,ssh,0.30000000000000004,0.40000000000000013,0.3877551020408163,0.18524458700882118,0.004837374979919196,0.0,0.0,0.012934003935766865,0.004706477996839042,0.41504843992177004,0.4100281940026534,0.07120651250982916,0.45717540679344537,0.3391304347826086,0.3391304347826086,0.09324795967246799,0.0580912863070539,0.0,0.0,0.0580912863070539,0.0,privilege_escalation,1
0.8571428571428571,0.0,ssh,0.9,0.40000000000000013,0.6122448979591836,0.41339214113873296,0.006411363376370629,0.0,0.0,0.012270740252362477,0.006310777002254004,0.1991554296812953,0.6872309681722107,0.13949836970001633,0.6602831751930383,0.19130434782608693,0.19130434782608696,0.22668082999290987,1.0,0.0,0.0,1.0,0.0,reconnaissance,0
0.0036060319079187,0.0,ssh,0.0,0.0,0.0,0.0,0.0,0.0,0.0,0.0,0.0,0.0,0.00540198901235435,0.0,0.0030124815813851857,0.3913043478260869,0.39130434782608686,0.0,1.0,0.0,0.0,1.0,0.0,brute_force_only,1
0.009069716616886428,0.0,ssh,0.0,0.0,0.0,0.0,0.0,0.0,0.0,0.0,0.0,0.0,0.01518396911580682,0.0,0.007141700395269321,0.5565217391304347,0.5565217391304347,0.0,1.0,0.0,0.0,1.0,0.0,brute_force_only,1
0.006556421650761273,0.0,ssh,0.0,0.0,0.0,0.0,0.0,0.0,0.0,0.0,0.0,0.0,0.011777358044853739,0.0,0.00257586752156869,0.7913043478260868,0.7913043478260868,0.0,0.6390041493775933,0.0,0.0,0.6390041493775933,0.0,zero_day_buffer_overflow,1
0.7900852334814599,0.0,ssh,0.30000000000000004,0.6000000000000001,0.6224489795918366,0.2227345629510826,0.0038405496621667264,0.0,0.0,0.013530398086758872,0.003687812347397188,0.4747571097781916,0.5255308950701594,0.6210012691174776,0.4119082469505109,0.26956521739130435,0.2695652173913043,0.3344635389314805,0.2987551867219917,0.0,0.0,0.2987551867219917,0.0,privilege_escalation,1
0.004698768849712246,0.0,ssh,0.0,0.0,0.0,0.0,0.0,0.0,0.0,0.0,0.0,0.0,0.007737984260940014,0.0,0.002098619266322586,0.6434782608695652,0.6434782608695653,0.0,0.6887966804979253,0.0,0.0,0.6887966804979253,0.0,zero_day_obfuscated_memory_attack,1
0.008122677933998687,0.0,ssh,0.0,0.0,0.0,0.0,0.0,0.0,0.0,0.0,0.0,0.0,0.013869971788477384,0.0,0.0072245230996149145,0.3999999999999999,0.39999999999999997,0.0,1.0,0.0,0.0,1.0,0.0,brute_force_only,1
0.010490274641218036,0.0,ssh,0.0,0.0,0.0,0.0,0.0,0.0,0.0,0.0,0.0,0.0,0.016497966443136253,0.0,0.009973067448027458,0.4695652173913043,0.46956521739130436,0.0,0.5394190871369295,0.0,0.0,0.5394190871369295,0.0,zero_day_covert_tunnel,1
0.003023238872295476,0.0,ssh,0.0,0.0,0.0,0.0,0.0,0.0,0.0,0.0,0.0,0.0,0.007397366953755617,0.0,0.0032002574535252865,0.29565217391304344,0.29565217391304344,0.0,0.5394190871369295,0.0,0.0,0.5394190871369295,0.0,zero_day_covert_tunnel,1
0.4103591462082028,0.0,ssh,0.5,0.19999999999999996,0.846938775510204,0.5565356856455493,0.01797995376161664,0.0,0.0,0.035331917606355595,0.01768410897455344,0.18611706810463247,0.41006264993257,0.15839029677313454,0.4106367445037254,0.7391304347826086,0.7391304347826086,0.12143093348423246,0.0580912863070539,0.0,0.0,0.0580912863070539,0.0,privilege_escalation,1
0.0038610038610038607,0.0,ssh,0.0,0.0,0.0,0.0,0.0,0.0,0.0,0.0,0.0,0.0,0.006764604240794975,0.0,0.002406669396337208,0.4608695652173913,0.46086956521739125,0.0,0.38174273858921165,0.0,0.0,0.38174273858921165,0.0,brute_force_only,1
0.007649158592554817,0.0,ssh,0.0,0.0,0.0,0.0,0.0,0.0,0.0,0.0,0.0,0.0,0.012263975055074738,0.0,0.007414741464376467,0.417391304347826,0.41739130434782606,0.0,0.5394190871369295,0.0,0.0,0.5394190871369295,0.0,zero_day_covert_tunnel,1
0.01850367888103737,0.0,ssh,0.2,0.19999999999999996,0.6530612244897959,0.6605854049719326,0.41026199748612086,0.0,0.0,0.5291095808771001,0.40765796664524834,0.012549917340206138,0.01923297888012096,0.0,0.010180235231283327,0.7391304347826086,0.7391304347826086,0.007283090088835867,0.6887966804979253,0.0,0.0,0.6887966804979253,0.0,zero_day_obfuscated_memory_attack,1
0.009943906170321263,0.0,ssh,0.0,0.0,0.0,0.0,0.0,0.0,0.0,0.0,0.0,0.0,0.016692584047284048,0.0,0.008528592114686427,0.4869565217391303,0.48695652173913034,0.0,1.0,0.0,0.0,1.0,0.0,brute_force_only,1
0.059299191374663066,0.0,ssh,0.2,0.19999999999999996,0.336734693877551,0.1339214113873296,0.029343545544833288,0.0,0.0,0.0935024360003353,0.028324368072090114,0.08524046649918754,0.058771888457978885,0.0,0.04615126815697204,0.5739130434782608,0.5739130434782609,0.01778597429308996,0.2987551867219917,0.0,0.0,0.2987551867219917,0.0,evasion_anti_forensics,1
0.5985648721497778,0.0,ssh,0.5,0.19999999999999996,0.846938775510204,0.37790697674418605,0.008502926879309706,0.0,0.0,0.024273700617257685,0.008249810471772583,0.2887678872867034,0.6002025891879336,0.2729637544152072,0.592410820153495,0.5826086956521739,0.5826086956521739,0.12126460917420442,0.2987551867219917,0.0,0.0,0.2987551867219917,0.0,privilege_escalation,1
0.0018576528010490275,0.0,ssh,0.0,0.0,0.0,0.0,0.0,0.0,0.0,0.0,0.0,0.0,0.0049153720021333485,0.0,0.0017712512401201173,0.21739130434782608,0.21739130434782605,0.0,1.0,0.0,0.0,1.0,0.0,botnet_malware_download,1
0.7304217964595323,0.0,ssh,0.4,0.40000000000000013,0.6938775510204082,0.43103448275862066,0.007859656387819922,0.0,0.0,0.01631043251008369,0.007717374884458077,0.4047719546681654,0.5857655545528621,0.7829851356953924,0.3990195094468213,0.18260869565217389,0.18260869565217386,0.29127804314950884,0.2987551867219917,0.0,0.0,0.2987551867219917,0.0,privilege_escalation,1
0.019377868434472208,0.0,ssh,0.2,0.19999999999999996,0.6530612244897959,0.4697273456295108,0.28238176534439147,0.0,0.0,0.50822371527967,0.2784338752119416,0.01186604607966977,0.019629514073568374,0.0,0.009589152016891981,0.7652173913043477,0.7652173913043478,0.010753870125627911,0.6887966804979253,0.0,0.0,0.6887966804979253,0.0,zero_day_obfuscated_memory_attack,1
0.5256428935674219,0.0,ssh,0.4,0.19999999999999996,0.5408163265306122,0.4574979951884523,0.01148083472064033,0.0,0.0,0.01763913253318023,0.011365574754632653,0.24242553794638674,0.5283059114257762,0.33930260093647957,0.5198717498934925,0.27826086956521734,0.27826086956521734,0.30786260689249323,0.2987551867219917,0.0,0.0,0.2987551867219917,0.0,privilege_escalation,1
0.10584978509506812,0.0,ssh,0.2,0.19999999999999996,0.26530612244897955,0.27485966319166,0.03341587772519571,0.0,0.0,0.04209630190362712,0.03321874161381798,0.0580786588427892,0.10588701462581226,0.0,0.09178939081865543,0.4782608695652174,0.47826086956521735,0.11041783042740619,1.0,0.0,0.0,1.0,0.0,evasion_anti_forensics,1
0.37888832228454866,0.0,ssh,0.4,0.19999999999999996,0.18367346938775508,0.30914194065757816,0.010619655137570967,0.0,0.0,0.0082941757301136,0.010633086222614153,0.24076083185317437,0.3808085434354227,0.22319253350971027,0.38093677437615037,0.3826086956521738,0.38260869565217387,0.0873104586271739,0.004149377593360981,0.0,0.0,0.004149377593360981,0.0,reconnaissance,0
0.01926859474029285,0.0,ssh,0.2,0.19999999999999996,0.6530612244897959,0.9673215717722534,0.5764064027525792,0.0,0.0,0.5107438155187889,0.5762292572426333,0.014418765335307391,0.020348416611320613,0.0,0.011080996904103593,0.6956521739130435,0.6956521739130435,0.011021753766432456,0.6887966804979253,0.0,0.0,0.6887966804979253,0.0,zero_day_obfuscated_memory_attack,1
0.006046477744590951,0.0,ssh,0.0,0.0,0.0,0.0,0.0,0.0,0.0,0.0,0.0,0.0,0.010511978618635492,0.0,0.002955638116740489,0.7217391304347825,0.7217391304347824,0.0,0.38174273858921165,0.0,0.0,0.38174273858921165,0.0,brute_force_only,1
0.6615793691265389,0.0,ssh,0.7000000000000001,0.6000000000000001,0.4693877551020408,0.3626704089815557,0.007254489672671158,0.0,0.0,0.012176833219480107,0.0071662331040693635,0.19396958408985598,0.439518382019611,0.12565982944461174,0.419051131584627,0.26086956521739124,0.2608695652173913,0.1184291949222872,0.0,0.0,0.0,0.0,0.0,reconnaissance,0
0.7395643622058716,0.0,ssh,1.0,0.19999999999999996,0.6428571428571428,0.3594627105052125,0.006495880719288025,0.0,0.0,0.014925002017251011,0.006356667325559022,0.15483049233797808,0.7416158575533458,0.15579397691207966,0.7382795881335714,0.4434782608695652,0.44347826086956516,0.1818557940549786,0.0,0.0,0.0,0.0,0.0,reconnaissance,0
0.4822248124134916,0.0,ssh,0.5,0.19999999999999996,0.2040816326530612,0.45028067361668,0.012138998638749366,0.0,0.0,0.007252145633875187,0.012187705256880363,0.20647469380359035,0.4835485344622809,0.16037981795436126,0.47971798536103144,0.5826086956521739,0.5826086956521739,0.17621132137974435,1.0,0.0,0.0,1.0,0.0,reconnaissance,0
0.002367596707219348,0.0,ssh,0.0,0.0,0.0,0.0,0.0,0.0,0.0,0.0,0.0,0.0,0.0020926137436236463,0.0,0.0028687445913591417,0.3217391304347825,0.3217391304347826,0.0,0.3402489626556016,0.0,0.0,0.3402489626556016,0.0,brute_force_only,1
0.002367596707219348,0.0,ssh,0.0,0.0,0.0,0.0,0.0,0.0,0.0,0.0,0.0,0.0,0.00442860899220931,0.0,0.00035971254970472476,0.591304347826087,0.5913043478260869,0.0,0.38174273858921165,0.0,0.0,0.38174273858921165,0.0,brute_force_only,1
0.0063378742624025635,0.0,ssh,0.0,0.0,0.0,0.0,0.0,0.0,0.0,0.0,0.0,0.0,0.009246599192417243,0.0,0.003082055613632602,0.8086956521739129,0.8086956521739128,0.0,0.2987551867219917,0.0,0.0,0.2987551867219917,0.0,privilege_escalation,1
0.0077948568514606235,0.0,ssh,0.0,0.0,0.0,0.0,0.0,0.0,0.0,0.0,0.0,0.0,0.010219979212562283,0.0,0.009447413429919853,0.23478260869565218,0.23478260869565215,0.0,0.38174273858921165,0.0,0.0,0.38174273858921165,0.0,brute_force_only,1
0.08683616230786041,0.0,ssh,0.2,0.19999999999999996,0.2755102040816326,0.19987971130713714,0.0296912870843648,0.0,0.0,0.052991630022706064,0.029282854547288992,0.13742770351130648,0.08902434092449057,0.0,0.085528690110451,0.5217391304347825,0.5217391304347825,0.03786000360561576,0.05394190871369292,0.0,0.0,0.05394190871369292,0.0,evasion_anti_forensics,1
0.5061921760034968,0.0,ssh,0.5,0.19999999999999996,0.3877551020408163,0.15597433841218925,0.004165473159669988,0.0,0.0,0.013130206868864923,0.004022937878592402,0.20238141435560716,0.5058539310931042,0.16741714376753486,0.49852969345681386,0.8956521739130433,0.8956521739130434,0.21642293388470266,0.0,0.0,0.0,0.0,0.0,reconnaissance,0
0.011000218547388358,0.0,ssh,0.0,0.0,0.0,0.0,0.0,0.0,0.0,0.0,0.0,0.0,0.017860581671576878,0.0,0.008765883973606867,0.6347826086956521,0.6347826086956521,0.0,1.0,0.0,0.0,1.0,0.0,brute_force_only,1
0.08304800757630945,0.0,ssh,0.4,0.19999999999999996,0.5918367346938775,0.09222133119486768,0.01568262130699548,0.0,0.0,0.11885878331609993,0.01410703996350103,0.04723274676176517,0.08152316818187592,0.018133202418504614,0.076621067549872,0.3652173913043478,0.36521739130434777,0.025434528027088024,0.05394190871369292,0.0,0.0,0.05394190871369292,0.0,evasion_anti_forensics,1
0.006702119909667079,0.0,ssh,0.0,0.0,0.0,0.0,0.0,0.0,0.0,0.0,0.0,0.0,0.009295363093231469,0.0,0.00803424641109016,0.21739130434782608,0.21739130434782605,0.0,1.0,0.0,0.0,1.0,0.0,brute_force_only,1
0.006702119909667079,0.0,ssh,0.0,0.0,0.0,0.0,0.0,0.0,0.0,0.0,0.0,0.0,0.007348603052941391,0.0,0.007346573715759584,0.4260869565217391,0.42608695652173906,0.0,0.3402489626556016,0.0,0.0,0.3402489626556016,0.0,brute_force_only,1
0.08592554818969914,0.0,ssh,0.4,0.19999999999999996,0.5918367346938775,0.29370489174017644,0.04461337356384534,0.0,0.0,0.11500255981156791,0.04347023847707471,0.05473025480000671,0.0848040735085145,0.010174514214055401,0.07638799454184314,0.5130434782608695,0.5130434782608695,0.009996471663908628,1.0,0.0,0.0,1.0,0.0,botnet_malware_download,1
0.013367815254607706,0.0,ssh,0.0,0.40000000000000013,0.0,0.0052125100240577385,0.004186329663230665,0.0,0.0,0.0,0.004240558135071523,0.0,0.009140311408606596,0.0,0.0031799773632744436,0.8608695652173912,0.8608695652173912,0.0,0.6390041493775933,0.0,0.0,0.6390041493775933,0.0,zero_day_buffer_overflow,1
0.006155751438770306,0.0,ssh,0.0,0.40000000000000013,0.0,0.0024057738572574178,0.003493649800959482,0.0,0.0,0.0,0.003538901585438463,0.0,0.002907730085677006,0.0,0.0030219554921593022,0.30434782608695654,0.3043478260869565,0.0,0.6390041493775933,0.0,0.0,0.6390041493775933,0.0,zero_day_buffer_overflow,1
0.012129380053908354,0.0,ssh,0.2,0.19999999999999996,0.6530612244897959,0.5613472333600642,0.49947509943894436,0.0,0.0,0.7555012109842982,0.4946386928024854,0.011278202906691284,0.011148975322984193,0.0,0.006500657104530098,0.26086956521739124,0.2608695652173913,0.007859169677209728,0.6887966804979253,0.0,0.0,0.6887966804979253,0.0,zero_day_obfuscated_memory_attack,1
0.3467618561958184,0.0,ssh,0.1,0.19999999999999996,0.49999999999999994,0.09041700080192462,0.0037165804310160516,0.0,0.0,0.02465385511605334,0.0033957809646442197,0.0,0.34640677940861064,0.0,0.33876380859502786,0.3217391304347825,0.3217391304347826,0.5340727229400325,0.5394190871369295,0.0,0.0,0.5394190871369295,0.0,zero_day_covert_tunnel,1
0.013076418736796094,0.0,ssh,0.2,0.19999999999999996,0.6530612244897959,0.6128708901363272,0.5117627184977315,0.0,0.0,0.7103448434024787,0.5077612380713034,0.01095262822627243,0.01098019966627388,0.0,0.00593392480142535,0.3217391304347825,0.3217391304347826,0.007474905156503448,0.6887966804979253,0.0,0.0,0.6887966804979253,0.0,zero_day_obfuscated_memory_attack,1
0.7130108545202885,0.0,ssh,0.8,0.40000000000000013,0.5408163265306122,0.5342822774659182,0.009865725345041394,0.0,0.0,0.013021755109167227,0.009798642977503335,0.19024019189832075,0.5710943363941198,0.2091773246182841,0.4365645438297159,0.4521739130434782,0.45217391304347815,0.1842995041759282,0.04564315352697096,0.0,0.0,0.04564315352697096,0.0,reconnaissance,0
0.010235302688132875,0.0,ssh,0.0,0.40000000000000013,0.0,0.005012028869286287,0.00499500421117344,0.0,0.0,0.0,0.005059704605747333,0.0,0.006339891104661493,0.0,0.002984948028197911,0.6347826086956521,0.6347826086956521,0.0,0.6390041493775933,0.0,0.0,0.6390041493775933,0.0,zero_day_buffer_overflow,1
0.011109492241567712,0.0,ssh,0.0,0.40000000000000013,0.0,0.005012028869286287,0.004680359175240266,0.0,0.0,0.0,0.004740983119782267,0.0,0.008934305827621947,0.0,0.0030001210884220814,0.7217391304347825,0.7217391304347824,0.0,0.6390041493775933,0.0,0.0,0.6390041493775933,0.0,zero_day_buffer_overflow,1
0.8334668900706635,0.0,ssh,0.8,0.19999999999999996,0.49999999999999994,0.148757016840417,0.002457572315254069,0.0,0.0,0.010304848421314747,0.002335195271192163,0.23445586440570948,0.8330398495969459,0.18433765404569669,0.8372813636036625,0.3913043478260869,0.39130434782608686,0.16142633592043376,1.0,0.0,0.0,1.0,0.0,reconnaissance,0
0.01318569243097545,0.0,ssh,0.2,0.19999999999999996,0.6530612244897959,0.7917000801924619,0.6535204572555875,0.0,0.0,0.7054794814038425,0.6514279456747768,0.010171742288237513,0.012307482966579646,0.0,0.005040268561685669,0.417391304347826,0.41739130434782606,0.007120745105226654,0.6887966804979253,0.0,0.0,0.6887966804979253,0.0,zero_day_obfuscated_memory_attack,1
0.48273475631966195,0.0,ssh,0.1,0.19999999999999996,0.49999999999999994,0.08039294306335204,0.0024081272801368954,0.0,0.0,0.017749153433530205,0.002173702625508217,0.0,0.4842624730101299,0.0,0.4882852132680936,0.3565217391304347,0.3565217391304347,0.7616367327123355,0.5394190871369295,0.0,0.0,0.5394190871369295,0.0,zero_day_covert_tunnel,1
0.11550229474757776,0.0,ssh,0.30000000000000004,0.19999999999999996,0.47959183673469385,0.3678829190056135,0.04134294684049578,0.0,0.0,0.06988662777732614,0.04083261016101894,0.09546836219821447,0.11586843032361274,0.07014333242610242,0.10664685139016318,0.3826086956521738,0.38260869565217387,0.035762091183323644,0.05394190871369292,0.0,0.0,0.05394190871369292,0.0,evasion_anti_forensics,1
0.2592336271581554,0.0,ssh,0.30000000000000004,0.19999999999999996,0.22448979591836732,0.5553327987169207,0.027686594770504207,0.0,0.0,0.01476694127231597,0.027824224872443064,0.1513826071428454,0.2598197575266132,0.24159609476318555,0.2511156270085801,0.5130434782608695,0.5130434782608695,0.18551723573149073,0.004149377593360981,0.0,0.0,0.004149377593360981,0.0,reconnaissance,0
0.2620747432068186,0.0,ssh,0.1,0.40000000000000013,0.3061224489795918,0.1744186046511628,0.008829020167026356,0.0,0.0,0.0199207233931532,0.008645267810786941,0.0,0.2099801309004138,0.0,0.22907820032406695,0.7130434782608696,0.7130434782608694,0.16300607083731602,0.0580912863070539,0.0,0.0,0.0580912863070539,0.0,privilege_escalation,1
0.010271727252859327,0.0,ssh,0.0,0.0,0.0,0.0,0.0,0.0,0.0,0.0,0.0,0.0,0.013285972976330966,0.0,0.008853073558699907,0.7565217391304346,0.7565217391304346,0.0,0.6887966804979253,0.0,0.0,0.6887966804979253,0.0,zero_day_obfuscated_memory_attack,1
0.07842208785605012,0.0,ssh,0.2,0.40000000000000013,0.4693877551020408,0.2943063352044908,0.04844845944977148,0.0,0.0,0.09963831911480671,0.04758492087598693,0.0809218334655912,0.061622094660659474,0.0,0.041777578036158954,0.5130434782608695,0.5130434782608695,0.059925599283675114,0.38174273858921165,0.0,0.0,0.38174273858921165,0.0,botnet_malware_download,1
0.07051795731041015,0.0,ssh,0.30000000000000004,0.19999999999999996,0.7346938775510203,0.18323977546110665,0.03495530024741491,0.0,0.0,0.17277584421426762,0.03282249401220513,0.0563370809500335,0.06909830145405485,0.07503513759635305,0.05776842919894828,0.8869565217391303,0.8869565217391304,0.019414556883548414,0.38174273858921165,0.0,0.0,0.38174273858921165,0.0,botnet_malware_download,1
0.4843374371676258,0.0,ssh,0.1,0.19999999999999996,0.49999999999999994,0.05252606255012029,0.001658805319789331,0.0,0.0,0.017690733120014696,0.001415551783234282,0.0,0.4858178078465788,0.0,0.48557567478669633,0.3826086956521738,0.38260869565217387,0.7609225301272496,0.5394190871369295,0.0,0.0,0.5394190871369295,0.0,zero_day_covert_tunnel,1
0.015444015444015443,0.0,ssh,0.2,0.19999999999999996,0.6530612244897959,0.535084202085004,0.389882518682156,0.0,0.0,0.6180000107425783,0.3856842743534848,0.0041168753907307246,0.014083861353426009,0.0,0.005877747471131958,0.408695652173913,0.40869565217391296,0.012098594098209084,0.6887966804979253,0.0,0.0,0.6887966804979253,0.0,zero_day_obfuscated_memory_attack,1
0.010381000947038681,0.0,ssh,0.0,0.0,0.0,0.0,0.0,0.0,0.0,0.0,0.0,0.0,0.013869971788477384,0.0,0.010573772603048762,0.4782608695652174,0.47826086956521735,0.0,0.38174273858921165,0.0,0.0,0.38174273858921165,0.0,brute_force_only,1
0.20226560792598525,0.0,ssh,0.6000000000000001,0.19999999999999996,0.9999999999999999,0.19987971130713714,0.013875445217518852,0.0,0.0,0.08405687314083235,0.012797267764335755,0.0794038826260525,0.20216038680577325,0.045929168399155854,0.19021947498547087,0.13043478260869565,0.13043478260869562,0.029277634605329828,0.38174273858921165,0.0,0.0,0.38174273858921165,0.0,botnet_malware_download,1
0.0077220077220077205,0.0,ssh,0.0,0.40000000000000013,0.0,0.01483560545308741,0.018327502713734973,0.0,0.0,0.0,0.018564899540540514,0.0,0.005864078072465202,0.0,0.003303360248121723,0.4782608695652174,0.47826086956521735,0.0,0.6390041493775933,0.0,0.0,0.6390041493775933,0.0,zero_day_buffer_overflow,1
0.004152400378815473,0.0,ssh,0.0,0.0,0.0,0.0,0.0,0.0,0.0,0.0,0.0,0.0,0.004769372299096745,0.0,0.0034000237439888773,0.5130434782608695,0.5130434782608695,0.0,0.38174273858921165,0.0,0.0,0.38174273858921165,0.0,brute_force_only,1
0.018795075398848983,0.0,ssh,0.2,0.19999999999999996,0.6530612244897959,0.5054129911788292,0.3114605031961023,0.0,0.0,0.5219594897371864,0.307683708523658,0.011603942018766914,0.016966479490180722,0.0,0.008310248077314217,0.5739130434782608,0.5739130434782609,0.011170776657248159,0.6887966804979253,0.0,0.0,0.6887966804979253,0.0,zero_day_obfuscated_memory_attack,1
0.11277045239309391,0.0,ssh,0.5,0.19999999999999996,0.673469387755102,0.22955092221331194,0.027231724699174537,0.0,0.0,0.1004591003790742,0.026081086211624534,0.04647175705420029,0.1117049567921179,0.0546171616305293,0.09751096679187031,0.7304347826086957,0.7304347826086954,0.03157226416406636,1.0,0.0,0.0,1.0,0.0,botnet_malware_download,1
0.0021854738835870914,0.0,ssh,0.0,0.0,0.0,0.0,0.0,0.0,0.0,0.0,0.0,0.0,0.005985987824500766,0.0,0.0018485968397994256,0.4260869565217391,0.42608695652173906,0.0,0.38174273858921165,0.0,0.0,0.38174273858921165,0.0,brute_force_only,1
0.5321628906534567,0.0,ssh,0.2,0.6000000000000001,0.17346938775510204,0.20429029671210905,0.005031767008489354,0.0,0.0,0.005588856542462545,0.0050133039985930045,0.3833002222787137,0.3531639376645508,0.0,0.2698876631029959,0.6347826086956521,0.6347826086956521,0.30192637461794136,0.0580912863070539,0.0,0.0,0.0580912863070539,0.0,privilege_escalation,1
0.6793545567130472,0.0,ssh,0.30000000000000004,0.6000000000000001,0.5918367346938775,0.23496391339214112,0.004684909944485037,0.0,0.0,0.014953367252119078,0.0045218148517673605,0.43343403676099895,0.4520232565846961,0.03625116697856501,0.3478614274755847,0.19130434782608693,0.19130434782608696,0.14360593180311124,0.2987551867219917,0.0,0.0,0.2987551867219917,0.0,privilege_escalation,1
0.014387703066948346,0.0,ssh,0.0,0.40000000000000013,0.0,0.016840417000801924,0.012721033465715067,0.0,0.0,0.0,0.012885810592185121,0.0,0.01092690977466552,0.0,0.0075228032591437306,0.3652173913043478,0.36521739130434777,0.0,0.6390041493775933,0.0,0.0,0.6390041493775933,0.0,zero_day_buffer_overflow,1
0.004698768849712246,0.0,ssh,0.0,0.0,0.0,0.0,0.0,0.0,0.0,0.0,0.0,0.0,0.007689366359828826,0.0,0.0019522917538192443,0.6608695652173913,0.6608695652173913,0.0,0.6887966804979253,0.0,0.0,0.6887966804979253,0.0,zero_day_obfuscated_memory_attack,1
0.007212063815837401,0.0,ssh,0.0,0.0,0.0,0.0,0.0,0.0,0.0,0.0,0.0,0.0,0.011387976836855114,0.0,0.0061590782121664555,0.4782608695652174,0.47826086956521735,0.0,1.0,0.0,0.0,1.0,0.0,brute_force_only,1
0.3803088803088802,0.0,ssh,0.4,0.19999999999999996,0.7448979591836734,0.7578187650360866,0.026131915045440858,0.0,0.0,0.03351268007473213,0.025968884276312255,0.23050860026894446,0.3807243016067705,0.33357829573756365,0.3747482382226706,0.4260869565217391,0.42608695652173906,0.10719515274211923,0.2987551867219917,0.0,0.0,0.2987551867219917,0.0,privilege_escalation,1
0.4559262766809936,0.0,ssh,0.7000000000000001,0.40000000000000013,0.4591836734693877,0.1467522052927025,0.004401043230324888,0.0,0.0,0.01725288252646612,0.004199863675456921,0.14528983874845147,0.3631100214342164,0.16644991693104097,0.2581416420715061,0.29565217391304344,0.29565217391304344,0.0963250747507817,0.0,0.0,0.0,0.0,0.0,reconnaissance,0
0.43698550302323885,0.0,ssh,0.1,0.19999999999999996,0.49999999999999994,0.08680834001603849,0.002847711617153798,0.0,0.0,0.019595609520314302,0.0025913496351309263,0.0,0.43684483545760466,0.0,0.4360752311412184,0.4521739130434782,0.45217391304347815,0.6846388426780797,0.5394190871369295,0.0,0.0,0.5394190871369295,0.0,zero_day_covert_tunnel,1
0.00743061120419611,0.0,ssh,0.0,0.0,0.0,0.0,0.0,0.0,0.0,0.0,0.0,0.0,0.012117975352038136,0.0,0.00607011226880327,0.4956521739130434,0.49565217391304334,0.0,0.38174273858921165,0.0,0.0,0.38174273858921165,0.0,brute_force_only,1
0.14795658191884606,0.0,ssh,0.1,0.6000000000000001,0.17346938775510204,0.13853247794707296,0.012204128848739977,0.0,0.0,0.019835205227604152,0.012065378025577597,0.0,0.0977958570832267,0.0,0.07007096847348948,0.26956521739130435,0.2695652173913043,0.08969586296537789,1.0,0.0,0.0,1.0,0.0,evasion_anti_forensics,1
0.008814744663801267,0.0,ssh,0.0,0.0,0.0,0.0,0.0,0.0,0.0,0.0,0.0,0.0,0.012555974461147949,0.0,0.005475846412511247,0.8782608695652173,0.8782608695652174,0.0,0.5394190871369295,0.0,0.0,0.5394190871369295,0.0,zero_day_covert_tunnel,1
0.005536533838420631,0.0,ssh,0.0,0.0,0.0,0.0,0.0,0.0,0.0,0.0,0.0,0.0,0.009197981291306055,0.0,0.0015989444879158789,0.8347826086956521,0.834782608695652,0.0,0.6390041493775933,0.0,0.0,0.6390041493775933,0.0,zero_day_buffer_overflow,1
0.008304800757630945,0.0,ssh,0.0,0.0,0.0,0.0,0.0,0.0,0.0,0.0,0.0,0.0,0.013918589689588574,0.0,0.008955214159233347,0.26086956521739124,0.2608695652173913,0.0,0.6390041493775933,0.0,0.0,0.6390041493775933,0.0,zero_day_buffer_overflow,1
0.05139506082902309,0.0,ssh,0.30000000000000004,0.19999999999999996,0.2755102040816326,0.1433440256615878,0.03559238654308147,0.0,0.0,0.08766601734419444,0.034741489131697764,0.03440740639645722,0.05072409282719519,0.046280544362686374,0.042223295932109946,0.5739130434782608,0.5739130434782609,0.02068690325242459,0.38174273858921165,0.0,0.0,0.38174273858921165,0.0,botnet_malware_download,1
0.3030159539593501,0.0,ssh,0.1,0.40000000000000013,0.21428571428571427,0.2532076984763432,0.010909591921679864,0.0,0.0,0.012077494545878323,0.010870162292689476,0.0,0.24288145597911856,0.0,0.1804464698876187,0.31304347826086953,0.31304347826086953,0.468688352880669,0.2987551867219917,0.0,0.0,0.2987551867219917,0.0,privilege_escalation,1
0.12431703941137903,0.0,ssh,0.4,0.19999999999999996,0.5918367346938775,0.10665597433841219,0.012061885211938668,0.0,0.0,0.08026118225454007,0.011017017468734873,0.0791196625073131,0.12338026104454905,0.016003673983453797,0.11262747961110779,0.7739130434782607,0.7739130434782608,0.0157596320749396,1.0,0.0,0.0,1.0,0.0,botnet_malware_download,1
0.009543235958330298,0.0,ssh,0.0,0.40000000000000013,0.0,0.0014033680834001604,0.0014772239206292206,0.0,0.0,0.0,0.001496355456561974,0.0,0.006003507788865159,0.0,0.003125650406179121,0.6260869565217391,0.6260869565217391,0.0,0.6390041493775933,0.0,0.0,0.6390041493775933,0.0,zero_day_buffer_overflow,1
0.0996211845268449,0.0,ssh,0.2,0.19999999999999996,0.3469387755102041,0.20589414595028066,0.02692270036255936,0.0,0.0,0.05839780238230554,0.02639751006553182,0.12933676162375604,0.09994745470687713,0.0,0.09810064372263112,0.1391304347826087,0.13913043478260867,0.06540836136067127,1.0,0.0,0.0,1.0,0.0,evasion_anti_forensics,1
0.012930720477890288,0.0,ssh,0.2,0.19999999999999996,0.6530612244897959,0.4663191659983961,0.3955348593988485,0.0,0.0,0.7169373464467624,0.3899292389928055,0.009611523633597597,0.01464961020269285,0.0,0.009647919869662673,0.26956521739130435,0.2695652173913043,0.009714919901926328,0.6887966804979253,0.0,0.0,0.6887966804979253,0.0,zero_day_obfuscated_memory_attack,1
0.008559772710716106,0.0,ssh,0.0,0.0,0.0,0.0,0.0,0.0,0.0,0.0,0.0,0.0,0.013869971788477384,0.0,0.009372732367645766,0.22608695652173913,0.2260869565217391,0.0,0.5394190871369295,0.0,0.0,0.5394190871369295,0.0,zero_day_covert_tunnel,1
0.00550010927369418,0.0,ssh,0.0,0.0,0.0,0.0,0.0,0.0,0.0,0.0,0.0,0.0,0.005937369923389578,0.0,0.0025827509098655084,0.9565217391304347,0.9565217391304348,0.0,0.38174273858921165,0.0,0.0,0.38174273858921165,0.0,brute_force_only,1
0.24120346761856196,0.0,ssh,0.2,0.19999999999999996,0.36734693877551017,0.615477145148356,0.03307656723464119,0.0,0.0,0.02594990494326983,0.03311666497449618,0.13685983878462643,0.24046705889000225,0.0,0.23169410992164188,0.4434782608695652,0.44347826086956516,0.2739686652843217,0.02074688796680496,0.0,0.0,0.02074688796680496,0.0,privilege_escalation,1
0.3451227507831281,0.0,ssh,0.1,0.19999999999999996,0.49999999999999994,0.07076984763432237,0.0030022095197270783,0.0,0.0,0.02476997152432177,0.0026704174402137058,0.0,0.34614660793779944,0.0,0.34455325625714794,0.817391304347826,0.817391304347826,0.538563652324982,0.5394190871369295,0.0,0.0,0.5394190871369295,0.0,zero_day_covert_tunnel,1
0.14766518540103446,0.0,ssh,0.2,0.6000000000000001,0.3469387755102041,0.1297113071371291,0.011761455980245038,0.0,0.0,0.039747298347169835,0.01131898809708371,0.14802450163231307,0.09688671693241777,0.0,0.10349751620704876,0.6434782608695652,0.6434782608695653,0.09866474567086772,1.0,0.0,0.0,1.0,0.0,evasion_anti_forensics,1
0.005317986450061922,0.0,ssh,0.0,0.0,0.0,0.0,0.0,0.0,0.0,0.0,0.0,0.0,0.005207371408206556,0.0,0.0030187728502586225,0.9217391304347825,0.9217391304347824,0.0,1.0,0.0,0.0,1.0,0.0,brute_force_only,1
0.8349967217891746,0.0,ssh,0.8,0.6000000000000001,0.6020408163265306,0.49759422614274257,0.007880270373897337,0.0,0.0,0.01238516681685153,0.007796995421781172,0.2076496402070918,0.5561924387045797,0.19963842523220382,0.40840970933745685,0.3652173913043478,0.36521739130434777,0.3000998637916937,1.0,0.0,0.0,1.0,0.0,reconnaissance,0
0.01580826109127996,0.0,ssh,0.2,0.19999999999999996,0.6530612244897959,0.7123095429029671,0.5058741300880043,0.0,0.0,0.6058823824069398,0.5033596433849619,0.009188358764881477,0.014952267587087729,0.0,0.009802685083949212,0.6782608695652174,0.6782608695652173,0.01054769488001408,0.6887966804979253,0.0,0.0,0.6887966804979253,0.0,zero_day_obfuscated_memory_attack,1
0.40351132803962986,0.0,ssh,0.4,0.40000000000000013,0.3571428571428571,0.18123496391339214,0.006004804214280517,0.0,0.0,0.01515011334928908,0.005855866627430023,0.24754717297585455,0.32295002911964077,0.3908089763961047,0.21730597800809248,0.4260869565217391,0.42608695652173906,0.11085157700705978,0.004149377593360981,0.0,0.0,0.004149377593360981,0.0,reconnaissance,0
0.012238653748087708,0.0,ssh,0.0,0.40000000000000013,0.0,0.015036086607858861,0.012984585774218307,0.0,0.0,0.0,0.013152775748471233,0.0,0.009650434371016491,0.0,0.007150138097052518,0.3565217391304347,0.3565217391304347,0.0,0.6390041493775933,0.0,0.0,0.6390041493775933,0.0,zero_day_buffer_overflow,1
0.12522765352954032,0.0,ssh,0.5,0.19999999999999996,0.6632653061224489,0.05753809141940658,0.007145042959047685,0.0,0.0,0.0893079419821107,0.005901107580668396,0.05855065991356814,0.12506743361284003,0.059503082875242065,0.11962892171796344,0.3826086956521738,0.38260869565217387,0.02600270663402158,1.0,0.0,0.0,1.0,0.0,botnet_malware_download,1
0.6072339185546732,0.0,ssh,0.7000000000000001,0.19999999999999996,0.36734693877551017,0.11908580593424217,0.0026832918963681706,0.0,0.0,0.01037871873509882,0.0025627294848640015,0.2172935568770745,0.607140641075936,0.15560780347326617,0.6053205038817869,0.14782608695652175,0.14782608695652172,0.03542356008073534,0.004149377593360981,0.0,0.0,0.004149377593360981,0.0,reconnaissance,0
0.0034603336490128945,0.0,ssh,0.0,0.0,0.0,0.0,0.0,0.0,0.0,0.0,0.0,0.0,0.007494602755977995,0.0,0.0018248380479362121,0.5565217391304347,0.5565217391304347,0.0,0.2987551867219917,0.0,0.0,0.2987551867219917,0.0,privilege_escalation,1
0.008377649887083848,0.0,ssh,0.0,0.40000000000000013,0.0,0.014033680834001604,0.016317018511744674,0.0,0.0,0.0,0.016528368438985103,0.0,0.005163571497295577,0.0,0.003970456793489765,0.29565217391304344,0.29565217391304344,0.0,0.6390041493775933,0.0,0.0,0.6390041493775933,0.0,zero_day_buffer_overflow,1
0.07128287316966563,0.0,ssh,0.30000000000000004,0.19999999999999996,0.7346938775510203,0.24679230152365678,0.04571630741339284,0.0,0.0,0.1709911277769942,0.04374959495090515,0.06213321463560136,0.0724808225740069,0.09236420352468261,0.06389249835020724,0.27826086956521734,0.27826086956521734,0.015012787478939846,0.3402489626556016,0.0,0.0,0.3402489626556016,0.0,botnet_malware_download,1
0.01059954833539739,0.0,ssh,0.0,0.0,0.0,0.0,0.0,0.0,0.0,0.0,0.0,0.0,0.01567058612602782,0.0,0.01012020912473795,0.4956521739130434,0.49565217391304334,0.0,0.38174273858921165,0.0,0.0,0.38174273858921165,0.0,brute_force_only,1
0.5217090405769651,0.0,ssh,0.2,0.6000000000000001,0.37755102040816324,0.21010425020048115,0.0053747937228315334,0.0,0.0,0.012406470918784355,0.005258747820639772,0.30019958714499617,0.3459579763214762,0.0,0.20827845126427857,0.826086956521739,0.826086956521739,0.6024422221988973,0.0580912863070539,0.0,0.0,0.0580912863070539,0.0,privilege_escalation,1
0.12672106068332484,0.0,ssh,0.5,0.19999999999999996,0.7551020408163265,0.3251804330392943,0.0340290903144951,0.0,0.0,0.10050104471574081,0.03296587474228893,0.058197460714810724,0.1286035464203866,0.0600428953258699,0.11968665336174321,0.3739130434782608,0.3739130434782609,0.027275168345692505,0.2987551867219917,0.0,0.0,0.2987551867219917,0.0,evasion_anti_forensics,1
0.12395279376411453,0.0,ssh,0.30000000000000004,0.19999999999999996,0.4081632653061224,0.1934643143544507,0.02060514845500885,0.0,0.0,0.05551166991026145,0.02004131689753189,0.0868590495126739,0.12491705391871233,0.13214979931287818,0.12208081423526147,0.1217391304347826,0.12173913043478263,0.07280656355866663,1.0,0.0,0.0,1.0,0.0,evasion_anti_forensics,1
0.10941939243826036,0.0,ssh,0.30000000000000004,0.19999999999999996,0.520408163265306,0.06375300721732158,0.008545545760559721,0.0,0.0,0.07994620744437743,0.007459844108862057,0.06181084637248967,0.11085553051985093,0.04609225874547466,0.09892139525836685,0.4782608695652174,0.47826086956521735,0.07165798000855612,0.38174273858921165,0.0,0.0,0.38174273858921165,0.0,botnet_malware_download,1
0.008377649887083848,0.0,ssh,0.0,0.0,0.0,0.0,0.0,0.0,0.0,0.0,0.0,0.0,0.01056059651974668,0.0,0.010170021171229983,0.25217391304347825,0.25217391304347825,0.0,1.0,0.0,0.0,1.0,0.0,reconnaissance,0
0.8203904713338676,0.0,ssh,0.9,0.19999999999999996,0.5612244897959183,0.4454691259021652,0.007186841560574897,0.0,0.0,0.011750389071442309,0.00710408595016683,0.2031373888976403,0.8231219437699664,0.15890280177447125,0.8254957445857339,0.3391304347826086,0.3391304347826086,0.15248784604136031,1.0,0.0,0.0,1.0,0.0,reconnaissance,0
0.009943906170321263,0.0,ssh,0.0,0.0,0.0,0.0,0.0,0.0,0.0,0.0,0.0,0.0,0.013675354184329589,0.0,0.009577013568712645,0.5217391304347825,0.5217391304347825,0.0,0.6390041493775933,0.0,0.0,0.6390041493775933,0.0,zero_day_buffer_overflow,1
0.15633423180592992,0.0,ssh,0.30000000000000004,0.19999999999999996,0.44897959183673464,0.37870890136327184,0.031565547789432456,0.0,0.0,0.04863497135322509,0.03124659478668677,0.1148851921729216,0.15569335331971937,0.11003981758020394,0.14862885865724487,0.3999999999999999,0.39999999999999997,0.07484934212506873,0.05394190871369292,0.0,0.0,0.05394190871369292,0.0,evasion_anti_forensics,1
0.008013404239819333,0.0,ssh,0.0,0.0,0.0,0.0,0.0,0.0,0.0,0.0,0.0,0.0,0.00983059800456366,0.0,0.005152919281984145,0.9217391304347825,0.9217391304347824,0.0,0.0,0.0,0.0,0.0,0.0,reconnaissance,0
0.32676477016099653,0.0,ssh,0.4,0.19999999999999996,0.5408163265306122,0.4843624699278268,0.019466172227728083,0.0,0.0,0.028284605179165985,0.019295040766852185,0.14565709685386335,0.3265095018796732,0.06227048918655182,0.31430520558830466,0.6782608695652174,0.6782608695652173,0.1939808593245826,0.2987551867219917,0.0,0.0,0.2987551867219917,0.0,privilege_escalation,1
0.20936839804764332,0.0,ssh,0.1,0.19999999999999996,0.49999999999999994,0.030072173215717722,0.002437229378128538,0.0,0.0,0.040621249338924054,0.0018609013353524126,0.0,0.2086121136829608,0.0,0.19963750448900539,0.408695652173913,0.40869565217391296,0.3187735162331719,0.5394190871369295,0.0,0.0,0.5394190871369295,0.0,zero_day_covert_tunnel,1
0.0239673635900051,0.0,ssh,0.2,0.19999999999999996,0.6530612244897959,0.6579791499599038,0.3251576766648208,0.0,0.0,0.42098094345064524,0.3230694403356936,0.01087394767850454,0.02468431579210168,0.0,0.013382121013222914,0.7217391304347825,0.7217391304347824,0.012285391754305082,0.6887966804979253,0.0,0.0,0.6887966804979253,0.0,zero_day_obfuscated_memory_attack,1
0.024404458366722517,0.0,ssh,0.2,0.19999999999999996,0.6530612244897959,0.48957497995188454,0.2396107899680332,0.0,0.0,0.4142091359110572,0.23651581995401522,0.013597758073018839,0.02470723774547843,0.0,0.009251643945564093,0.9130434782608695,0.9130434782608694,0.009430542241472679,0.6887966804979253,0.0,0.0,0.6887966804979253,0.0,zero_day_obfuscated_memory_attack,1
0.020907700152983173,0.0,ssh,0.2,0.19999999999999996,0.6530612244897959,0.5629510825982358,0.31516298908162044,0.0,0.0,0.47538461900570916,0.31213114747228443,0.013640181440467355,0.02158649409307102,0.0,0.01194445505325078,0.26956521739130435,0.2695652173913043,0.008160733414080978,0.6887966804979253,0.0,0.0,0.6887966804979253,0.0,zero_day_obfuscated_memory_attack,1
0.007357762074743207,0.0,ssh,0.0,0.0,0.0,0.0,0.0,0.0,0.0,0.0,0.0,0.0,0.011047359529670717,0.0,0.0026480320762934033,0.9999999999999999,1.0,0.0,0.3402489626556016,0.0,0.0,0.3402489626556016,0.0,brute_force_only,1
0.3915276462446273,0.0,ssh,0.1,0.19999999999999996,0.49999999999999994,0.08620689655172414,0.0031562509188024506,0.0,0.0,0.021854809950210562,0.002870079317826106,0.0,0.391028814647391,0.0,0.389076936149098,0.9304347826086955,0.9304347826086956,0.610113671477653,0.5394190871369295,0.0,0.0,0.5394190871369295,0.0,zero_day_covert_tunnel,1
0.003096088001748379,0.0,ssh,0.0,0.0,0.0,0.0,0.0,0.0,0.0,0.0,0.0,0.0,0.007105367547682409,0.0,0.0006360842905683961,0.6869565217391304,0.6869565217391302,0.0,0.38174273858921165,0.0,0.0,0.38174273858921165,0.0,brute_force_only,1
0.15567858964085377,0.0,ssh,0.6000000000000001,0.19999999999999996,0.9999999999999999,0.08079390537289495,0.00821509429101148,0.0,0.0,0.10877156263294316,0.006693744579583193,0.04929241769455636,0.15586519497019344,0.04739879195465213,0.14471480123883226,0.7391304347826086,0.7391304347826086,0.05816419946506319,0.3402489626556016,0.0,0.0,0.3402489626556016,0.0,botnet_malware_download,1
0.35798062213156545,0.0,ssh,0.1,0.19999999999999996,0.49999999999999994,0.09141940657578188,0.003637013297904097,0.0,0.0,0.023887148852725828,0.003326653308314565,0.0,0.35779650824190223,0.0,0.3514370146286064,0.27826086956521734,0.27826086956521734,0.5555292509904197,0.5394190871369295,0.0,0.0,0.5394190871369295,0.0,zero_day_covert_tunnel,1
0.0044802214613535365,0.0,ssh,0.0,0.0,0.0,0.0,0.0,0.0,0.0,0.0,0.0,0.0,0.007153985448793598,0.0,0.0020393333090564366,0.6521739130434782,0.6521739130434783,0.0,0.38174273858921165,0.0,0.0,0.38174273858921165,0.0,brute_force_only,1
0.008632621840169009,0.0,ssh,0.0,0.0,0.0,0.0,0.0,0.0,0.0,0.0,0.0,0.0,0.013237355075219776,0.0,0.009167637002371734,0.34782608695652173,0.34782608695652173,0.0,0.2987551867219917,0.0,0.0,0.2987551867219917,0.0,evasion_anti_forensics,1
0.07525315072484884,0.0,ssh,0.1,0.6000000000000001,0.1020408163265306,0.11607858861267041,0.019613722717692572,0.0,0.0,0.022540283009001013,0.01953045954336382,0.0,0.04828779578262338,0.0,0.03346399928708821,0.26086956521739124,0.2608695652173913,0.033023564878995604,0.05394190871369292,0.0,0.0,0.05394190871369292,0.0,evasion_anti_forensics,1
0.31707583594376043,0.0,ssh,0.5,0.19999999999999996,0.336734693877551,0.5854049719326383,0.02398742566821306,0.0,0.0,0.018144637229467325,0.024026595828045148,0.14303786499305934,0.31760731598671926,0.07876569725724583,0.3145746199259436,0.826086956521739,0.826086956521739,0.09414567264399942,0.004149377593360981,0.0,0.0,0.004149377593360981,0.0,reconnaissance,0
0.001821228236322576,0.0,ssh,0.0,0.0,0.0,0.0,0.0,0.0,0.0,0.0,0.0,0.0,0.0037959922789517053,0.0,0.0017070802976110646,0.3217391304347825,0.3217391304347826,0.0,0.6887966804979253,0.0,0.0,0.6887966804979253,0.0,zero_day_obfuscated_memory_attack,1
0.013841334596051578,0.0,ssh,0.2,0.19999999999999996,0.6530612244897959,0.5050120288692863,0.4040393840404009,0.0,0.0,0.6776315801385177,0.39913212783413154,0.0042833624432176386,0.013336488873581633,0.0,0.0031067765995588118,0.9130434782608695,0.9130434782608694,0.008840102475152567,0.6887966804979253,0.0,0.0,0.6887966804979253,0.0,zero_day_obfuscated_memory_attack,1
0.014679099584759958,0.0,ssh,0.0,0.40000000000000013,0.0,0.019446672012830794,0.014444426897591244,0.0,0.0,0.0,0.014631525057496098,0.0,0.011378486856157735,0.0,0.007563289424717492,0.7999999999999999,0.7999999999999998,0.0,0.6390041493775933,0.0,0.0,0.6390041493775933,0.0,zero_day_buffer_overflow,1
0.49205944488963355,0.0,ssh,0.4,0.40000000000000013,0.7448979591836734,0.5996391339214113,0.016087675434115926,0.0,0.0,0.025944292247859765,0.015907800057215194,0.24855670113263817,0.39262210940662945,0.22905533726359445,0.3967493975925016,0.5826086956521739,0.5826086956521739,0.25163904994908187,0.0580912863070539,0.0,0.0,0.0580912863070539,0.0,privilege_escalation,1
0.008341225322357397,0.0,ssh,0.0,0.0,0.0,0.0,0.0,0.0,0.0,0.0,0.0,0.0,0.009343980994342659,0.0,0.009301159932344436,0.4347826086956521,0.43478260869565216,0.0,0.3402489626556016,0.0,0.0,0.3402489626556016,0.0,brute_force_only,1
0.15677132658264734,0.0,ssh,0.4,0.19999999999999996,0.5816326530612245,0.3678829190056135,0.03081138261228677,0.0,0.0,0.0628317714046929,0.030270202315741988,0.05276768076054246,0.15665724335916703,0.032963561301753645,0.14116104848954777,0.6956521739130435,0.6956521739130435,0.11975638679006653,1.0,0.0,0.0,1.0,0.0,evasion_anti_forensics,1
0.010672397464850294,0.0,ssh,0.0,0.0,0.0,0.0,0.0,0.0,0.0,0.0,0.0,0.0,0.013675354184329589,0.0,0.009559620060650793,0.7043478260869565,0.7043478260869565,0.0,1.0,0.0,0.0,1.0,0.0,brute_force_only,1
0.007649158592554817,0.0,ssh,0.0,0.0,0.0,0.0,0.0,0.0,0.0,0.0,0.0,0.0,0.01275059206529574,0.0,0.009008652937193596,0.13043478260869565,0.13043478260869562,0.0,0.3402489626556016,0.0,0.0,0.3402489626556016,0.0,brute_force_only,1
0.33048007576309457,0.0,ssh,0.1,0.19999999999999996,0.49999999999999994,0.07417802726543704,0.003266667702358978,0.0,0.0,0.025858351621365877,0.0029220081505408452,0.0,0.3325642555643042,0.0,0.33275098388043683,0.5565217391304347,0.5565217391304347,0.5195251706237127,0.5394190871369295,0.0,0.0,0.5394190871369295,0.0,zero_day_covert_tunnel,1
0.0786770598091353,0.0,ssh,0.2,0.40000000000000013,0.19387755102040816,0.10244587008821171,0.01690706354852523,0.0,0.0,0.041026087627211286,0.016512106189444056,0.14448749447920714,0.060342261263840596,0.0,0.04378338258286637,0.6869565217391304,0.6869565217391302,0.019325800602989062,1.0,0.0,0.0,1.0,0.0,botnet_malware_download,1
0.3166023166023166,0.0,ssh,0.1,0.40000000000000013,0.1020408163265306,0.7742582197273457,0.03149915506195544,0.0,0.0,0.0055065370097816,0.03182475632268581,0.0,0.2523490987219332,0.0,0.17402900556207382,0.4347826086956521,0.43478260869565216,0.48479205251234486,0.0580912863070539,0.0,0.0,0.0580912863070539,0.0,privilege_escalation,1
0.00914256574633933,0.0,ssh,0.0,0.0,0.0,0.0,0.0,0.0,0.0,0.0,0.0,0.0,0.010657978321672095,0.0,0.008220764029455572,0.7043478260869565,0.7043478260869565,0.0,0.6887966804979253,0.0,0.0,0.6887966804979253,0.0,zero_day_obfuscated_memory_attack,1
0.014533401325854152,0.0,ssh,0.0,0.40000000000000013,0.0,0.010625501202886928,0.007958774709803223,0.0,0.0,0.0,0.008061867059549225,0.0,0.009986379687703717,0.0,0.008285157016748394,0.3652173913043478,0.36521739130434777,0.0,0.6390041493775933,0.0,0.0,0.6390041493775933,0.0,zero_day_buffer_overflow,1
0.17228819115611568,0.0,ssh,0.5,0.19999999999999996,0.7551020408163265,0.27465918203688855,0.02143125573027799,0.0,0.0,0.07434069387037534,0.020596344963590665,0.08658453086168437,0.17103033012430854,0.06893486464255605,0.15962222188668787,0.5652173913043478,0.5652173913043477,0.017487467140279562,1.0,0.0,0.0,1.0,0.0,evasion_anti_forensics,1
0.0096160850877832,0.0,ssh,0.0,0.0,0.0,0.0,0.0,0.0,0.0,0.0,0.0,0.0,0.014794587907808196,0.0,0.00784913507635528,0.6347826086956521,0.6347826086956521,0.0,1.0,0.0,0.0,1.0,0.0,evasion_anti_forensics,1
0.16944707510745244,0.0,ssh,0.5,0.19999999999999996,0.7551020408163265,0.13773055332798717,0.011480777657703091,0.0,0.0,0.07556709799325619,0.010498629589371129,0.053225047413868236,0.16888530248729478,0.07894809894891969,0.15614670291621777,0.4956521739130434,0.49565217391304334,0.10279793937790326,0.2987551867219917,0.0,0.0,0.2987551867219917,0.0,evasion_anti_forensics,1
0.13542653165294674,0.0,ssh,0.30000000000000004,0.6000000000000001,0.7346938775510203,0.22794707297514033,0.02272966580420317,0.0,0.0,0.09162495920988699,0.021652921541985927,0.09950417278215404,0.08860561377618159,0.10149892248727714,0.06370146582123855,0.7304347826086957,0.7304347826086954,0.04372472334742322,0.3402489626556016,0.0,0.0,0.3402489626556016,0.0,botnet_malware_download,1
0.0035331827784657968,0.0,ssh,0.0,0.0,0.0,0.0,0.0,0.0,0.0,0.0,0.0,0.0,0.007445984854866807,0.0,0.0037769077569716875,0.19999999999999998,0.2,0.0,0.04564315352697096,0.0,0.0,0.04564315352697096,0.0,reconnaissance,0
0.02560646900269542,0.0,ssh,0.2,0.19999999999999996,0.6530612244897959,0.43945469125902165,0.20656929504119226,0.0,0.0,0.3966624016216706,0.2033089295697028,0.01540790396665063,0.026089854933235068,0.0,0.013668114694716548,0.9739130434782609,0.9739130434782608,0.009883897096233609,0.6887966804979253,0.0,0.0,0.6887966804979253,0.0,zero_day_obfuscated_memory_attack,1
0.0144241276316748,0.0,ssh,0.2,0.19999999999999996,0.6530612244897959,0.5976343223736968,0.4601606044928019,0.0,0.0,0.6546610508329752,0.4563240299769779,0.00617629967603675,0.015252004977421877,0.0,0.008091978054869931,0.7652173913043477,0.7652173913043478,0.0064443172854211665,0.6887966804979253,0.0,0.0,0.6887966804979253,0.0,zero_day_obfuscated_memory_attack,1
0.008960442922707073,0.0,ssh,0.0,0.0,0.0,0.0,0.0,0.0,0.0,0.0,0.0,0.0,0.013675354184329589,0.0,0.008608602251770955,0.4260869565217391,0.42608695652173906,0.0,0.3402489626556016,0.0,0.0,0.3402489626556016,0.0,brute_force_only,1
0.0008377649887083851,0.0,ssh,0.0,0.0,0.0,0.0,0.0,0.0,0.0,0.0,0.0,0.0,0.001751996436439249,0.0,0.0011425684423439994,0.23478260869565218,0.23478260869565215,0.0,1.0,0.0,0.0,1.0,0.0,brute_force_only,1
0.011328039629926422,0.0,ssh,0.0,0.40000000000000013,0.0,0.010224538893344026,0.009399899189761928,0.0,0.0,0.0,0.009521658194625622,0.0,0.008679098346713963,0.0,0.006980347852397655,0.5217391304347825,0.5217391304347825,0.0,0.6390041493775933,0.0,0.0,0.6390041493775933,0.0,zero_day_buffer_overflow,1
0.00987105704086836,0.0,ssh,0.0,0.0,0.0,0.0,0.0,0.0,0.0,0.0,0.0,0.0,0.01192335774789034,0.0,0.010177422664022261,0.5304347826086956,0.5304347826086957,0.0,0.004149377593360981,0.0,0.0,0.004149377593360981,0.0,reconnaissance,0
0.46069789466015876,0.0,ssh,0.1,0.19999999999999996,0.49999999999999994,0.06856455493183641,0.0021918801466043864,0.0,0.0,0.01859304934663699,0.0019420292421347995,0.0,0.4616370450302504,0.0,0.46371640203369335,0.28695652173913044,0.28695652173913044,0.7269258180889567,0.5394190871369295,0.0,0.0,0.5394190871369295,0.0,zero_day_covert_tunnel,1
0.009215414875792234,0.0,ssh,0.0,0.0,0.0,0.0,0.0,0.0,0.0,0.0,0.0,0.0,0.013042591471368948,0.0,0.006727734903397196,0.7739130434782607,0.7739130434782608,0.0,0.004149377593360981,0.0,0.0,0.004149377593360981,0.0,reconnaissance,0
0.08665403948422816,0.0,ssh,0.2,0.19999999999999996,0.26530612244897955,0.29671210906174816,0.04375600293183665,0.0,0.0,0.0511329225685215,0.04355756384894377,0.11591157457452488,0.08539873029898258,0.0,0.07840097853655908,0.4347826086956521,0.43478260869565216,0.04878140914061659,0.05394190871369292,0.0,0.0,0.05394190871369292,0.0,evasion_anti_forensics,1
0.19712974429955563,0.0,ssh,0.4,0.19999999999999996,0.6530612244897959,0.17582197273456296,0.012230370667002539,0.0,0.0,0.056304689455296354,0.011546194464671831,0.09940148521249667,0.1971333250308169,0.04721684287263504,0.19598708824385375,0.5565217391304347,0.5565217391304347,0.09768571602903824,1.0,0.0,0.0,1.0,0.0,evasion_anti_forensics,1
0.003824579296277409,0.0,ssh,0.0,0.0,0.0,0.0,0.0,0.0,0.0,0.0,0.0,0.0,0.006764604240794975,0.0,0.0008090571771239397,0.7826086956521738,0.7826086956521738,0.0,1.0,0.0,0.0,1.0,0.0,brute_force_only,1
0.014496976761127702,0.0,ssh,0.2,0.19999999999999996,0.6530612244897959,0.5890136327185245,0.451748250760624,0.0,0.0,0.6518987597693338,0.4478440534912912,0.006031106523102484,0.014424770660016477,0.0,0.005107696161023324,0.4608695652173913,0.46086956521739125,0.011352268544785703,0.6887966804979253,0.0,0.0,0.6887966804979253,0.0,zero_day_obfuscated_memory_attack,1
0.7604720623588548,0.0,ssh,0.7000000000000001,0.19999999999999996,0.4591836734693877,0.4987971130713713,0.00862248086569155,0.0,0.0,0.010368700375549673,0.008579002259799705,0.23238756081093748,0.7615043751001012,0.2003969990169318,0.7647445137914975,0.817391304347826,0.817391304347826,0.21804661440638426,1.0,0.0,0.0,1.0,0.0,reconnaissance,0
0.010162453558679972,0.0,ssh,0.0,0.40000000000000013,0.0,0.003408179631114675,0.0034157374930274442,0.0,0.0,0.0,0.003459982801302827,0.0,0.005772974257770361,0.0,0.005177714282838277,0.5391304347826086,0.5391304347826087,0.0,0.6390041493775933,0.0,0.0,0.6390041493775933,0.0,zero_day_buffer_overflow,1
0.2026298535732498,0.0,ssh,0.2,0.19999999999999996,0.14285714285714285,0.2714514835605453,0.017304064668627894,0.0,0.0,0.011986846497427603,0.017348819971894993,0.18992925163535507,0.20195350522657038,0.0,0.19217213681392972,0.27826086956521734,0.27826086956521734,0.1766966838600481,0.004149377593360981,0.0,0.0,0.004149377593360981,0.0,reconnaissance,0
0.3612224083922197,0.0,ssh,0.1,0.19999999999999996,0.49999999999999994,0.07698476343223737,0.003090692736782551,0.0,0.0,0.02367440959121532,0.002776442683056187,0.0,0.36127495116674935,0.0,0.3567522486475252,0.27826086956521734,0.27826086956521734,0.564543175057259,0.5394190871369295,0.0,0.0,0.5394190871369295,0.0,zero_day_covert_tunnel,1
0.5728855540176295,0.0,ssh,0.8,0.19999999999999996,0.5714285714285714,0.3356054530874098,0.007808064359689149,0.0,0.0,0.017108038773948328,0.007653177563585746,0.17368175962920004,0.5756398911484614,0.17931821295224,0.5697805338963204,0.3652173913043478,0.36521739130434777,0.04016328387395847,1.0,0.0,0.0,1.0,0.0,reconnaissance,0
0.19986158665403947,0.0,ssh,0.4,0.40000000000000013,0.6122448979591836,0.25681635926222934,0.01719427557738099,0.0,0.0,0.05207398449894231,0.016637705559483202,0.13562306607817673,0.16080115293045497,0.15094637661830582,0.12229138670520179,0.617391304347826,0.6173913043478261,0.022901600254400068,0.05394190871369292,0.0,0.0,0.05394190871369292,0.0,evasion_anti_forensics,1
0.2405478254534858,0.0,ssh,0.30000000000000004,0.19999999999999996,0.061224489795918366,0.2495990376904571,0.013358105495647317,0.0,0.0,0.004336621950382686,0.013466237246580748,0.23767436743963796,0.24183084211606717,0.13775129642492684,0.23907769110136284,0.7999999999999999,0.7999999999999998,0.04237682744798645,0.0,0.0,0.0,0.0,0.0,reconnaissance,0
0.011145916806294164,0.0,ssh,0.0,0.0,0.0,0.0,0.0,0.0,0.0,0.0,0.0,0.0,0.013042591471368948,0.0,0.01017927303722033,0.7739130434782607,0.7739130434782608,0.0,0.05394190871369292,0.0,0.0,0.05394190871369292,0.0,evasion_anti_forensics,1
0.016573176950535444,0.0,ssh,0.2,0.19999999999999996,0.6530612244897959,0.5034081796311146,0.3458970442810818,0.0,0.0,0.581920940779485,0.3416689822790802,0.007299367891825018,0.01644920254232203,0.0,0.008743161390734574,0.7217391304347825,0.7217391304347824,0.010546945151848211,0.6887966804979253,0.0,0.0,0.6887966804979253,0.0,zero_day_obfuscated_memory_attack,1
0.00888759379325417,0.0,ssh,0.0,0.0,0.0,0.0,0.0,0.0,0.0,0.0,0.0,0.0,0.013139973273294364,0.0,0.007385505567846967,0.617391304347826,0.6173913043478261,0.0,0.2987551867219917,0.0,0.0,0.2987551867219917,0.0,privilege_escalation,1
0.15607925985284474,0.0,ssh,0.4,0.19999999999999996,0.5816326530612245,0.33400160384923816,0.028181451695103766,0.0,0.0,0.06310552609695153,0.027602109602303727,0.09456291928017084,0.15435190804821905,0.11699220364779243,0.14843930642683462,0.3999999999999999,0.39999999999999997,0.03744551927268524,0.2987551867219917,0.0,0.0,0.2987551867219917,0.0,evasion_anti_forensics,1
0.5076855831572813,0.0,ssh,0.5,0.19999999999999996,0.32653061224489793,0.45048115477145145,0.011599689686041003,0.0,0.0,0.011024661519764622,0.011584954361445328,0.20091550613543843,0.5080753165748061,0.09265930502088944,0.5050454496066402,0.3739130434782608,0.3739130434782609,0.23085127942264932,0.04564315352697096,0.0,0.0,0.04564315352697096,0.0,reconnaissance,0
0.010308151817585778,0.0,ssh,0.0,0.0,0.0,0.0,0.0,0.0,0.0,0.0,0.0,0.0,0.01547596852188003,0.0,0.0074488623461488705,0.7999999999999999,0.7999999999999998,0.0,1.0,0.0,0.0,1.0,0.0,brute_force_only,1
0.009798207911415457,0.0,ssh,0.0,0.0,0.0,0.0,0.0,0.0,0.0,0.0,0.0,0.0,0.012701974164184551,0.0,0.00967982030359739,0.5304347826086956,0.5304347826086957,0.0,0.5394190871369295,0.0,0.0,0.5394190871369295,0.0,zero_day_covert_tunnel,1
0.00648357252130837,0.0,ssh,0.0,0.40000000000000013,0.0,0.01623897353648757,0.02274654216789146,0.0,0.0,0.0,0.02304117720348972,0.0,0.0025282768574848725,0.0,0.0017803550762546195,0.7391304347826086,0.7391304347826086,0.0,0.6390041493775933,0.0,0.0,0.6390041493775933,0.0,zero_day_buffer_overflow,1
0.5667662271435856,0.0,ssh,0.30000000000000004,0.40000000000000013,0.4387755102040816,0.5902165196471532,0.0136261657761924,0.0,0.0,0.013277645738615325,0.013603965115402891,0.5113519505047559,0.45287063886112056,0.2578099304972611,0.34903530423244,0.4608695652173913,0.46086956521739125,0.17578495673895467,0.02074688796680496,0.0,0.0,0.02074688796680496,0.0,privilege_escalation,1
0.11921760034967582,0.0,ssh,0.30000000000000004,0.40000000000000013,0.2040816326530612,0.05573376102646351,0.006346953585962655,0.0,0.0,0.02883326124339067,0.005997675863889401,0.041695346288136224,0.0949224369277633,0.02029909049598173,0.0958556969438052,0.7999999999999999,0.7999999999999998,0.061989658595708395,0.3402489626556016,0.0,0.0,0.3402489626556016,0.0,botnet_malware_download,1
0.12897938369636483,0.0,ssh,0.2,0.19999999999999996,0.336734693877551,0.326383319967923,0.03275557394694023,0.0,0.0,0.04404982166414728,0.032520652535343815,0.14643888716601056,0.1266491943955386,0.0,0.11931761493112022,0.7391304347826086,0.7391304347826086,0.0901228043201413,0.05394190871369292,0.0,0.0,0.05394190871369292,0.0,evasion_anti_forensics,1
0.006629270780214176,0.0,ssh,0.0,0.0,0.0,0.0,0.0,0.0,0.0,0.0,0.0,0.0,0.009149363390194865,0.0,0.005966713414495142,0.5304347826086956,0.5304347826086957,0.0,1.0,0.0,0.0,1.0,0.0,evasion_anti_forensics,1
0.009907481605594811,0.0,ssh,0.0,0.0,0.0,0.0,0.0,0.0,0.0,0.0,0.0,0.0,0.01542735062076884,0.0,0.010183491888111929,0.33043478260869563,0.33043478260869563,0.0,1.0,0.0,0.0,1.0,0.0,reconnaissance,0
0.5829751584468565,0.0,ssh,0.6000000000000001,0.19999999999999996,0.4693877551020408,0.4420609462710505,0.009984508981770519,0.0,0.0,0.013810912154134996,0.009907153709112725,0.22236158718643295,0.5828059945726071,0.1956983073002317,0.5846956520966801,0.8782608695652173,0.8782608695652174,0.13588990253418498,1.0,0.0,0.0,1.0,0.0,reconnaissance,0
0.04844467108618051,0.0,ssh,0.2,0.19999999999999996,0.39795918367346933,0.1577786688051323,0.041904324884181145,0.0,0.0,0.13392380096078482,0.04044294476948357,0.025153521616350035,0.04983787462976301,0.0,0.03833625396238916,0.043478260869565216,0.043478260869565216,0.048529212119897906,0.3402489626556016,0.0,0.0,0.3402489626556016,0.0,botnet_malware_download,1
0.00502658993225031,0.0,ssh,0.0,0.0,0.0,0.0,0.0,0.0,0.0,0.0,0.0,0.0,0.008078601568124412,0.0,0.003315276651517291,0.5304347826086956,0.5304347826086957,0.0,0.5394190871369295,0.0,0.0,0.5394190871369295,0.0,zero_day_covert_tunnel,1
0.0056822320973264374,0.0,ssh,0.0,0.0,0.0,0.0,0.0,0.0,0.0,0.0,0.0,0.0,0.00905198158826945,0.0,0.004501069811768196,0.4695652173913043,0.46956521739130436,0.0,0.5394190871369295,0.0,0.0,0.5394190871369295,0.0,zero_day_covert_tunnel,1
0.1246448604939171,0.0,ssh,0.30000000000000004,0.19999999999999996,0.47959183673469385,0.3317963111467522,0.03470594947741691,0.0,0.0,0.06487189565890598,0.03418468274900307,0.08005092119547076,0.12296372389178561,0.140926654906862,0.10767647305249702,0.8347826086956521,0.834782608695652,0.06721820515307776,1.0,0.0,0.0,1.0,0.0,evasion_anti_forensics,1
0.37386173235229836,0.0,ssh,0.1,0.19999999999999996,0.49999999999999994,0.06355252606255012,0.002524785322453885,0.0,0.0,0.022879881257091686,0.002215093419366745,0.0,0.37450763425147193,0.0,0.3726250460002777,0.26086956521739124,0.2608695652173913,0.5860280197637572,0.5394190871369295,0.0,0.0,0.5394190871369295,0.0,zero_day_covert_tunnel,1
0.5395206527281999,0.0,ssh,0.6000000000000001,0.40000000000000013,0.32653061224489793,0.3199679230152366,0.007799775968055255,0.0,0.0,0.010377511703827839,0.007745507329807076,0.21092651647917623,0.43255770017763784,0.17371897888847515,0.4575874478971914,0.3652173913043478,0.36521739130434777,0.11269221732566427,0.004149377593360981,0.0,0.0,0.004149377593360981,0.0,reconnaissance,0
0.036788810373716035,0.0,ssh,0.2,0.19999999999999996,0.4693877551020408,0.04671210906174819,0.018324770825614678,0.0,0.0,0.2045062219142683,0.015501704428889273,0.03401918325480626,0.03588950100075496,0.0,0.023280877473615895,0.19130434782608693,0.19130434782608696,0.020732636670542568,0.38174273858921165,0.0,0.0,0.38174273858921165,0.0,botnet_malware_download,1
0.0032417862606541853,0.0,ssh,0.0,0.0,0.0,0.0,0.0,0.0,0.0,0.0,0.0,0.0,0.007737984260940014,0.0,0.0017271383430781388,0.4695652173913043,0.46956521739130436,0.0,1.0,0.0,0.0,1.0,0.0,evasion_anti_forensics,1
0.4094849566547679,0.0,ssh,0.2,0.6000000000000001,0.17346938775510204,0.5278668805132317,0.01670091655488394,0.0,0.0,0.007252024930748089,0.016808715676324738,0.15933937279846566,0.271234452309124,0.0,0.2714373136489152,0.591304347826087,0.5913043478260869,0.22458626251166547,0.2987551867219917,0.0,0.0,0.2987551867219917,0.0,privilege_escalation,1
0.5831208567057624,0.0,ssh,0.9,0.40000000000000013,0.6122448979591836,0.11467522052927025,0.002802596232399597,0.0,0.0,0.01800981183649868,0.002569380334892896,0.1287276245512249,0.4667388586531615,0.10855027919981027,0.3794546254444966,0.3652173913043478,0.36521739130434777,0.19310782971112742,1.0,0.0,0.0,1.0,0.0,reconnaissance,0
0.019086471916660595,0.0,ssh,0.2,0.19999999999999996,0.6530612244897959,0.4015637530072173,0.24572727348335666,0.0,0.0,0.5149999888349607,0.2412031979812167,0.00750293428291519,0.019185236977227987,0.0,0.008711334971727778,0.6260869565217391,0.6260869565217391,0.010459457642031099,0.6887966804979253,0.0,0.0,0.6887966804979253,0.0,zero_day_obfuscated_memory_attack,1
0.509761783346689,0.0,ssh,0.1,0.19999999999999996,0.49999999999999994,0.05874097834803528,0.0017336647605791084,0.0,0.0,0.016813161034447525,0.0015045136760501602,0.0,0.5103663439148565,0.0,0.5014461776766832,0.3913043478260869,0.39130434782608686,0.7915783957870351,0.5394190871369295,0.0,0.0,0.5394190871369295,0.0,zero_day_covert_tunnel,1
0.025132949661251548,0.0,ssh,0.2,0.19999999999999996,0.6530612244897959,0.9993985565356857,0.4701546501179584,0.0,0.0,0.40339425642618915,0.47020772005437145,0.011351621641442303,0.02273507375685998,0.0,0.00867121888079363,0.8086956521739129,0.8086956521739128,0.013311019885213158,0.6887966804979253,0.0,0.0,0.6887966804979253,0.0,zero_day_obfuscated_memory_attack,1
0.11207838566329133,0.0,ssh,0.30000000000000004,0.19999999999999996,0.47959183673469385,0.1355252606255012,0.016356049560815815,0.0,0.0,0.07197014480573102,0.015490880089183095,0.062075416908244176,0.1115474231125414,0.08136337494727097,0.10698169492408584,0.5739130434782608,0.5739130434782609,0.08633650406831338,0.05394190871369292,0.0,0.0,0.05394190871369292,0.0,evasion_anti_forensics,1
0.7122823632257594,0.0,ssh,0.8,0.40000000000000013,0.5510204081632653,0.43243785084202085,0.008033605619124381,0.0,0.0,0.013280965074610525,0.007938913940268456,0.18150484234786046,0.5702399461319496,0.12368403742297338,0.39261832840541944,0.408695652173913,0.40869565217391296,0.2293687208103431,0.04564315352697096,0.0,0.0,0.04564315352697096,0.0,reconnaissance,0
0.1621985867268886,0.0,ssh,0.4,0.19999999999999996,0.5816326530612245,0.15858059342421812,0.013355423537597107,0.0,0.0,0.06076467000157336,0.012619074837841887,0.080965161207152,0.1621754481351385,0.08462865188101557,0.14819424300048228,0.7217391304347825,0.7217391304347824,0.07011734629909379,0.2987551867219917,0.0,0.0,0.2987551867219917,0.0,evasion_anti_forensics,1
0.0034967582137393452,0.0,ssh,0.0,0.0,0.0,0.0,0.0,0.0,0.0,0.0,0.0,0.0,0.005547988715390953,0.0,0.001094680783977959,0.7217391304347825,0.7217391304347824,0.0,1.0,0.0,0.0,1.0,0.0,evasion_anti_forensics,1
0.07674655787863334,0.0,ssh,0.1,0.40000000000000013,0.07142857142857142,0.08520449077786688,0.014115430532942584,0.0,0.0,0.01548186589411837,0.014066581227930095,0.0,0.06091355810182282,0.0,0.036388107044533595,0.29565217391304344,0.29565217391304344,0.11090705689133405,1.0,0.0,0.0,1.0,0.0,botnet_malware_download,1
0.0031325125664748306,0.0,ssh,0.0,0.0,0.0,0.0,0.0,0.0,0.0,0.0,0.0,0.0,0.006083369626426182,0.0,0.0018611053626183757,0.3999999999999999,0.39999999999999997,0.0,0.3402489626556016,0.0,0.0,0.3402489626556016,0.0,brute_force_only,1
0.0028411160486632183,0.0,ssh,0.0,0.0,0.0,0.0,0.0,0.0,0.0,0.0,0.0,0.0,0.0064726048347217655,0.0,0.0015624551284499468,0.4434782608695652,0.44347826086956516,0.0,1.0,0.0,0.0,1.0,0.0,brute_force_only,1
0.3330662198586727,0.0,ssh,0.1,0.19999999999999996,0.49999999999999994,0.07618283881315156,0.0033188731570650645,0.0,0.0,0.025659251813217463,0.002977872039417439,0.0,0.3315732095800917,0.0,0.3267373450016387,0.25217391304347825,0.25217391304347825,0.5162867486469426,0.5394190871369295,0.0,0.0,0.5394190871369295,0.0,zero_day_covert_tunnel,1
0.20762001894077364,0.0,ssh,0.30000000000000004,0.40000000000000013,0.4183673469387755,0.29109863672814756,0.01843727753924757,0.0,0.0,0.03427166133792536,0.01816321764172182,0.12303919360084611,0.16706921218122245,0.07624119146173004,0.12304182405941089,0.34782608695652173,0.34782608695652173,0.14518658946235147,0.05394190871369292,0.0,0.0,0.05394190871369292,0.0,evasion_anti_forensics,1
0.048954614992350834,0.0,ssh,0.2,0.19999999999999996,0.31632653061224486,0.3797113071371291,0.09669555805976256,0.0,0.0,0.10540273835563353,0.0963706949924503,0.02042841352720045,0.05016082597287998,0.0,0.0408255240182882,0.5304347826086956,0.5304347826086957,0.0544879362394258,0.05394190871369292,0.0,0.0,0.05394190871369292,0.0,evasion_anti_forensics,1
0.304618634807314,0.0,ssh,0.5,0.19999999999999996,0.3469387755102041,0.4220128307939054,0.018079400195489065,0.0,0.0,0.01945209350219459,0.0180224768402956,0.13828389914814537,0.30385764795354403,0.17179584045690643,0.3029106814495202,0.7999999999999999,0.7999999999999998,0.08720134434334136,0.0,0.0,0.0,0.0,0.0,reconnaissance,0
0.006665695344940627,0.0,ssh,0.0,0.0,0.0,0.0,0.0,0.0,0.0,0.0,0.0,0.0,0.008078601568124412,0.0,0.0047721864927493494,0.7478260869565218,0.7478260869565216,0.0,1.0,0.0,0.0,1.0,0.0,botnet_malware_download,1
0.15159903839149122,0.0,ssh,0.5,0.19999999999999996,0.9387755102040816,0.1619887730553328,0.01514766340325155,0.0,0.0,0.10481062916565351,0.013775386168795643,0.060516522586167944,0.1516606955221453,0.05993562683721803,0.14258524373263795,0.26086956521739124,0.2608695652173913,0.059852414280406864,0.38174273858921165,0.0,0.0,0.38174273858921165,0.0,botnet_malware_download,1
0.11379034020543455,0.0,ssh,0.2,0.40000000000000013,0.336734693877551,0.1974739374498797,0.022691433636253363,0.0,0.0,0.04979003992799092,0.022240247414655686,0.08431455183987514,0.0890328089072667,0.0,0.0899853509654655,0.8521739130434782,0.8521739130434782,0.06095589879777051,0.2987551867219917,0.0,0.0,0.2987551867219917,0.0,evasion_anti_forensics,1
0.00648357252130837,0.0,ssh,0.0,0.40000000000000013,0.0,0.015236567762630313,0.02134243726846624,0.0,0.0,0.0,0.021618882448186497,0.0,0.0036463425833391863,0.0,0.001811663390765957,0.5391304347826086,0.5391304347826087,0.0,0.6390041493775933,0.0,0.0,0.6390041493775933,0.0,zero_day_buffer_overflow,1
0.001566256283237415,0.0,ssh,0.0,0.0,0.0,0.0,0.0,0.0,0.0,0.0,0.0,0.0,0.005499370814279765,0.0,0.0029376524892552524,0.08695652173913043,0.08695652173913043,0.0,0.02074688796680496,0.0,0.0,0.02074688796680496,0.0,privilege_escalation,1
0.3325927005172288,0.0,ssh,0.2,0.6000000000000001,0.17346938775510204,0.7395749799518845,0.028711202605824677,0.0,0.0,0.00891477085808879,0.028949687061023525,0.09534791600962517,0.2221216122046408,0.0,0.14123476735775886,0.26956521739130435,0.2695652173913043,0.4559257303130899,0.0580912863070539,0.0,0.0,0.0580912863070539,0.0,privilege_escalation,1
0.00910614118161288,0.0,ssh,0.0,0.0,0.0,0.0,0.0,0.0,0.0,0.0,0.0,0.0,0.011095977430781907,0.0,0.008738868524915053,0.6,0.5999999999999999,0.0,0.6390041493775933,0.0,0.0,0.6390041493775933,0.0,zero_day_buffer_overflow,1
0.02101697384716253,0.0,ssh,0.2,0.19999999999999996,0.6530612244897959,0.6519647153167603,0.3622142054501696,0.0,0.0,0.47320061662399504,0.35982448966731245,0.012749290724048491,0.02023570484057636,0.0,0.008927754620973996,0.6,0.5999999999999999,0.008093257879152816,0.6887966804979253,0.0,0.0,0.6887966804979253,0.0,zero_day_obfuscated_memory_attack,1
0.35073213375100165,0.0,ssh,0.1,0.19999999999999996,0.49999999999999994,0.0607457898957498,0.002587090917051189,0.0,0.0,0.024376962142490157,0.002255799620025667,0.0,0.3505184230455275,0.0,0.3472290439314124,0.6521739130434782,0.6521739130434783,0.54518288695864,0.5394190871369295,0.0,0.0,0.5394190871369295,0.0,zero_day_covert_tunnel,1
0.004261674072994827,0.0,ssh,0.0,0.0,0.0,0.0,0.0,0.0,0.0,0.0,0.0,0.0,0.006423986933610577,0.0,0.002512510743266788,0.5565217391304347,0.5565217391304347,0.0,1.0,0.0,0.0,1.0,0.0,evasion_anti_forensics,1
0.00910614118161288,0.0,ssh,0.0,0.0,0.0,0.0,0.0,0.0,0.0,0.0,0.0,0.0,0.014502588501734989,0.0,0.005017545978813375,0.8956521739130433,0.8956521739130434,0.0,1.0,0.0,0.0,1.0,0.0,botnet_malware_download,1
0.36439134552342095,0.0,ssh,0.1,0.19999999999999996,0.49999999999999994,0.07758620689655173,0.0030852503591434276,0.0,0.0,0.023470059197038137,0.002773983385849685,0.0,0.3646368863285732,0.0,0.3610340862427861,0.26086956521739124,0.2608695652173913,0.5666256315450549,0.5394190871369295,0.0,0.0,0.5394190871369295,0.0,zero_day_covert_tunnel,1
0.46109856487214973,0.0,ssh,0.2,0.40000000000000013,0.520408163265306,0.4777465918203689,0.013632820741247841,0.0,0.0,0.019335252875163574,0.013520054581116563,0.7768220096376683,0.3685093824519161,0.0,0.2677733526719537,0.5391304347826086,0.5391304347826087,0.18175936747856844,0.0580912863070539,0.0,0.0,0.0580912863070539,0.0,privilege_escalation,1
0.008924018357980621,0.0,ssh,0.0,0.40000000000000013,0.0,0.003007217321571772,0.0033331174927732285,0.0,0.0,0.0,0.0033762890247577993,0.0,0.007667466404373335,0.0,0.006389412667862155,0.33043478260869563,0.33043478260869563,0.0,0.6390041493775933,0.0,0.0,0.6390041493775933,0.0,zero_day_buffer_overflow,1
0.004298098637721279,0.0,ssh,0.0,0.0,0.0,0.0,0.0,0.0,0.0,0.0,0.0,0.0,0.008857363984121656,0.0,0.0018343119587103283,0.5130434782608695,0.5130434782608695,0.0,0.6887966804979253,0.0,0.0,0.6887966804979253,0.0,zero_day_obfuscated_memory_attack,1
0.5060100531798645,0.0,ssh,0.1,0.19999999999999996,0.49999999999999994,0.02165196471531676,0.0008017342682011405,0.0,0.0,0.016937123145977336,0.0005586542424392762,0.0,0.508593761520289,0.0,0.5136450960521325,0.1739130434782609,0.17391304347826086,0.8001965210536933,0.5394190871369295,0.0,0.0,0.5394190871369295,0.0,zero_day_covert_tunnel,1
1.0,0.0,ssh,1.0,0.19999999999999996,0.6428571428571428,0.5210505212510024,0.006897090231012026,0.0,0.0,0.011048741793620706,0.006821084333653526,0.2147525122690681,1.0,0.1772779994894563,1.0,0.9043478260869563,0.9043478260869564,0.21371826069063343,0.004149377593360981,0.0,0.0,0.004149377593360981,0.0,reconnaissance,0
0.020434180811539304,0.0,ssh,0.2,0.19999999999999996,0.6530612244897959,0.9773456295108259,0.5530491516317596,0.0,0.0,0.48508637425247797,0.552953421721041,0.01064752528712234,0.01819798698529447,0.0,0.009502850610934017,0.417391304347826,0.41739130434782606,0.012980043735680912,0.6887966804979253,0.0,0.0,0.6887966804979253,0.0,zero_day_obfuscated_memory_attack,1
0.3796896627085306,0.0,ssh,0.5,0.19999999999999996,0.37755102040816324,0.14895749799518845,0.0052987002960239735,0.0,0.0,0.017013407522303372,0.0051127298713701495,0.18172148105566438,0.3782782225820953,0.10038474838222221,0.37556869369869467,0.3913043478260869,0.39130434782608686,0.08342830851290957,0.04564315352697096,0.0,0.0,0.04564315352697096,0.0,reconnaissance,0
0.5464777445909521,0.0,ssh,0.1,0.19999999999999996,0.49999999999999994,0.07117080994386528,0.0019110520338521883,0.0,0.0,0.015689233866473012,0.001701019019054876,0.0,0.5462481069313505,0.0,0.5466033513367243,0.23478260869565218,0.23478260869565215,0.859172964479379,0.5394190871369295,0.0,0.0,0.5394190871369295,0.0,zero_day_covert_tunnel,1
0.002476870401398703,0.0,ssh,0.0,0.0,0.0,0.0,0.0,0.0,0.0,0.0,0.0,0.0,0.002141377644437871,0.0,0.0028381764261270325,0.3391304347826086,0.3391304347826086,0.0,0.6887966804979253,0.0,0.0,0.6887966804979253,0.0,zero_day_obfuscated_memory_attack,1
0.011109492241567712,0.0,ssh,0.0,0.0,0.0,0.0,0.0,0.0,0.0,0.0,0.0,0.0,0.016497966443136253,0.0,0.008797192288118205,0.7478260869565218,0.7478260869565216,0.0,0.5394190871369295,0.0,0.0,0.5394190871369295,0.0,zero_day_covert_tunnel,1
0.0029868143075690245,0.0,ssh,0.0,0.0,0.0,0.0,0.0,0.0,0.0,0.0,0.0,0.0,0.006764604240794975,0.0,0.0002378099634159014,0.5391304347826086,0.5391304347826087,0.0,0.02074688796680496,0.0,0.0,0.02074688796680496,0.0,privilege_escalation,1
0.008159102498725139,0.0,ssh,0.0,0.0,0.0,0.0,0.0,0.0,0.0,0.0,0.0,0.0,0.011095977430781907,0.0,0.007413335180745934,0.5739130434782608,0.5739130434782609,0.0,0.004149377593360981,0.0,0.0,0.004149377593360981,0.0,reconnaissance,0
0.08636264296641655,0.0,ssh,0.2,0.6000000000000001,0.13265306122448978,0.1822373696872494,0.02687578036241499,0.0,0.0,0.02565001802399445,0.02684004718595658,0.04538231511222296,0.05656977493707778,0.0,0.05723663194182308,0.591304347826087,0.5913043478260869,0.03455202992361192,0.38174273858921165,0.0,0.0,0.38174273858921165,0.0,botnet_malware_download,1
0.40872004079551244,0.0,ssh,0.8,0.19999999999999996,0.49999999999999994,0.5555332798716921,0.01780533404079963,0.0,0.0,0.020941690793712983,0.01772257263574716,0.11865635000527826,0.40953456900668667,0.1491487619315449,0.4026033862717704,0.29565217391304344,0.29565217391304344,0.05297337000157673,0.004149377593360981,0.0,0.0,0.004149377593360981,0.0,reconnaissance,0
0.0033146353901070884,0.0,ssh,0.0,0.0,0.0,0.0,0.0,0.0,0.0,0.0,0.0,0.0,0.005937369923389578,0.0,0.003600160109092082,0.33043478260869563,0.33043478260869563,0.0,1.0,0.0,0.0,1.0,0.0,brute_force_only,1
0.3826036278866467,0.0,ssh,0.4,0.19999999999999996,0.31632653061224486,0.522654370489174,0.01778497683793979,0.0,0.0,0.014146708253722075,0.01780363641836441,0.18965391082608163,0.3853478202025337,0.055039748180056566,0.3860711899261538,0.6434782608695652,0.6434782608695653,0.20295429807046497,0.0,0.0,0.0,0.0,0.0,reconnaissance,0
0.01821228236322576,0.0,ssh,0.2,0.19999999999999996,0.6530612244897959,0.5579390537289495,0.35255681688898605,0.0,0.0,0.5364583493642174,0.3490953671211008,0.004648565152919797,0.016424090593399734,0.0,0.008994738130744114,0.4869565217391303,0.48695652173913034,0.011444081409405905,0.6887966804979253,0.0,0.0,0.6887966804979253,0.0,zero_day_obfuscated_memory_attack,1
0.0035331827784657968,0.0,ssh,0.0,0.0,0.0,0.0,0.0,0.0,0.0,0.0,0.0,0.0,0.004963989903244537,0.0,0.0013707564651299392,0.6260869565217391,0.6260869565217391,0.0,0.04564315352697096,0.0,0.0,0.04564315352697096,0.0,reconnaissance,0
0.19822248124134914,0.0,ssh,0.4,0.40000000000000013,0.5816326530612245,0.13231756214915796,0.009268333455091376,0.0,0.0,0.049873687195069946,0.008642026379397247,0.12491174130822484,0.15851654957733816,0.06535457138770724,0.16842570544367955,0.4869565217391303,0.48695652173913034,0.04629363807207287,0.05394190871369292,0.0,0.0,0.05394190871369292,0.0,evasion_anti_forensics,1
0.0017848036715961244,0.0,ssh,0.0,0.0,0.0,0.0,0.0,0.0,0.0,0.0,0.0,0.0,0.0038446101800628935,0.0,0.0007354863387686936,0.3826086956521738,0.38260869565217387,0.0,0.2987551867219917,0.0,0.0,0.2987551867219917,0.0,evasion_anti_forensics,1
0.009178990311065782,0.0,ssh,0.0,0.0,0.0,0.0,0.0,0.0,0.0,0.0,0.0,0.0,0.01202059355011272,0.0,0.00934386654575588,0.4695652173913043,0.46956521739130436,0.0,0.3402489626556016,0.0,0.0,0.3402489626556016,0.0,brute_force_only,1
0.009215414875792234,0.0,ssh,0.0,0.40000000000000013,0.0,0.019847634322373697,0.021463646080028,0.0,0.0,0.0,0.02174165764548795,0.0,0.007170483415236734,0.0,0.0020769328924412104,0.4434782608695652,0.44347826086956516,0.0,0.6390041493775933,0.0,0.0,0.6390041493775933,0.0,zero_day_buffer_overflow,1
0.010672397464850294,0.0,ssh,0.0,0.40000000000000013,0.0,0.0036086607858861267,0.0034794482624542467,0.0,0.0,0.0,0.003524516096674173,0.0,0.009116951456120738,0.0,0.0020962507886290566,0.5130434782608695,0.5130434782608695,0.0,0.6390041493775933,0.0,0.0,0.6390041493775933,0.0,zero_day_buffer_overflow,1
0.00888759379325417,0.0,ssh,0.0,0.0,0.0,0.0,0.0,0.0,0.0,0.0,0.0,0.0,0.01523258701691801,0.0,0.0070531785414736725,0.5304347826086956,0.5304347826086957,0.0,0.38174273858921165,0.0,0.0,0.38174273858921165,0.0,brute_force_only,1
0.0037881547315509576,0.0,ssh,0.0,0.0,0.0,0.0,0.0,0.0,0.0,0.0,0.0,0.0,0.0036499925759151007,0.0,0.0016545296987858888,0.7565217391304346,0.7565217391304346,0.0,1.0,0.0,0.0,1.0,0.0,brute_force_only,1
0.06651125519050047,0.0,ssh,0.30000000000000004,0.19999999999999996,0.7346938775510203,0.042301523656776266,0.010613042969718453,0.0,0.0,0.18276813188796165,0.008015402328229762,0.05118708145977163,0.06734455302117916,0.008500461963589665,0.059751955252350934,0.28695652173913044,0.28695652173913044,0.02409926216367627,0.38174273858921165,0.0,0.0,0.38174273858921165,0.0,botnet_malware_download,1
0.0029139651781161214,0.0,ssh,0.0,0.0,0.0,0.0,0.0,0.0,0.0,0.0,0.0,0.0,0.0024819949516222684,0.0,0.0035285136588628285,0.33043478260869563,0.33043478260869563,0.0,0.6390041493775933,0.0,0.0,0.6390041493775933,0.0,zero_day_buffer_overflow,1
0.011473737888832228,0.0,ssh,0.0,0.0,0.0,0.0,0.0,0.0,0.0,0.0,0.0,0.0,0.016546584344247446,0.0,0.009134848389301942,0.7826086956521738,0.7826086956521738,0.0,0.5394190871369295,0.0,0.0,0.5394190871369295,0.0,zero_day_covert_tunnel,1
0.32049974502804685,0.0,ssh,0.1,0.6000000000000001,0.1020408163265306,0.19186046511627908,0.007771807995941227,0.0,0.0,0.005440150289877612,0.007791067097556612,0.0,0.21360442752859443,0.0,0.16212414849526174,0.14782608695652175,0.14782608695652172,0.5020456621362708,0.2987551867219917,0.0,0.0,0.2987551867219917,0.0,privilege_escalation,1
0.011546587018285131,0.0,ssh,0.0,0.40000000000000013,0.0,0.019246190858059342,0.017423796976688607,0.0,0.0,0.0,0.017649485538009754,0.0,0.007308745134012399,0.0,0.005837039260774427,0.4695652173913043,0.46956521739130436,0.0,0.6390041493775933,0.0,0.0,0.6390041493775933,0.0,zero_day_buffer_overflow,1
0.15458585269906025,0.0,ssh,0.6000000000000001,0.19999999999999996,0.9999999999999999,0.11507618283881316,0.011095574299874494,0.0,0.0,0.10952692280232346,0.00960022745690341,0.05477835105961404,0.15370323136762742,0.049713286869431765,0.14128287706090867,0.6695652173913043,0.6695652173913043,0.03625702711559159,0.38174273858921165,0.0,0.0,0.38174273858921165,0.0,botnet_malware_download,1
0.20303052378524078,0.0,ssh,0.6000000000000001,0.19999999999999996,0.9999999999999999,0.1475541299117883,0.010528868004424489,0.0,0.0,0.08374449344790232,0.009412017613289705,0.07314651814322458,0.20401356103641688,0.06438538324270077,0.19480107303881905,0.7913043478260868,0.7913043478260868,0.0527104461009464,1.0,0.0,0.0,1.0,0.0,botnet_malware_download,1
0.006192176003496757,0.0,ssh,0.0,0.0,0.0,0.0,0.0,0.0,0.0,0.0,0.0,0.0,0.007397366953755617,0.0,0.006431453146922296,0.4260869565217391,0.42608695652173906,0.0,0.04564315352697096,0.0,0.0,0.04564315352697096,0.0,reconnaissance,0
0.00910614118161288,0.0,ssh,0.0,0.0,0.0,0.0,0.0,0.0,0.0,0.0,0.0,0.0,0.013772589986551969,0.0,0.004604468666076323,0.9913043478260869,0.9913043478260868,0.0,0.2987551867219917,0.0,0.0,0.2987551867219917,0.0,privilege_escalation,1
0.0036424564726451514,0.0,ssh,0.0,0.0,0.0,0.0,0.0,0.0,0.0,0.0,0.0,0.0,0.00442860899220931,0.0,0.00123619732616632,0.7913043478260868,0.7913043478260868,0.0,1.0,0.0,0.0,1.0,0.0,brute_force_only,1
0.0035331827784657968,0.0,ssh,0.0,0.0,0.0,0.0,0.0,0.0,0.0,0.0,0.0,0.0,0.006375369032499387,0.0,0.0025500363117236385,0.3999999999999999,0.39999999999999997,0.0,0.6390041493775933,0.0,0.0,0.6390041493775933,0.0,zero_day_buffer_overflow,1
0.002950389742842573,0.0,ssh,0.0,0.0,0.0,0.0,0.0,0.0,0.0,0.0,0.0,0.0,0.006715986339683785,0.0,0.0025606204464165964,0.3391304347826086,0.3391304347826086,0.0,0.5394190871369295,0.0,0.0,0.5394190871369295,0.0,zero_day_covert_tunnel,1
0.008231951628178042,0.0,ssh,0.0,0.0,0.0,0.0,0.0,0.0,0.0,0.0,0.0,0.0,0.01192335774789034,0.0,0.00939996986112135,0.25217391304347825,0.25217391304347825,0.0,0.6390041493775933,0.0,0.0,0.6390041493775933,0.0,zero_day_buffer_overflow,1
0.006046477744590951,0.0,ssh,0.0,0.0,0.0,0.0,0.0,0.0,0.0,0.0,0.0,0.0,0.009197981291306055,0.0,0.004249345041902812,0.6,0.5999999999999999,0.0,0.5394190871369295,0.0,0.0,0.5394190871369295,0.0,zero_day_covert_tunnel,1
0.01129161506519997,0.0,ssh,0.0,0.0,0.0,0.0,0.0,0.0,0.0,0.0,0.0,0.0,0.013675354184329589,0.0,0.00950159235715933,0.8695652173913043,0.8695652173913042,0.0,0.38174273858921165,0.0,0.0,0.38174273858921165,0.0,brute_force_only,1
0.1977489618999053,0.0,ssh,0.2,0.19999999999999996,0.4591836734693877,0.3941459502806736,0.02605667042982472,0.0,0.0,0.03946696533448436,0.02580355592176455,0.1733064443726061,0.19658830813938127,0.0,0.1898012166277792,0.3826086956521738,0.38260869565217387,0.1826480260407121,0.02074688796680496,0.0,0.0,0.02074688796680496,0.0,privilege_escalation,1
0.008960442922707073,0.0,ssh,0.0,0.0,0.0,0.0,0.0,0.0,0.0,0.0,0.0,0.0,0.013091355372183174,0.0,0.008030915739333634,0.5304347826086956,0.5304347826086957,0.0,0.38174273858921165,0.0,0.0,0.38174273858921165,0.0,botnet_malware_download,1
0.01059954833539739,0.0,ssh,0.0,0.0,0.0,0.0,0.0,0.0,0.0,0.0,0.0,0.0,0.01698458345335726,0.0,0.008619186386463912,0.6260869565217391,0.6260869565217391,0.0,0.38174273858921165,0.0,0.0,0.38174273858921165,0.0,brute_force_only,1
0.017228819115611572,0.0,ssh,0.2,0.19999999999999996,0.6530612244897959,0.9041700080192462,0.5942756686816874,0.0,0.0,0.5628415181822061,0.5935503421583717,0.008271652278348593,0.018345008686252336,0.0,0.010394064358052247,0.14782608695652175,0.14782608695652172,0.008362006590917978,0.6887966804979253,0.0,0.0,0.6887966804979253,0.0,zero_day_obfuscated_memory_attack,1
0.5338384206308734,0.0,ssh,0.2,0.6000000000000001,0.31632653061224486,0.6190858059342421,0.01510142102548689,0.0,0.0,0.010159642559415661,0.01514498802034605,0.689579916580532,0.35560403070140156,0.0,0.2999006423607564,0.4434782608695652,0.44347826086956516,0.10691792633494002,0.0580912863070539,0.0,0.0,0.0580912863070539,0.0,privilege_escalation,1
0.6577547898302615,0.0,ssh,0.6000000000000001,0.6000000000000001,0.3571428571428571,0.11547714514835605,0.0024033197276745505,0.0,0.0,0.009318643521359232,0.002294997548068041,0.1869592870506453,0.4382073046863423,0.22891170913251627,0.3700780443005988,0.5043478260869564,0.5043478260869565,0.19919948640160354,0.04564315352697096,0.0,0.0,0.04564315352697096,0.0,reconnaissance,0
0.00866904640489546,0.0,ssh,0.0,0.0,0.0,0.0,0.0,0.0,0.0,0.0,0.0,0.0,0.012945355669146572,0.0,0.009424468802263792,0.28695652173913044,0.28695652173913044,0.0,1.0,0.0,0.0,1.0,0.0,brute_force_only,1
0.010708822029576745,0.0,ssh,0.0,0.0,0.0,0.0,0.0,0.0,0.0,0.0,0.0,0.0,0.012799355966109966,0.0,0.009903937505347578,0.7391304347826086,0.7391304347826086,0.0,0.3402489626556016,0.0,0.0,0.3402489626556016,0.0,botnet_malware_download,1
0.39400451664602604,0.0,ssh,0.2,0.40000000000000013,0.520408163265306,0.39735364875701684,0.01331232675424772,0.0,0.0,0.022604798830434977,0.013146480742400974,0.2597075517211555,0.31634033056376765,0.0,0.34744316911789297,0.4695652173913043,0.46956521739130436,0.12094845457379741,0.2987551867219917,0.0,0.0,0.2987551867219917,0.0,privilege_escalation,1
0.007576309463101914,0.0,ssh,0.0,0.0,0.0,0.0,0.0,0.0,0.0,0.0,0.0,0.0,0.010219979212562283,0.0,0.007823451896366074,0.3999999999999999,0.39999999999999997,0.0,0.2987551867219917,0.0,0.0,0.2987551867219917,0.0,privilege_escalation,1
0.22393822393822393,0.0,ssh,0.5,0.40000000000000013,0.8673469387755102,0.1561748195669607,0.009901667862634503,0.0,0.0,0.0659367989977295,0.009043180834378777,0.0844599094244662,0.17788034419137994,0.022287555588009343,0.14688070007463666,0.6260869565217391,0.6260869565217391,0.09986511813582051,1.0,0.0,0.0,1.0,0.0,botnet_malware_download,1
0.39221971297442987,0.0,ssh,0.1,0.19999999999999996,0.49999999999999994,0.0821972734562951,0.0030191714778212268,0.0,0.0,0.0218164867073569,0.0027317923946628573,0.0,0.39219403827732613,0.0,0.3928676106826633,0.22608695652173913,0.2260869565217391,0.6177798149878504,0.5394190871369295,0.0,0.0,0.5394190871369295,0.0,zero_day_covert_tunnel,1
0.005973628615138048,0.0,ssh,0.0,0.0,0.0,0.0,0.0,0.0,0.0,0.0,0.0,0.0,0.006715986339683785,0.0,0.0037769077569716875,0.8695652173913043,0.8695652173913042,0.0,0.0,0.0,0.0,0.0,0.0,reconnaissance,0
0.2440810082319516,0.0,ssh,0.4,0.19999999999999996,0.6122448979591836,0.2644346431435445,0.01451412927542809,0.0,0.0,0.04274568472741522,0.014062439348756749,0.13910671515865847,0.243010811716009,0.05922306836759387,0.24104064100480296,0.3913043478260869,0.39130434782608686,0.08708000372326542,0.2987551867219917,0.0,0.0,0.2987551867219917,0.0,evasion_anti_forensics,1
0.010198878123406424,0.0,ssh,0.0,0.0,0.0,0.0,0.0,0.0,0.0,0.0,0.0,0.0,0.012653356263073364,0.0,0.008082060054528278,0.8521739130434782,0.8521739130434782,0.0,0.5394190871369295,0.0,0.0,0.5394190871369295,0.0,zero_day_covert_tunnel,1
0.6605959058789247,0.0,ssh,0.8,0.19999999999999996,0.5714285714285714,0.3123496391339214,0.006321353725744026,0.0,0.0,0.014846001820565264,0.006181062847759178,0.1714847060471715,0.6602636550237257,0.1484586830748731,0.6603230692391886,0.8521739130434782,0.8521739130434782,0.1937725502372659,0.0,0.0,0.0,0.0,0.0,reconnaissance,0
0.053289138194798566,0.0,ssh,0.4,0.19999999999999996,0.8673469387755102,0.2526062550120289,0.062337271660338464,0.0,0.0,0.26666060736968633,0.05915415939803073,0.025770222545092918,0.053311645564112935,0.028184606805921584,0.044384531827455206,0.826086956521739,0.826086956521739,0.02060368342601319,0.38174273858921165,0.0,0.0,0.38174273858921165,0.0,botnet_malware_download,1
0.004006702119909666,0.0,ssh,0.0,0.0,0.0,0.0,0.0,0.0,0.0,0.0,0.0,0.0,0.005547988715390953,0.0,0.004578563441303349,0.29565217391304344,0.29565217391304344,0.0,0.2987551867219917,0.0,0.0,0.2987551867219917,0.0,privilege_escalation,1
0.6967290740875647,0.0,ssh,0.5,0.19999999999999996,0.846938775510204,0.49899759422614276,0.009553077511911567,0.0,0.0,0.020867216964293417,0.009364542249001429,0.31780495577281725,0.6985444851605171,0.31833183770986756,0.6957509066088521,0.5565217391304347,0.5565217391304347,0.19846209991477318,0.0580912863070539,0.0,0.0,0.0580912863070539,0.0,privilege_escalation,1
0.010235302688132875,0.0,ssh,0.2,0.19999999999999996,0.6530612244897959,0.9905773857257417,1.0,0.0,0.0,0.8655462519596907,1.0,0.009230864348158382,0.011474408661052786,0.0,0.009351638113187772,0.22608695652173913,0.2260869565217391,0.008367658387860678,0.6887966804979253,0.0,0.0,0.6887966804979253,0.0,zero_day_obfuscated_memory_attack,1
0.6390689881255919,0.0,ssh,0.7000000000000001,0.40000000000000013,0.47959183673469385,0.37249398556535684,0.007711314149601247,0.0,0.0,0.01287793733322977,0.007618483680776138,0.19861264078227375,0.5115696734672842,0.15360711792050605,0.4396419365028893,0.7826086956521738,0.7826086956521738,0.1682890591938069,0.04564315352697096,0.0,0.0,0.04564315352697096,0.0,reconnaissance,0
0.6582647337364318,0.0,ssh,0.4,0.40000000000000013,0.5408163265306122,0.4849639133921411,0.009715920869055981,0.0,0.0,0.014100237549789283,0.009630757784765544,0.4294676163362193,0.527599126863376,0.34594796678689993,0.38527168067473194,0.7999999999999999,0.7999999999999998,0.12396559139884167,0.02074688796680496,0.0,0.0,0.02074688796680496,0.0,privilege_escalation,1
0.018649377139943177,0.0,ssh,0.2,0.19999999999999996,0.6530612244897959,0.4809542902967121,0.29877979182841335,0.0,0.0,0.525510213627033,0.29478561318648466,0.012837590523737848,0.017684214030308662,0.0,0.009094066164016487,0.4782608695652174,0.47826086956521735,0.006941041031007719,0.6887966804979253,0.0,0.0,0.6887966804979253,0.0,zero_day_obfuscated_memory_attack,1
0.15771836526553507,0.0,ssh,0.5,0.19999999999999996,0.8673469387755102,0.05112269446672013,0.0055042552616914155,0.0,0.0,0.09314358560347248,0.004181663250445748,0.05886283341395966,0.15670440126324786,0.05645219204891564,0.1479815240976322,0.3217391304347825,0.3217391304347826,0.07303857559030424,0.38174273858921165,0.0,0.0,0.38174273858921165,0.0,botnet_malware_download,1
0.006119326874043854,0.0,ssh,0.0,0.0,0.0,0.0,0.0,0.0,0.0,0.0,0.0,0.0,0.009879361905377885,0.0,0.006824768473903964,0.24347826086956517,0.2434782608695652,0.0,0.6390041493775933,0.0,0.0,0.6390041493775933,0.0,zero_day_buffer_overflow,1
0.795585342755154,0.0,ssh,0.9,0.19999999999999996,0.6326530612244897,0.4392542101042502,0.007332031071511144,0.0,0.0,0.013657438128029685,0.007222620824154098,0.20678818275723607,0.7980621167416545,0.13739584697448548,0.7929454595838524,0.7304347826086957,0.7304347826086954,0.08415767867550485,0.04564315352697096,0.0,0.0,0.04564315352697096,0.0,reconnaissance,0
0.6647118816930138,0.0,ssh,0.7000000000000001,0.40000000000000013,0.4387755102040816,0.3851242983159583,0.007644721701843899,0.0,0.0,0.01132931621256038,0.007574199171071254,0.20965323994492197,0.5312735013896982,0.35887434771404964,0.46055041349179626,0.34782608695652173,0.34782608695652173,0.1547972394778247,0.004149377593360981,0.0,0.0,0.004149377593360981,0.0,reconnaissance,0
0.18139433233772856,0.0,ssh,0.2,0.6000000000000001,0.26530612244897955,0.13833199679230151,0.010101131359751733,0.0,0.0,0.024828150431583082,0.009860419836931148,0.183661281310665,0.11877849640453832,0.0,0.06117437413717097,0.7565217391304346,0.7565217391304346,0.14795175995226653,0.2987551867219917,0.0,0.0,0.2987551867219917,0.0,evasion_anti_forensics,1
0.014606250455307055,0.0,ssh,0.0,0.40000000000000013,0.0,0.0012028869286287089,0.0008972148279354861,0.0,0.0,0.0,0.0009088372113968103,0.0,0.011710344181159937,0.0,0.006381419055646495,0.4260869565217391,0.42608695652173906,0.0,0.6390041493775933,0.0,0.0,0.6390041493775933,0.0,zero_day_buffer_overflow,1
0.8714941356450789,0.0,ssh,0.9,0.19999999999999996,0.5816326530612245,0.2457898957497995,0.003812795676067343,0.0,0.0,0.011465831449308397,0.003690594974901129,0.2035888360113221,0.8720550582400116,0.16479894777306997,0.8680814176049538,0.7565217391304346,0.7565217391304346,0.2196580109204251,0.04564315352697096,0.0,0.0,0.04564315352697096,0.0,reconnaissance,0
0.3160195235666934,0.0,ssh,0.2,0.40000000000000013,0.25510204081632654,0.4556936647955092,0.018728669428256045,0.0,0.0,0.013791478950672191,0.018764866685305245,0.3804892631061075,0.2505068744690173,0.0,0.19251823061689666,0.7130434782608696,0.7130434782608694,0.21702260107460267,0.02074688796680496,0.0,0.0,0.02074688796680496,0.0,privilege_escalation,1
0.13415167188752095,0.0,ssh,0.5,0.19999999999999996,0.9285714285714285,0.0821972734562951,0.009506692476803809,0.0,0.0,0.11688196785204982,0.007880701842527775,0.05322052554330686,0.1342861468619773,0.06069148496400546,0.13413629168039642,0.5217391304347825,0.5217391304347825,0.0596768625467989,0.3402489626556016,0.0,0.0,0.3402489626556016,0.0,botnet_malware_download,1
0.003423909084286443,0.0,ssh,0.0,0.0,0.0,0.0,0.0,0.0,0.0,0.0,0.0,0.0,0.008224601271161015,0.0,0.0016506069076059812,0.4521739130434782,0.45217391304347815,0.0,0.5394190871369295,0.0,0.0,0.5394190871369295,0.0,zero_day_covert_tunnel,1
0.04622277263786697,0.0,ssh,0.2,0.19999999999999996,0.3877551020408163,0.046511627906976744,0.014318767176924879,0.0,0.0,0.13640799201959203,0.012462899078920583,0.05031140067160466,0.04750684337108058,0.0,0.03102476332246498,0.4956521739130434,0.49565217391304334,0.021431614006721486,0.3402489626556016,0.0,0.0,0.3402489626556016,0.0,botnet_malware_download,1
0.13564507904130543,0.0,ssh,0.4,0.19999999999999996,0.5816326530612245,0.13853247794707296,0.014040485497746948,0.0,0.0,0.07242187625889589,0.013138560956428217,0.09087488165031504,0.13570701597192952,0.07100706252108406,0.1353855896488051,0.22608695652173913,0.2260869565217391,0.02134101224144615,0.05394190871369292,0.0,0.0,0.05394190871369292,0.0,evasion_anti_forensics,1
0.0031325125664748306,0.0,ssh,0.0,0.0,0.0,0.0,0.0,0.0,0.0,0.0,0.0,0.0,0.005109989606281142,0.0,0.003147928899483879,0.28695652173913044,0.28695652173913044,0.0,0.38174273858921165,0.0,0.0,0.38174273858921165,0.0,brute_force_only,1
0.07248488380563851,0.0,ssh,0.6000000000000001,0.19999999999999996,0.9999999999999999,0.1359262229350441,0.026791405676840692,0.0,0.0,0.2290204838638326,0.023711156415546268,0.024145637776134193,0.073019707477915,0.038747158365704984,0.06447425568368033,0.591304347826087,0.5913043478260869,0.021517890417193736,1.0,0.0,0.0,1.0,0.0,botnet_malware_download,1
0.0038610038610038607,0.0,ssh,0.0,0.0,0.0,0.0,0.0,0.0,0.0,0.0,0.0,0.0,0.006423986933610577,0.0,0.0024901582350341073,0.4695652173913043,0.46956521739130436,0.0,0.38174273858921165,0.0,0.0,0.38174273858921165,0.0,brute_force_only,1
0.04589495155532891,0.0,ssh,0.1,0.40000000000000013,0.07142857142857142,0.19887730553327987,0.05333633512914677,0.0,0.0,0.025297082080359436,0.053648622954190886,0.0,0.036221942324569316,0.0,0.026990357631249927,0.6347826086956521,0.6347826086956521,0.061274648611059364,1.0,0.0,0.0,1.0,0.0,botnet_malware_download,1
0.061994609164420476,0.0,ssh,0.30000000000000004,0.19999999999999996,0.7346938775510203,0.11968724939855653,0.026838518264398238,0.0,0.0,0.19551462351578153,0.02426028686472717,0.026425975992320383,0.06313056359243366,0.005599083193879269,0.050705332657132944,0.6086956521739131,0.6086956521739129,0.047046192136412694,1.0,0.0,0.0,1.0,0.0,botnet_malware_download,1
0.1352444088293145,0.0,ssh,0.30000000000000004,0.19999999999999996,0.4183673469387755,0.12209302325581395,0.012236376541146895,0.0,0.0,0.05224417590815071,0.011613043455246067,0.11927033781168432,0.13292791162462778,0.11033416472698283,0.12006871841968061,0.6869565217391304,0.6869565217391302,0.03226564737469995,0.2987551867219917,0.0,0.0,0.2987551867219917,0.0,evasion_anti_forensics,1
0.3230858891236249,0.0,ssh,0.5,0.19999999999999996,0.29591836734693877,0.5220529270248596,0.020993561603057116,0.0,0.0,0.015651212381437088,0.021031267565195,0.09888229225622266,0.32339211622043557,0.04790993912701856,0.3193556882100437,0.591304347826087,0.5913043478260869,0.2277565745681364,0.04564315352697096,0.0,0.0,0.04564315352697096,0.0,reconnaissance,0
0.4571282873169665,0.0,ssh,0.1,0.19999999999999996,0.49999999999999994,0.032277465918203685,0.0011863598637901983,0.0,0.0,0.018737349935082838,0.0009213260699247234,0.0,0.4586897490250505,0.0,0.45448940505912755,0.6434782608695652,0.6434782608695653,0.711830502840374,0.5394190871369295,0.0,0.0,0.5394190871369295,0.0,zero_day_covert_tunnel,1
0.15203613316820863,0.0,ssh,0.30000000000000004,0.40000000000000013,0.47959183673469385,0.316158781074579,0.027255940783165133,0.0,0.0,0.05339339038125229,0.02680995759883509,0.13505972322205806,0.1218548561472226,0.06331601749366497,0.11313514800173016,0.6521739130434782,0.6521739130434783,0.04179013632249568,0.05394190871369292,0.0,0.0,0.05394190871369292,0.0,evasion_anti_forensics,1
0.0071392146863844975,0.0,ssh,0.0,0.40000000000000013,0.0,0.015036086607858861,0.019667832647928995,0.0,0.0,0.0,0.01992258694157745,0.0,0.005294533230919409,0.0,0.0029056040254646876,0.5652173913043478,0.5652173913043477,0.0,0.6390041493775933,0.0,0.0,0.6390041493775933,0.0,zero_day_buffer_overflow,1
0.35295403219931515,0.0,ssh,0.6000000000000001,0.19999999999999996,0.39795918367346933,0.5242582197273457,0.01938422271698642,0.0,0.0,0.019280876116405853,0.019346763679712692,0.13933025999604706,0.35258139884943474,0.09514730030409335,0.3484284558384011,0.8086956521739129,0.8086956521739128,0.05901739011782151,0.04564315352697096,0.0,0.0,0.04564315352697096,0.0,reconnaissance,0
0.691520361331682,0.0,ssh,0.30000000000000004,0.6000000000000001,0.673469387755102,0.580392943063352,0.01108043835577198,0.0,0.0,0.016717684860912883,0.010973779718289013,0.29372139094711647,0.46125072981601556,0.2997043855461822,0.3921995519432323,0.5043478260869564,0.5043478260869565,0.062708763249571,0.0580912863070539,0.0,0.0,0.0580912863070539,0.0,privilege_escalation,1
0.41859109783638077,0.0,ssh,0.2,0.19999999999999996,0.36734693877551017,0.19065757818765036,0.006085876382362137,0.0,0.0,0.015025306315869581,0.005939851220611296,0.43328793923395237,0.42100707967159995,0.0,0.4148436789919285,0.6,0.5999999999999999,0.34760488956561786,0.0580912863070539,0.0,0.0,0.0580912863070539,0.0,privilege_escalation,1
0.020871275588256723,0.0,ssh,0.2,0.19999999999999996,0.6530612244897959,0.4404570970328789,0.24849634524012862,0.0,0.0,0.47611710593250434,0.24459001420694365,0.006646245351105984,0.021626060012593935,0.0,0.009372510322861998,0.3913043478260869,0.39130434782608686,0.014744096438572062,0.6887966804979253,0.0,0.0,0.6887966804979253,0.0,zero_day_obfuscated_memory_attack,1
0.12912508195527064,0.0,ssh,0.30000000000000004,0.40000000000000013,0.520408163265306,0.20509222133119487,0.02115630510006136,0.0,0.0,0.06800178809612482,0.020412700579903097,0.1238203261863662,0.10353875540217153,0.08834563325220555,0.08171292451631984,0.34782608695652173,0.34782608695652173,0.027842193524678573,1.0,0.0,0.0,1.0,0.0,botnet_malware_download,1
0.08333940409412106,0.0,ssh,0.30000000000000004,0.19999999999999996,0.4183673469387755,0.266439454691259,0.04133683397334411,0.0,0.0,0.08373652704151384,0.04061915345948729,0.06809838406433619,0.08400793712785588,0.0012381891510068756,0.08026408230223137,0.21739130434782608,0.21739130434782605,0.034026874179119745,0.05394190871369292,0.0,0.0,0.05394190871369292,0.0,evasion_anti_forensics,1
0.09907481605594812,0.0,ssh,0.4,0.19999999999999996,0.5816326530612245,0.3488372093023256,0.04584321538581129,0.0,0.0,0.09842742534375798,0.04496405244911993,0.059022167689376764,0.09726967415348277,0.09237566963598717,0.08515824539619746,0.9043478260869563,0.9043478260869564,0.01777732358348379,0.2987551867219917,0.0,0.0,0.2987551867219917,0.0,evasion_anti_forensics,1
0.1430392656807751,0.0,ssh,0.30000000000000004,0.6000000000000001,0.5102040816326531,0.32377706495589414,0.02966830498639199,0.0,0.0,0.06030636022798165,0.029150116622303025,0.07008512955734669,0.09361749158202212,0.025105654180876093,0.08084806008354213,0.22608695652173913,0.2260869565217391,0.019700087971949554,0.05394190871369292,0.0,0.0,0.05394190871369292,0.0,evasion_anti_forensics,1
0.17942740584250017,0.0,ssh,0.5,0.40000000000000013,0.6632653061224489,0.148757016840417,0.011507846888555613,0.0,0.0,0.06274051984060669,0.010717995648824972,0.08829503117130917,0.14218268680041507,0.06541084585503093,0.10384975324903328,0.22608695652173913,0.2260869565217391,0.022406145279555756,0.3402489626556016,0.0,0.0,0.3402489626556016,0.0,botnet_malware_download,1
0.07874990893858819,0.0,ssh,0.2,0.19999999999999996,0.31632653061224486,0.20288692862870888,0.03324209254983581,0.0,0.0,0.06687749881876902,0.032671854607259534,0.11172415800303673,0.07793347348331493,0.0,0.07196893327021339,0.7826086956521738,0.7826086956521738,0.04136515579524301,0.05394190871369292,0.0,0.0,0.05394190871369292,0.0,evasion_anti_forensics,1
0.40256428935674216,0.0,ssh,0.1,0.19999999999999996,0.49999999999999994,0.09703287890938252,0.0034164436468757707,0.0,0.0,0.021259743533616635,0.003142545604954965,0.0,0.4015499912473178,0.0,0.4013661527366131,0.6,0.5999999999999999,0.6312938381918217,0.5394190871369295,0.0,0.0,0.5394190871369295,0.0,zero_day_covert_tunnel,1
0.1693378014132731,0.0,ssh,0.6000000000000001,0.19999999999999996,0.9999999999999999,0.2479951884522855,0.020153181460611187,0.0,0.0,0.10013887498288279,0.018915648789097197,0.055214423813387176,0.1690238562054765,0.042488429788474384,0.1615886504917404,0.34782608695652173,0.34782608695652173,0.06314487435651696,0.38174273858921165,0.0,0.0,0.38174273858921165,0.0,botnet_malware_download,1
0.557769359656152,0.0,ssh,0.7000000000000001,0.19999999999999996,0.4183673469387755,0.31756214915797915,0.007531943939259128,0.0,0.0,0.012863271903287343,0.007437005971344314,0.17069666733206676,0.5570484349634833,0.18064179445848874,0.5521350050048893,0.9043478260869563,0.9043478260869564,0.1506042405317118,1.0,0.0,0.0,1.0,0.0,reconnaissance,0
0.09448532090041524,0.0,ssh,0.30000000000000004,0.40000000000000013,0.2040816326530612,0.25340817963111467,0.03430187968596383,0.0,0.0,0.036165734808349684,0.03420496675780249,0.055083700646249296,0.07500369744247941,0.08060600812162769,0.06846329022407871,0.7999999999999999,0.7999999999999998,0.06197656718850439,1.0,0.0,0.0,1.0,0.0,botnet_malware_download,1
0.34180811539302103,0.0,ssh,0.30000000000000004,0.19999999999999996,0.13265306122448978,0.41780272654370487,0.015811440887811428,0.0,0.0,0.006634869841895198,0.01591695355599885,0.22799674228001596,0.3423850715887644,0.021251079474031372,0.3314614217912382,0.826086956521739,0.826086956521739,0.20514483075694054,0.04564315352697096,0.0,0.0,0.04564315352697096,0.0,reconnaissance,0
0.0017483791068696728,0.0,ssh,0.0,0.0,0.0,0.0,0.0,0.0,0.0,0.0,0.0,0.0,0.0049153720021333485,0.0,0.0006161002600292447,0.3565217391304347,0.3565217391304347,0.0,0.2987551867219917,0.0,0.0,0.2987551867219917,0.0,evasion_anti_forensics,1
0.10271727252859328,0.0,ssh,0.4,0.19999999999999996,0.5918367346938775,0.10625501202886928,0.01448248074386218,0.0,0.0,0.09669587863397132,0.013223020610325839,0.043614263722726136,0.10186311681042041,0.08562982444176634,0.0920280889612064,0.7217391304347825,0.7217391304347824,0.060573422090382835,1.0,0.0,0.0,1.0,0.0,botnet_malware_download,1
0.2114810228017775,0.0,ssh,0.4,0.40000000000000013,0.6122448979591836,0.19186046511627908,0.012332755842142745,0.0,0.0,0.04924983308266311,0.011755477676526193,0.1305484585025472,0.16806960214642927,0.14701289696129946,0.12597518368284663,0.4956521739130434,0.49565217391304334,0.048974146950642165,0.2987551867219917,0.0,0.0,0.2987551867219917,0.0,evasion_anti_forensics,1
0.783237415312887,0.0,ssh,1.0,0.19999999999999996,0.6428571428571428,0.23336006415396954,0.0040558053271647155,0.0,0.0,0.014095711182523105,0.0038974008264038816,0.16647767988247741,0.7850777791517972,0.13341031720695185,0.7824962541044979,0.617391304347826,0.6173913043478261,0.17549694578046643,1.0,0.0,0.0,1.0,0.0,reconnaissance,0
0.06866030450936111,0.0,ssh,0.2,0.19999999999999996,0.4081632653061224,0.0673616680032077,0.013676481021102459,0.0,0.0,0.09848288843065957,0.012379840221926114,0.06546328454865319,0.06704846562342093,0.0,0.06326559191070127,0.4260869565217391,0.42608695652173906,0.05690505984618577,0.3402489626556016,0.0,0.0,0.3402489626556016,0.0,botnet_malware_download,1
0.014824797843665765,0.0,ssh,0.2,0.19999999999999996,0.6530612244897959,0.7698476343223737,0.5765365062494829,0.0,0.0,0.6397515591675564,0.5744304533875343,0.012858719991633719,0.014214093088534658,0.0,0.013082952674559027,0.4260869565217391,0.42608695652173906,0.011881691972683597,0.6887966804979253,0.0,0.0,0.6887966804979253,0.0,zero_day_obfuscated_memory_attack,1
0.015881110220732863,0.0,ssh,0.2,0.19999999999999996,0.6530612244897959,0.5709703287890938,0.4056818194300699,0.0,0.0,0.6035156354907991,0.40190497866078295,0.014990083126779767,0.015688836088907393,0.0,0.01067798562156404,0.4608695652173913,0.46086956521739125,0.009429504156319938,0.6887966804979253,0.0,0.0,0.6887966804979253,0.0,zero_day_obfuscated_memory_attack,1
0.007831281416187075,0.0,ssh,0.0,0.0,0.0,0.0,0.0,0.0,0.0,0.0,0.0,0.0,0.009684598301527056,0.0,0.007045629018825548,0.6260869565217391,0.6260869565217391,0.0,0.3402489626556016,0.0,0.0,0.3402489626556016,0.0,brute_force_only,1
0.003678881037371603,0.0,ssh,0.0,0.0,0.0,0.0,0.0,0.0,0.0,0.0,0.0,0.0,0.003503992872878497,0.0,0.002178407358623346,0.8956521739130433,0.8956521739130434,0.0,0.0,0.0,0.0,0.0,0.0,reconnaissance,0
0.014788373278939315,0.0,ssh,0.2,0.19999999999999996,0.6530612244897959,0.6126704089815558,0.46171255946261214,0.0,0.0,0.6410788711046913,0.45809934813080694,0.009005675194202008,0.015628246212147208,0.0,0.012086341670078755,0.19130434782608693,0.19130434782608696,0.013531785994362737,0.6887966804979253,0.0,0.0,0.6887966804979253,0.0,zero_day_obfuscated_memory_attack,1
0.009251839440518685,0.0,ssh,0.0,0.0,0.0,0.0,0.0,0.0,0.0,0.0,0.0,0.0,0.01202059355011272,0.0,0.011268180656820313,0.22608695652173913,0.2260869565217391,0.0,0.3402489626556016,0.0,0.0,0.3402489626556016,0.0,brute_force_only,1
0.010162453558679972,0.0,ssh,0.0,0.40000000000000013,0.0,0.01764234161988773,0.01768147180265628,0.0,0.0,0.0,0.017910498887982663,0.0,0.006591740592399637,0.0,0.004400853599360748,0.30434782608695654,0.3043478260869565,0.0,0.6390041493775933,0.0,0.0,0.6390041493775933,0.0,zero_day_buffer_overflow,1
0.00866904640489546,0.0,ssh,0.0,0.0,0.0,0.0,0.0,0.0,0.0,0.0,0.0,0.0,0.014161971194550592,0.0,0.005894548859770429,0.6869565217391304,0.6869565217391302,0.0,0.3402489626556016,0.0,0.0,0.3402489626556016,0.0,botnet_malware_download,1
0.4887448094995264,0.0,ssh,0.1,0.19999999999999996,0.49999999999999994,0.07217321571772253,0.00216195776888994,0.0,0.0,0.017532068859444166,0.0019275922734069508,0.0,0.4898084177296783,0.0,0.48283083118467995,0.7130434782608696,0.7130434782608694,0.7601917758511174,0.5394190871369295,0.0,0.0,0.5394190871369295,0.0,zero_day_covert_tunnel,1
0.048517520215633415,0.0,ssh,0.1,0.40000000000000013,0.14285714285714285,0.3887329591018444,0.09893813862610337,0.0,0.0,0.04800695298293336,0.09950124576589606,0.0,0.03795525079901988,0.0,0.025371503127722822,0.25217391304347825,0.25217391304347825,0.07536723127349172,0.05394190871369292,0.0,0.0,0.05394190871369292,0.0,evasion_anti_forensics,1
0.007248488380563852,0.0,ssh,0.0,0.0,0.0,0.0,0.0,0.0,0.0,0.0,0.0,0.0,0.01192335774789034,0.0,0.008814955870819674,0.11304347826086955,0.11304347826086955,0.0,0.5394190871369295,0.0,0.0,0.5394190871369295,0.0,zero_day_covert_tunnel,1
0.1273402782836745,0.0,ssh,0.0,0.6000000000000001,0.0,0.2896952686447474,0.028854965543329964,0.0,0.0,0.0,0.029228717495084756,0.0,0.0840187411058806,0.0,0.058704644022243554,0.28695652173913044,0.28695652173913044,0.0,1.0,0.0,0.0,1.0,0.0,evasion_anti_forensics,1
0.5944853209004152,0.0,ssh,0.5,0.40000000000000013,0.36734693877551017,0.15797914995990375,0.0035844868641760437,0.0,0.0,0.010600269324887493,0.0034722838031216135,0.2593180131262503,0.47616445348150166,0.18226605964671103,0.38464551438450517,0.7391304347826086,0.7391304347826086,0.20344064096452413,0.004149377593360981,0.0,0.0,0.004149377593360981,0.0,reconnaissance,0
0.017556640198149634,0.0,ssh,0.2,0.19999999999999996,0.6530612244897959,0.7359663191659984,0.47744191531520586,0.0,0.0,0.5537634359931534,0.4753391091546385,0.013717053240010695,0.017133211151048523,0.0,0.010664440889754172,0.5391304347826086,0.5391304347826087,0.010355533783962253,0.6887966804979253,0.0,0.0,0.6887966804979253,0.0,zero_day_obfuscated_memory_attack,1
0.0096160850877832,0.0,ssh,0.0,0.0,0.0,0.0,0.0,0.0,0.0,0.0,0.0,0.0,0.014161971194550592,0.0,0.008266505254911852,0.591304347826087,0.5913043478260869,0.0,0.2987551867219917,0.0,0.0,0.2987551867219917,0.0,privilege_escalation,1
0.008851169228527718,0.0,ssh,0.0,0.0,0.0,0.0,0.0,0.0,0.0,0.0,0.0,0.0,0.013285972976330966,0.0,0.007322074774617143,0.6,0.5999999999999999,0.0,0.5394190871369295,0.0,0.0,0.5394190871369295,0.0,zero_day_covert_tunnel,1
0.014351278502221896,0.0,ssh,0.2,0.19999999999999996,0.6530612244897959,0.39073777064955895,0.30549918093999745,0.0,0.0,0.6574468186548372,0.2996176155913106,0.011824855949647082,0.013604690328059875,0.0,0.006530041030915442,0.1739130434782609,0.17391304347826086,0.00945274572946186,0.6887966804979253,0.0,0.0,0.6887966804979253,0.0,zero_day_obfuscated_memory_attack,1
0.01577183652655351,0.0,ssh,0.0,0.40000000000000013,0.0,0.007016840417000802,0.004904723511594954,0.0,0.0,0.0,0.004968251805221014,0.0,0.011593690418433689,0.0,0.0038483321624171733,0.8434782608695651,0.843478260869565,0.0,0.6390041493775933,0.0,0.0,0.6390041493775933,0.0,zero_day_buffer_overflow,1
0.0022583230130399944,0.0,ssh,0.0,0.0,0.0,0.0,0.0,0.0,0.0,0.0,0.0,0.0,0.002871376159620892,0.0,0.0024690639805761143,0.3391304347826086,0.3391304347826086,0.0,0.5394190871369295,0.0,0.0,0.5394190871369295,0.0,zero_day_covert_tunnel,1
0.1557514387703067,0.0,ssh,0.5,0.19999999999999996,0.673469387755102,0.2036888532477947,0.017733827047572613,0.0,0.0,0.07322062920246795,0.016867790289244337,0.07440935326727346,0.15552822765558497,0.05609749694790222,0.15098608608172967,0.25217391304347825,0.25217391304347825,0.031192209655368418,1.0,0.0,0.0,1.0,0.0,botnet_malware_download,1
0.0029868143075690245,0.0,ssh,0.0,0.0,0.0,0.0,0.0,0.0,0.0,0.0,0.0,0.0,0.0064726048347217655,0.0,0.0010367270954144202,0.6608695652173913,0.6608695652173913,0.0,1.0,0.0,0.0,1.0,0.0,reconnaissance,0
0.01129161506519997,0.0,ssh,0.0,0.0,0.0,0.0,0.0,0.0,0.0,0.0,0.0,0.0,0.014161971194550592,0.0,0.010293182011293494,0.7304347826086957,0.7304347826086954,0.0,0.05394190871369292,0.0,0.0,0.05394190871369292,0.0,evasion_anti_forensics,1
0.0084140744518103,0.0,ssh,0.0,0.0,0.0,0.0,0.0,0.0,0.0,0.0,0.0,0.0,0.014502588501734989,0.0,0.004822072554169305,0.7565217391304346,0.7565217391304346,0.0,0.6390041493775933,0.0,0.0,0.6390041493775933,0.0,zero_day_buffer_overflow,1
0.0048080425438916,0.0,ssh,0.0,0.0,0.0,0.0,0.0,0.0,0.0,0.0,0.0,0.0,0.008273365171975243,0.0,0.004580487829429342,0.31304347826086953,0.31304347826086953,0.0,0.6390041493775933,0.0,0.0,0.6390041493775933,0.0,zero_day_buffer_overflow,1
0.34701682814890356,0.0,ssh,0.1,0.19999999999999996,0.49999999999999994,0.04330392943063352,0.0019683503557068123,0.0,0.0,0.02463587035011571,0.001625175485373937,0.0,0.34631056560430956,0.0,0.3375237624926096,0.3826086956521738,0.38260869565217387,0.5364005135522593,0.5394190871369295,0.0,0.0,0.5394190871369295,0.0,zero_day_covert_tunnel,1
0.005463684708967728,0.0,ssh,0.0,0.0,0.0,0.0,0.0,0.0,0.0,0.0,0.0,0.0,0.006375369032499387,0.0,0.004634074637245436,0.5739130434782608,0.5739130434782609,0.0,0.38174273858921165,0.0,0.0,0.38174273858921165,0.0,brute_force_only,1
0.011328039629926422,0.0,ssh,0.0,0.40000000000000013,0.0,0.01764234161988773,0.01621944088906681,0.0,0.0,0.0,0.016429526908952215,0.0,0.006922429919777543,0.0,0.005347134452853527,0.8782608695652173,0.8782608695652174,0.0,0.6390041493775933,0.0,0.0,0.6390041493775933,0.0,zero_day_buffer_overflow,1
0.2484519559991258,0.0,ssh,0.30000000000000004,0.6000000000000001,0.4183673469387755,0.08039294306335204,0.004571154979100058,0.0,0.0,0.028701332725472383,0.004200853535808859,0.1702037834408771,0.16527020384040542,0.18398899374010672,0.1350025623968047,0.5304347826086956,0.5304347826086957,0.10153280193369889,1.0,0.0,0.0,1.0,0.0,evasion_anti_forensics,1
0.011182341371020615,0.0,ssh,0.0,0.0,0.0,0.0,0.0,0.0,0.0,0.0,0.0,0.0,0.01635196674009965,0.0,0.008997180623365564,0.7391304347826086,0.7391304347826086,0.0,1.0,0.0,0.0,1.0,0.0,brute_force_only,1
0.0084140744518103,0.0,ssh,0.0,0.0,0.0,0.0,0.0,0.0,0.0,0.0,0.0,0.0,0.010365978915598888,0.0,0.006619525078774087,0.7913043478260868,0.7913043478260868,0.0,0.3402489626556016,0.0,0.0,0.3402489626556016,0.0,brute_force_only,1
0.35018576528010487,0.0,ssh,0.4,0.40000000000000013,0.3469387755102041,0.5956295108259824,0.022119983984145403,0.0,0.0,0.016940804591353827,0.02215298436063725,0.1774983828146556,0.27981981884648843,0.3144470890259055,0.22411276085451123,0.817391304347826,0.817391304347826,0.17042451569578984,0.004149377593360981,0.0,0.0,0.004149377593360981,0.0,reconnaissance,0
0.022911051212938002,0.0,ssh,0.2,0.19999999999999996,0.6530612244897959,0.7662389735364875,0.39316768190904744,0.0,0.0,0.43829785898603696,0.39170122359320486,0.014199824584308551,0.02142866841408845,0.0,0.01327213483032966,0.14782608695652175,0.14782608695652172,0.013401275622104247,0.6887966804979253,0.0,0.0,0.6887966804979253,0.0,zero_day_obfuscated_memory_attack,1
0.1233700007284913,0.0,ssh,0.5,0.19999999999999996,0.9285714285714285,0.0611467522052927,0.008156554850271917,0.0,0.0,0.12687250533040095,0.006363568350147667,0.040737860750722596,0.12463863248502155,0.043946738102551695,0.11412509766269739,0.5739130434782608,0.5739130434782609,0.06953809478386433,0.38174273858921165,0.0,0.0,0.38174273858921165,0.0,botnet_malware_download,1
0.002476870401398703,0.0,ssh,0.0,0.0,0.0,0.0,0.0,0.0,0.0,0.0,0.0,0.0,0.005012607804355727,0.0,0.0023524164541698085,0.3652173913043478,0.36521739130434777,0.0,0.38174273858921165,0.0,0.0,0.38174273858921165,0.0,brute_force_only,1
0.008960442922707073,0.0,ssh,0.0,0.0,0.0,0.0,0.0,0.0,0.0,0.0,0.0,0.0,0.014015971491513986,0.0,0.009559842105434561,0.27826086956521734,0.27826086956521734,0.0,1.0,0.0,0.0,1.0,0.0,botnet_malware_download,1
0.3022510381000947,0.0,ssh,0.5,0.19999999999999996,0.4387755102040816,0.4971932638331997,0.02149059405213889,0.0,0.0,0.024792120548144284,0.02139794579826548,0.10817103654756663,0.30178051017844226,0.08257229534047411,0.2972172311489159,0.4434782608695652,0.44347826086956516,0.16673902504657254,0.0,0.0,0.0,0.0,0.0,reconnaissance,0
0.009798207911415457,0.0,ssh,0.0,0.0,0.0,0.0,0.0,0.0,0.0,0.0,0.0,0.0,0.01542735062076884,0.0,0.007319632281995691,0.7130434782608696,0.7130434782608694,0.0,0.6390041493775933,0.0,0.0,0.6390041493775933,0.0,zero_day_buffer_overflow,1
0.6774969039119981,0.0,ssh,0.4,0.40000000000000013,0.5408163265306122,0.44787489975942263,0.008734666600302471,0.0,0.0,0.013701555120984062,0.008642764258874924,0.39402363277543867,0.5424287546999129,0.6032315122533504,0.36979678757449225,0.4869565217391303,0.48695652173913034,0.23049579292923292,0.0580912863070539,0.0,0.0,0.0580912863070539,0.0,privilege_escalation,1
0.022036861659503172,0.0,ssh,0.1,0.40000000000000013,0.24489795918367346,0.6200882117080995,0.32647792757797406,0.0,0.0,0.1701541722936956,0.3281603986982647,0.0,0.015384572707779114,0.0,0.00589403075527497,0.6521739130434782,0.6521739130434783,0.021849962323276094,0.6887966804979253,0.0,0.0,0.6887966804979253,0.0,zero_day_obfuscated_memory_attack,1
0.25227653529540317,0.0,ssh,0.1,0.19999999999999996,0.49999999999999994,0.026463512429831595,0.001843831893785217,0.0,0.0,0.0337872193373169,0.0013620884863425884,0.0,0.2538232577234938,0.0,0.24212214713161068,0.7043478260869565,0.7043478260869565,0.38103924780811205,0.5394190871369295,0.0,0.0,0.5394190871369295,0.0,zero_day_covert_tunnel,1
0.1701755664019815,0.0,ssh,0.4,0.6000000000000001,0.6020408163265306,0.2550120288692863,0.019995466634951085,0.0,0.0,0.05999567037883099,0.019356630672728123,0.08877508939327022,0.11132856955768952,0.12625018330691098,0.06709445814707476,0.4434782608695652,0.44347826086956516,0.07005996325870616,1.0,0.0,0.0,1.0,0.0,botnet_malware_download,1
0.011145916806294164,0.0,ssh,0.0,0.40000000000000013,0.0,0.019246190858059342,0.017925529985225407,0.0,0.0,0.0,0.01815771651087907,0.0,0.009103665483144409,0.0,0.00540760464896644,0.18260869565217389,0.18260869565217386,0.0,0.6390041493775933,0.0,0.0,0.6390041493775933,0.0,zero_day_buffer_overflow,1
0.5906243170394114,0.0,ssh,0.9,0.19999999999999996,0.6224489795918366,0.2598235765838011,0.005941500018281538,0.0,0.0,0.018078431564253986,0.005747918562790759,0.15524502454471342,0.5910126378802946,0.14567030584946686,0.5897674510176608,0.6,0.5999999999999999,0.05484907452978491,0.0,0.0,0.0,0.0,0.0,reconnaissance,0
0.36686821592481966,0.0,ssh,0.1,0.19999999999999996,0.49999999999999994,0.04771451483560545,0.0020172746915216844,0.0,0.0,0.023312783022429236,0.0016945325436464676,0.0,0.36901935941462294,0.0,0.3638576817281124,0.417391304347826,0.41739130434782606,0.5721083936220509,0.5394190871369295,0.0,0.0,0.5394190871369295,0.0,zero_day_covert_tunnel,1
0.012129380053908354,0.0,ssh,0.0,0.40000000000000013,0.0,0.008821170809943865,0.007673502820813575,0.0,0.0,0.0,0.007772893767263101,0.0,0.009015189663104226,0.0,0.006228652244413871,0.3913043478260869,0.39130434782608686,0.0,0.6390041493775933,0.0,0.0,0.6390041493775933,0.0,zero_day_buffer_overflow,1
0.001821228236322576,0.0,ssh,0.0,0.0,0.0,0.0,0.0,0.0,0.0,0.0,0.0,0.0,0.005547988715390953,0.0,0.003584024854804916,0.008695652173913049,0.008695652173913049,0.0,0.04564315352697096,0.0,0.0,0.04564315352697096,0.0,reconnaissance,0
0.014387703066948346,0.0,ssh,0.0,0.40000000000000013,0.0,0.01643945469125902,0.01241815766058734,0.0,0.0,0.0,0.012579005363048035,0.0,0.008985697723090833,0.0,0.006470459013937602,0.7478260869565218,0.7478260869565216,0.0,0.6390041493775933,0.0,0.0,0.6390041493775933,0.0,zero_day_buffer_overflow,1
0.006301449697676112,0.0,ssh,0.0,0.0,0.0,0.0,0.0,0.0,0.0,0.0,0.0,0.0,0.010122597410636869,0.0,0.003600160109092082,0.7043478260869565,0.7043478260869565,0.0,0.2987551867219917,0.0,0.0,0.2987551867219917,0.0,evasion_anti_forensics,1
0.11437313324105777,0.0,ssh,0.2,0.19999999999999996,0.26530612244897955,0.3496391339214114,0.039257382078833905,0.0,0.0,0.039033339350384215,0.03918174798014367,0.07117851785908667,0.11370267072876775,0.0,0.10353245125302832,0.8086956521739129,0.8086956521739128,0.1184222166832049,1.0,0.0,0.0,1.0,0.0,evasion_anti_forensics,1
0.006592846215487724,0.0,ssh,0.0,0.0,0.0,0.0,0.0,0.0,0.0,0.0,0.0,0.0,0.008467982776123033,0.0,0.00596345675766654,0.5304347826086956,0.5304347826086957,0.0,0.38174273858921165,0.0,0.0,0.38174273858921165,0.0,brute_force_only,1
0.008596197275442558,0.0,ssh,0.0,0.0,0.0,0.0,0.0,0.0,0.0,0.0,0.0,0.0,0.01192335774789034,0.0,0.007291136534745419,0.6260869565217391,0.6260869565217391,0.0,0.6390041493775933,0.0,0.0,0.6390041493775933,0.0,zero_day_buffer_overflow,1
0.14697311867123186,0.0,ssh,0.30000000000000004,0.40000000000000013,0.4387755102040816,0.24358460304731355,0.021827165521705966,0.0,0.0,0.05050092099503553,0.021354143574534988,0.11957840052065641,0.11701657198829259,0.0350012099764824,0.07699328862239567,0.5043478260869564,0.5043478260869565,0.050723897146984435,0.2987551867219917,0.0,0.0,0.2987551867219917,0.0,evasion_anti_forensics,1
0.06239527937641145,0.0,ssh,0.1,0.40000000000000013,0.32653061224489793,0.07177225340817964,0.015549571935956725,0.0,0.0,0.08636109583713623,0.014458593925172288,0.0,0.04879061875988144,0.0,0.033834962105837196,0.6260869565217391,0.6260869565217391,0.08471449601715562,1.0,0.0,0.0,1.0,0.0,botnet_malware_download,1
0.011655860712464486,0.0,ssh,0.0,0.0,0.0,0.0,0.0,0.0,0.0,0.0,0.0,0.0,0.01518396911580682,0.0,0.010062403466030257,0.7739130434782607,0.7739130434782608,0.0,0.0580912863070539,0.0,0.0,0.0580912863070539,0.0,privilege_escalation,1
0.016136082173818025,0.0,ssh,0.2,0.19999999999999996,0.6530612244897959,0.6006415396952687,0.4205505520632325,0.0,0.0,0.595375718357117,0.41708811333412604,0.006310229260481778,0.016043323367880273,0.0,0.009667755870345978,0.7391304347826086,0.7391304347826086,0.015213253256213604,0.6887966804979253,0.0,0.0,0.6887966804979253,0.0,zero_day_obfuscated_memory_attack,1
0.010490274641218036,0.0,ssh,0.0,0.0,0.0,0.0,0.0,0.0,0.0,0.0,0.0,0.0,0.015135351214695633,0.0,0.01038111174566576,0.4869565217391303,0.48695652173913034,0.0,0.5394190871369295,0.0,0.0,0.5394190871369295,0.0,zero_day_covert_tunnel,1
0.006774969039119982,0.0,ssh,0.0,0.0,0.0,0.0,0.0,0.0,0.0,0.0,0.0,0.0,0.009879361905377885,0.0,0.006387044190168627,0.4260869565217391,0.42608695652173906,0.0,0.02074688796680496,0.0,0.0,0.02074688796680496,0.0,privilege_escalation,1
0.16631456254097765,0.0,ssh,0.1,0.40000000000000013,0.1020408163265306,0.41379310344827586,0.031868951426729644,0.0,0.0,0.010400988462048432,0.0321260938377986,0.0,0.1332574329543814,0.0,0.14065885720359167,0.18260869565217389,0.18260869565217386,0.14088770583065902,0.2987551867219917,0.0,0.0,0.2987551867219917,0.0,privilege_escalation,1
0.3809645224739564,0.0,ssh,0.30000000000000004,0.19999999999999996,0.6224489795918366,0.6607858861267041,0.022729030979026392,0.0,0.0,0.027955930564077698,0.022605078691138838,0.2043282029560208,0.38000291707406664,0.14698875777960566,0.37756783690188905,0.26086956521739124,0.2608695652173913,0.30897618390439746,0.0580912863070539,0.0,0.0,0.0580912863070539,0.0,privilege_escalation,1
0.4044583667225176,0.0,ssh,0.30000000000000004,0.19999999999999996,0.4693877551020408,0.3103448275862069,0.010169756674648202,0.0,0.0,0.019865260306251593,0.010004203375150867,0.304740038483585,0.4073055915404268,0.1806268583398157,0.3984495204868879,0.3565217391304347,0.3565217391304347,0.19774991582859552,0.02074688796680496,0.0,0.0,0.02074688796680496,0.0,privilege_escalation,1
0.015006920667298024,0.0,ssh,0.2,0.19999999999999996,0.6530612244897959,0.41860465116279066,0.3145477507580491,0.0,0.0,0.6331967154989272,0.30914628680202455,0.005462008558996598,0.01462814824634647,0.0,0.005449349068314891,0.617391304347826,0.6173913043478261,0.008093488564742313,0.6887966804979253,0.0,0.0,0.6887966804979253,0.0,zero_day_obfuscated_memory_attack,1
0.7217891746193633,0.0,ssh,0.4,0.40000000000000013,0.5408163265306122,0.26744186046511625,0.004973498616701674,0.0,0.0,0.012863996122049932,0.004845412483754426,0.2574229382818931,0.5769604584624275,0.1447041351021721,0.4558472829267989,0.34782608695652173,0.34782608695652173,0.5948673148393465,0.02074688796680496,0.0,0.0,0.02074688796680496,0.0,privilege_escalation,1
0.18190427624389888,0.0,ssh,0.5,0.19999999999999996,0.7551020408163265,0.16479550922213312,0.012605616542283015,0.0,0.0,0.0704696842327738,0.011714323509868585,0.08731584065520097,0.18095874792990674,0.11905248280535914,0.17059123420484432,0.5478260869565217,0.5478260869565217,0.02748935991554139,1.0,0.0,0.0,1.0,0.0,evasion_anti_forensics,1
0.018649377139943177,0.0,ssh,0.2,0.19999999999999996,0.6530612244897959,0.40216519647153165,0.2511060402131934,0.0,0.0,0.525510213627033,0.2464943474715518,0.011293001755801233,0.017703339991406462,0.0,0.006545806210562996,0.6869565217391304,0.6869565217391302,0.009208045990401864,0.6887966804979253,0.0,0.0,0.6887966804979253,0.0,zero_day_obfuscated_memory_attack,1
0.5675675675675675,0.0,ssh,0.4,0.19999999999999996,0.7755102040816326,0.5735765838011226,0.013379247313894187,0.0,0.0,0.023434512126107726,0.013201854216887875,0.2775276680927276,0.5689009828554008,0.06562432674313556,0.5659757225115218,0.7913043478260868,0.7913043478260868,0.3021730351845121,0.0580912863070539,0.0,0.0,0.0580912863070539,0.0,privilege_escalation,1
0.01988781234064253,0.0,ssh,0.2,0.19999999999999996,0.6530612244897959,0.42481956696070566,0.25033840818285946,0.0,0.0,0.4967845592214503,0.24614665270083294,0.005803944189264784,0.018781985797440892,0.0,0.006619821138485779,0.826086956521739,0.826086956521739,0.013263383310981822,0.6887966804979253,0.0,0.0,0.6887966804979253,0.0,zero_day_obfuscated_memory_attack,1
0.010635972900123842,0.0,ssh,0.0,0.0,0.0,0.0,0.0,0.0,0.0,0.0,0.0,0.0,0.01683858375032065,0.0,0.008707634225331638,0.617391304347826,0.6173913043478261,0.0,0.38174273858921165,0.0,0.0,0.38174273858921165,0.0,brute_force_only,1
0.001056312377067094,0.0,ssh,0.0,0.0,0.0,0.0,0.0,0.0,0.0,0.0,0.0,0.0,0.0038446101800628935,0.0,0.001402508869208813,0.33043478260869563,0.33043478260869563,0.0,0.04564315352697096,0.0,0.0,0.04564315352697096,0.0,reconnaissance,0
0.5390835579514824,0.0,ssh,0.1,0.19999999999999996,0.49999999999999994,0.0471130713712911,0.00136174993425993,0.0,0.0,0.015903361213945144,0.0011413929794087706,0.0,0.5403777508716547,0.0,0.5387315676924247,0.4260869565217391,0.42608695652173906,0.8445919050811846,0.5394190871369295,0.0,0.0,0.5394190871369295,0.0,zero_day_covert_tunnel,1
0.2929263495301231,0.0,ssh,0.1,0.19999999999999996,0.49999999999999994,0.06575781876503609,0.0033125035066958147,0.0,0.0,0.029142442303452608,0.002919295969302827,0.0,0.29372015857319744,0.0,0.291506239310394,0.3391304347826086,0.3391304347826086,0.45814982775283747,0.5394190871369295,0.0,0.0,0.5394190871369295,0.0,zero_day_covert_tunnel,1
0.44081008231951624,0.0,ssh,0.5,0.40000000000000013,0.3469387755102041,0.3949478748997594,0.011737774861291055,0.0,0.0,0.013479763124941193,0.011688092210542239,0.16611297046774556,0.35111074384074703,0.14865405957670738,0.3657931720932931,0.417391304347826,0.41739130434782606,0.22679634580185098,0.04564315352697096,0.0,0.0,0.04564315352697096,0.0,reconnaissance,0
0.0048808916733445035,0.0,ssh,0.0,0.0,0.0,0.0,0.0,0.0,0.0,0.0,0.0,0.0,0.007348603052941391,0.0,0.0016130813391491304,0.7826086956521738,0.7826086956521738,0.0,1.0,0.0,0.0,1.0,0.0,botnet_malware_download,1
0.0005827930356232243,0.0,ssh,0.0,0.0,0.0,0.0,0.0,0.0,0.0,0.0,0.0,0.0,0.0010706158223674185,0.0,0.0021960229114689677,0.043478260869565216,0.043478260869565216,0.0,1.0,0.0,0.0,1.0,0.0,brute_force_only,1
0.07000801340423982,0.0,ssh,0.1,0.40000000000000013,0.1020408163265306,0.26744186046511625,0.047980850077703315,0.0,0.0,0.024164766045051595,0.048240711487560865,0.0,0.05551390508471706,0.0,0.040527909993110685,0.6347826086956521,0.6347826086956521,0.10370268825991437,1.0,0.0,0.0,1.0,0.0,evasion_anti_forensics,1
0.0837036497413856,0.0,ssh,0.2,0.40000000000000013,0.39795918367346933,0.21932638331996793,0.03404186527956938,0.0,0.0,0.07931631817561569,0.03329583963292669,0.08675866398621143,0.06584075607990214,0.0,0.05879708866721911,0.31304347826086953,0.31304347826086953,0.0677968222829361,0.38174273858921165,0.0,0.0,0.38174273858921165,0.0,botnet_malware_download,1
0.006920667298025788,0.0,ssh,0.0,0.0,0.0,0.0,0.0,0.0,0.0,0.0,0.0,0.0,0.009246599192417243,0.0,0.008595575624456545,0.19999999999999998,0.2,0.0,0.38174273858921165,0.0,0.0,0.38174273858921165,0.0,brute_force_only,1
0.0006556421650761274,0.0,ssh,0.0,0.0,0.0,0.0,0.0,0.0,0.0,0.0,0.0,0.0,0.001313997327329436,0.0,0.0011908261753496541,0.18260869565217389,0.18260869565217386,0.0,0.38174273858921165,0.0,0.0,0.38174273858921165,0.0,brute_force_only,1
0.0022583230130399944,0.0,ssh,0.0,0.0,0.0,0.0,0.0,0.0,0.0,0.0,0.0,0.0,0.005693988418427559,0.0,0.0008534661338776094,0.5826086956521739,0.5826086956521739,0.0,0.2987551867219917,0.0,0.0,0.2987551867219917,0.0,privilege_escalation,1
0.0012020106359728997,0.0,ssh,0.0,0.0,0.0,0.0,0.0,0.0,0.0,0.0,0.0,0.0,0.0036986104770262897,0.0,0.0025299782662565645,0.1391304347826087,0.13913043478260867,0.0,1.0,0.0,0.0,1.0,0.0,brute_force_only,1
0.014059881984410287,0.0,ssh,0.2,0.19999999999999996,0.6530612244897959,0.3057337610264635,0.24532739781779062,0.0,0.0,0.6688311754933545,0.23849607171435652,0.007240583574527168,0.015405158665907274,0.0,0.009838952398631376,0.3217391304347825,0.3217391304347826,0.010207433635504543,0.6887966804979253,0.0,0.0,0.6887966804979253,0.0,zero_day_obfuscated_memory_attack,1
0.00579150579150579,0.0,ssh,0.0,0.0,0.0,0.0,0.0,0.0,0.0,0.0,0.0,0.0,0.009343980994342659,0.0,0.006378976563025043,0.28695652173913044,0.28695652173913044,0.0,0.6390041493775933,0.0,0.0,0.6390041493775933,0.0,zero_day_buffer_overflow,1
0.008924018357980621,0.0,ssh,0.0,0.0,0.0,0.0,0.0,0.0,0.0,0.0,0.0,0.0,0.01318859117440555,0.0,0.008584325355412281,0.4434782608695652,0.44347826086956516,0.0,0.38174273858921165,0.0,0.0,0.38174273858921165,0.0,botnet_malware_download,1
0.41014059881984405,0.0,ssh,0.30000000000000004,0.6000000000000001,0.22448979591836732,0.24238171611868484,0.007745730233623226,0.0,0.0,0.009370063053503049,0.007705837050520119,0.20710043847345597,0.27174442927183085,0.10726863952175453,0.21841464761344784,0.617391304347826,0.6173913043478261,0.16713805344500668,0.004149377593360981,0.0,0.0,0.004149377593360981,0.0,reconnaissance,0
0.009251839440518685,0.0,ssh,0.0,0.0,0.0,0.0,0.0,0.0,0.0,0.0,0.0,0.0,0.01197197564900153,0.0,0.010963461198562214,0.26956521739130435,0.2695652173913043,0.0,0.38174273858921165,0.0,0.0,0.38174273858921165,0.0,brute_force_only,1
0.018248706927952208,0.0,ssh,0.2,0.19999999999999996,0.6530612244897959,0.8604651162790697,0.5384882022163273,0.0,0.0,0.5355286335277437,0.5374490042077564,0.0075308876645673135,0.019456358425766963,0.0,0.009532382567175209,0.6260869565217391,0.6260869565217391,0.007119707020073913,0.6887966804979253,0.0,0.0,0.6887966804979253,0.0,zero_day_obfuscated_memory_attack,1
0.015735411961827057,0.0,ssh,0.0,0.40000000000000013,0.0,0.018444266238973536,0.012917793606180623,0.0,0.0,0.0,0.013085113013209864,0.0,0.011510470587702826,0.0,0.007709098832725374,0.5130434782608695,0.5130434782608695,0.0,0.6390041493775933,0.0,0.0,0.6390041493775933,0.0,zero_day_buffer_overflow,1
0.006046477744590951,0.0,ssh,0.0,0.0,0.0,0.0,0.0,0.0,0.0,0.0,0.0,0.0,0.010171361311451094,0.0,0.006134209196384401,0.3913043478260869,0.39130434782608686,0.0,0.6887966804979253,0.0,0.0,0.6887966804979253,0.0,zero_day_obfuscated_memory_attack,1
0.4616813579077729,0.0,ssh,0.2,0.6000000000000001,0.4081632653061224,0.6174819566960705,0.017453177256499287,0.0,0.0,0.015145888739840643,0.017452588224756187,0.8713490828166617,0.30685034986638837,0.0,0.2056057722169869,0.6,0.5999999999999999,0.10963344175171563,0.0580912863070539,0.0,0.0,0.0580912863070539,0.0,privilege_escalation,1
0.004917316238070955,0.0,ssh,0.0,0.0,0.0,0.0,0.0,0.0,0.0,0.0,0.0,0.0,0.008029983667013223,0.0,0.002512510743266788,0.6782608695652174,0.6782608695652173,0.0,0.5394190871369295,0.0,0.0,0.5394190871369295,0.0,zero_day_covert_tunnel,1
0.009433962264150943,0.0,ssh,0.0,0.0,0.0,0.0,0.0,0.0,0.0,0.0,0.0,0.0,0.013334590877442156,0.0,0.007094626901110432,0.7565217391304346,0.7565217391304346,0.0,0.6390041493775933,0.0,0.0,0.6390041493775933,0.0,zero_day_buffer_overflow,1
0.30749617542070373,0.0,ssh,0.1,0.19999999999999996,0.49999999999999994,0.02445870088211708,0.001431930214196149,0.0,0.0,0.027773910248413674,0.0010348457116726585,0.0,0.30964201018815124,0.0,0.3051756862738132,0.31304347826086953,0.31304347826086953,0.4812886881360362,0.5394190871369295,0.0,0.0,0.5394190871369295,0.0,zero_day_covert_tunnel,1
0.010089604429227069,0.0,ssh,0.0,0.40000000000000013,0.0,0.018043303929430633,0.018185779776235967,0.0,0.0,0.0,0.01842133817900563,0.0,0.006056359681364408,0.0,0.0036219204979013805,0.6956521739130435,0.6956521739130435,0.0,0.6390041493775933,0.0,0.0,0.6390041493775933,0.0,zero_day_buffer_overflow,1
0.004188824943541924,0.0,ssh,0.0,0.0,0.0,0.0,0.0,0.0,0.0,0.0,0.0,0.0,0.00515860750739233,0.0,0.002252644331329897,0.7565217391304346,0.7565217391304346,0.0,1.0,0.0,0.0,1.0,0.0,botnet_malware_download,1
0.09554163327748233,0.0,ssh,0.4,0.19999999999999996,0.6122448979591836,0.3692862870890136,0.05026570001480356,0.0,0.0,0.10733139327197148,0.04931057892812685,0.06438683270756126,0.09730340008488425,0.037224579480367906,0.09605768368210647,0.1043478260869565,0.1043478260869565,0.015595441606614403,0.2987551867219917,0.0,0.0,0.2987551867219917,0.0,evasion_anti_forensics,1
0.0983463247614191,0.0,ssh,0.2,0.40000000000000013,0.19387755102040816,0.297514033680834,0.03861923298596128,0.0,0.0,0.033045498621298706,0.03862493888797721,0.09005149012900321,0.0784478304371129,0.0,0.08325487750973518,0.19130434782608693,0.19130434782608696,0.05682668441715383,0.3402489626556016,0.0,0.0,0.3402489626556016,0.0,botnet_malware_download,1
0.025169374225978,0.0,ssh,0.1,0.40000000000000013,0.24489795918367346,0.5819967923015237,0.27220211538299954,0.0,0.0,0.15107559461830622,0.27346706755517197,0.0,0.01819827898470055,0.0,0.010717435578146885,0.3391304347826086,0.3391304347826086,0.017095070952543475,0.6887966804979253,0.0,0.0,0.6887966804979253,0.0,zero_day_obfuscated_memory_attack,1
0.6756756756756757,0.0,ssh,0.9,0.19999999999999996,0.6326530612244897,0.23736968724939855,0.004771581413283188,0.0,0.0,0.016071259263738685,0.004592884296196162,0.17875825816888252,0.6762170425745355,0.15515202554890992,0.6691781412009425,0.6608695652173913,0.6608695652173913,0.050086801220188354,0.004149377593360981,0.0,0.0,0.004149377593360981,0.0,reconnaissance,0
0.07740220004370948,0.0,ssh,0.4,0.19999999999999996,0.6020408163265306,0.26303127506014434,0.044430536780065984,0.0,0.0,0.1294227209997309,0.043069234849354834,0.03659245646754103,0.07821569090928471,0.04659782373207439,0.06936086925499829,0.31304347826086953,0.31304347826086953,0.03210370609087236,0.38174273858921165,0.0,0.0,0.38174273858921165,0.0,botnet_malware_download,1
0.22976615429445618,0.0,ssh,0.5,0.19999999999999996,0.7551020408163265,0.09202085004009623,0.005955230787554556,0.0,0.0,0.055965091207205685,0.005194852154290751,0.11798497555065696,0.23124148365482228,0.08242519720202744,0.22180956432741006,0.6260869565217391,0.6260869565217391,0.019097248855193927,0.2987551867219917,0.0,0.0,0.2987551867219917,0.0,evasion_anti_forensics,1
0.5473155095796606,0.0,ssh,0.7000000000000001,0.19999999999999996,0.4693877551020408,0.30513231756214915,0.007405863379430628,0.0,0.0,0.014706227599385596,0.007281712597061555,0.16402107093022608,0.5472677688573582,0.10883406545459813,0.5484793336998551,0.060869565217391286,0.060869565217391314,0.17108981293590206,1.0,0.0,0.0,1.0,0.0,reconnaissance,0
0.7778101551686457,0.0,ssh,0.8,0.40000000000000013,0.5510204081632653,0.48295910184442664,0.00819796827697277,0.0,0.0,0.012166090641168371,0.008122093197969485,0.22875469000193044,0.6226322315660411,0.21594911943282577,0.499484263982234,0.3739130434782608,0.3739130434782609,0.0965700051754312,0.04564315352697096,0.0,0.0,0.04564315352697096,0.0,reconnaissance,0
0.267829824433598,0.0,ssh,0.5,0.19999999999999996,0.7551020408163265,0.3275862068965517,0.016399160609899516,0.0,0.0,0.04809277290630015,0.01589187197585865,0.1387805649674409,0.26970700341595505,0.04904116152914474,0.26642243220750705,0.11304347826086955,0.11304347826086955,0.029944950344350144,1.0,0.0,0.0,1.0,0.0,evasion_anti_forensics,1
0.09758140890216362,0.0,ssh,0.2,0.19999999999999996,0.37755102040816324,0.316158781074579,0.041787467121583814,0.0,0.0,0.06484232339276695,0.041358373222530415,0.08703573132788099,0.0983534299491235,0.0,0.08844391607654563,0.19999999999999998,0.2,0.08206611010692393,0.0580912863070539,0.0,0.0,0.0580912863070539,0.0,privilege_escalation,1
0.007357762074743207,0.0,ssh,0.0,0.0,0.0,0.0,0.0,0.0,0.0,0.0,0.0,0.0,0.01153397653989172,0.0,0.006640841378015849,0.4695652173913043,0.46956521739130436,0.0,1.0,0.0,0.0,1.0,0.0,brute_force_only,1
0.007102790121658046,0.0,ssh,0.0,0.0,0.0,0.0,0.0,0.0,0.0,0.0,0.0,0.0,0.008613982479159638,0.0,0.006728030963108888,0.5478260869565217,0.5478260869565217,0.0,0.38174273858921165,0.0,0.0,0.38174273858921165,0.0,brute_force_only,1
0.005390835579514825,0.0,ssh,0.0,0.0,0.0,0.0,0.0,0.0,0.0,0.0,0.0,0.0,0.007105367547682409,0.0,0.00572276021206165,0.34782608695652173,0.34782608695652173,0.0,0.6887966804979253,0.0,0.0,0.6887966804979253,0.0,zero_day_obfuscated_memory_attack,1
0.006556421650761273,0.0,ssh,0.0,0.0,0.0,0.0,0.0,0.0,0.0,0.0,0.0,0.0,0.011047359529670717,0.0,0.006305849814237334,0.3565217391304347,0.3565217391304347,0.0,1.0,0.0,0.0,1.0,0.0,brute_force_only,1
0.531944343265098,0.0,ssh,0.1,0.19999999999999996,0.49999999999999994,0.025260625501202887,0.0008503090935254266,0.0,0.0,0.016115678014510807,0.0006201520262751639,0.0,0.5332688793310995,0.0,0.5298157294748462,0.4869565217391303,0.48695652173913034,0.8301876661873404,0.5394190871369295,0.0,0.0,0.5394190871369295,0.0,zero_day_covert_tunnel,1
0.014715524149486412,0.0,ssh,0.2,0.19999999999999996,0.6530612244897959,0.8568564554931837,0.6446328691163529,0.0,0.0,0.6437500313073735,0.6433490179746727,0.01064859409289139,0.015460054554249038,0.0,0.008714739658412225,0.6869565217391304,0.6869565217391302,0.0057697926217290365,0.6887966804979253,0.0,0.0,0.6887966804979253,0.0,zero_day_obfuscated_memory_attack,1
0.004443796896627085,0.0,ssh,0.0,0.0,0.0,0.0,0.0,0.0,0.0,0.0,0.0,0.0,0.005255989309317746,0.0,0.0029233676081661555,0.6869565217391304,0.6869565217391302,0.0,1.0,0.0,0.0,1.0,0.0,brute_force_only,1
0.0059372040504115965,0.0,ssh,0.0,0.0,0.0,0.0,0.0,0.0,0.0,0.0,0.0,0.0,0.00880860008330743,0.0,0.0077504731774342105,0.1043478260869565,0.1043478260869565,0.0,0.004149377593360981,0.0,0.0,0.004149377593360981,0.0,reconnaissance,0
0.10381000947038684,0.0,ssh,0.30000000000000004,0.19999999999999996,0.26530612244897955,0.27485966319166,0.03405541772716352,0.0,0.0,0.04290199527700733,0.0338545074227248,0.06344505039336985,0.10454571535401497,0.015103885985817024,0.10095502941797324,0.20869565217391303,0.208695652173913,0.07110266212323708,0.3402489626556016,0.0,0.0,0.3402489626556016,0.0,botnet_malware_download,1
0.009834632476141908,0.0,ssh,0.0,0.0,0.0,0.0,0.0,0.0,0.0,0.0,0.0,0.0,0.012653356263073364,0.0,0.008994368056104499,0.6347826086956521,0.6347826086956521,0.0,0.004149377593360981,0.0,0.0,0.004149377593360981,0.0,reconnaissance,0
0.08949515553289138,0.0,ssh,0.30000000000000004,0.19999999999999996,0.4081632653061224,0.23757016840417,0.034495708218028755,0.0,0.0,0.07624357866907783,0.03380154266863809,0.029523868406002806,0.09015978061500625,0.023200469265692126,0.07994263547026273,0.3217391304347825,0.3217391304347826,0.08938662893265584,0.2987551867219917,0.0,0.0,0.2987551867219917,0.0,evasion_anti_forensics,1
0.18653019596415824,0.0,ssh,0.5,0.19999999999999996,0.7551020408163265,0.11848436246992783,0.00912710268542605,0.0,0.0,0.06874761271846436,0.008216523707966916,0.0852660356218164,0.186488194683012,0.07460274450426267,0.1792398785326215,0.4260869565217391,0.42608695652173906,0.048090736485659605,0.2987551867219917,0.0,0.0,0.2987551867219917,0.0,evasion_anti_forensics,1
0.011692285277190937,0.0,ssh,0.0,0.40000000000000013,0.0,0.002004811547714515,0.0017966907747590487,0.0,0.0,0.0,0.001819963926436104,0.0,0.008572518563497243,0.0,0.008206109073726863,0.3217391304347825,0.3217391304347826,0.0,0.6390041493775933,0.0,0.0,0.6390041493775933,0.0,zero_day_buffer_overflow,1
0.40380272455744154,0.0,ssh,0.30000000000000004,0.40000000000000013,0.5918367346938775,0.26182838813151565,0.008716385061784682,0.0,0.0,0.025087903561098322,0.008453849952601991,0.30105520727103635,0.3245075539516353,0.028113396219924845,0.2952709346042584,0.34782608695652173,0.34782608695652173,0.21152478676289177,0.02074688796680496,0.0,0.0,0.02074688796680496,0.0,privilege_escalation,1
0.0014569825890580613,0.0,ssh,0.0,0.0,0.0,0.0,0.0,0.0,0.0,0.0,0.0,0.0,0.0007786164162942094,0.0,0.0012323485499143353,0.3999999999999999,0.39999999999999997,0.0,1.0,0.0,0.0,1.0,0.0,evasion_anti_forensics,1
0.0922634224521017,0.0,ssh,0.4,0.40000000000000013,0.336734693877551,0.19607056936647954,0.027640202602529293,0.0,0.0,0.06106866082717007,0.02708433225724465,0.02396328306876828,0.0744137126425085,0.007242357987685396,0.07650826879971767,0.6347826086956521,0.6347826086956521,0.05352286307576095,0.3402489626556016,0.0,0.0,0.3402489626556016,0.0,botnet_malware_download,1
0.1404166970204706,0.0,ssh,0.2,0.19999999999999996,0.2755102040816326,0.3251804330392943,0.02992138624591196,0.0,0.0,0.03316191678738488,0.02981268994486515,0.13177084343902892,0.13842202644959822,0.0,0.12957341940381273,0.9130434782608695,0.9130434782608694,0.11849442127271775,0.2987551867219917,0.0,0.0,0.2987551867219917,0.0,evasion_anti_forensics,1
0.009470386828877395,0.0,ssh,0.0,0.40000000000000013,0.0,0.017241379310344827,0.018256744671559216,0.0,0.0,0.0,0.018493219561807047,0.0,0.0056863964338696536,0.0,0.005464300083755293,0.5130434782608695,0.5130434782608695,0.0,0.6390041493775933,0.0,0.0,0.6390041493775933,0.0,zero_day_buffer_overflow,1
0.35149704961025713,0.0,ssh,0.4,0.19999999999999996,0.37755102040816324,0.30593424218123494,0.011462752902402878,0.0,0.0,0.018367334498963432,0.011336360326891663,0.2173473260288407,0.35174058655964696,0.04742428896531622,0.3420440761856377,0.4695652173913043,0.46956521739130436,0.08494373982171925,0.04564315352697096,0.0,0.0,0.04564315352697096,0.0,reconnaissance,0
0.434982151963284,0.0,ssh,0.1,0.19999999999999996,0.49999999999999994,0.07337610264635125,0.00246308602156474,0.0,0.0,0.019685291943748236,0.002200402663450124,0.0,0.43457643807152496,0.0,0.4359366751961469,0.617391304347826,0.6173913043478261,0.6829000500472386,0.5394190871369295,0.0,0.0,0.5394190871369295,0.0,zero_day_covert_tunnel,1
0.1495956873315364,0.0,ssh,0.4,0.19999999999999996,0.5918367346938775,0.2181234963913392,0.019541637962226018,0.0,0.0,0.06694509256994399,0.018792925974916556,0.07111570496619779,0.15012784463996404,0.049596815317759134,0.1404704892120282,0.3217391304347825,0.3217391304347826,0.07428854545699912,0.05394190871369292,0.0,0.0,0.05394190871369292,0.0,evasion_anti_forensics,1
0.7453922925621038,0.0,ssh,0.7000000000000001,0.40000000000000013,0.49999999999999994,0.11327185244587008,0.0021322208457215186,0.0,0.0,0.011517914848651254,0.0019874734057556413,0.24533334736483473,0.5963407510429124,0.19170659186738898,0.5819730869879683,0.6782608695652174,0.6782608695652173,0.1413856983469878,0.004149377593360981,0.0,0.0,0.004149377593360981,0.0,reconnaissance,0
0.218620237488162,0.0,ssh,0.1,0.19999999999999996,0.49999999999999994,0.08580593424218123,0.005597859877364044,0.0,0.0,0.03892368055941554,0.00508787498370106,0.0,0.21850490756101804,0.0,0.215537021230738,0.4521739130434782,0.45217391304347815,0.34034475269293707,0.5394190871369295,0.0,0.0,0.5394190871369295,0.0,zero_day_covert_tunnel,1
0.4701318569243097,0.0,ssh,0.1,0.19999999999999996,0.49999999999999994,0.03748997594226143,0.0012965840599335455,0.0,0.0,0.018222128637064343,0.0010406864296434433,0.0,0.47115403567269143,0.0,0.4647419528749914,0.1565217391304348,0.15652173913043477,0.7320435778919696,0.5394190871369295,0.0,0.0,0.5394190871369295,0.0,zero_day_covert_tunnel,1
0.20769286807022655,0.0,ssh,0.1,0.19999999999999996,0.49999999999999994,0.0408981555733761,0.003123254275344279,0.0,0.0,0.04094461301642003,0.0025509739900274877,0.0,0.20874073942133606,0.0,0.20463787900454067,0.408695652173913,0.40869565217391296,0.3204763795834487,0.5394190871369295,0.0,0.0,0.5394190871369295,0.0,zero_day_covert_tunnel,1
0.004771617979165149,0.0,ssh,0.0,0.0,0.0,0.0,0.0,0.0,0.0,0.0,0.0,0.0,0.007981365765902033,0.0,0.0025896342981623277,0.5826086956521739,0.5826086956521739,0.0,0.5394190871369295,0.0,0.0,0.5394190871369295,0.0,zero_day_covert_tunnel,1
0.04217964595323085,0.0,ssh,0.2,0.19999999999999996,0.39795918367346933,0.054330392943063355,0.017918875020169964,0.0,0.0,0.15259066026964233,0.015867463247873737,0.01352902564048597,0.042750757044960175,0.0,0.03209709159821025,0.6434782608695652,0.6434782608695653,0.04283260450143711,0.3402489626556016,0.0,0.0,0.3402489626556016,0.0,botnet_malware_download,1
0.0060100531798645,0.0,ssh,0.0,0.0,0.0,0.0,0.0,0.0,0.0,0.0,0.0,0.0,0.009246599192417243,0.0,0.003697045649743005,0.6695652173913043,0.6695652173913043,0.0,1.0,0.0,0.0,1.0,0.0,brute_force_only,1
0.00287754061338967,0.0,ssh,0.0,0.0,0.0,0.0,0.0,0.0,0.0,0.0,0.0,0.0,0.0068133681416092,0.0,0.0011473794126589804,0.5043478260869564,0.5043478260869565,0.0,0.02074688796680496,0.0,0.0,0.02074688796680496,0.0,privilege_escalation,1
0.38679245283018865,0.0,ssh,0.7000000000000001,0.19999999999999996,0.4183673469387755,0.46090617481956697,0.015606271096970345,0.0,0.0,0.018508919267049572,0.015531433656265851,0.11735405128360284,0.38636135014101386,0.09179150143899698,0.38848000575540076,0.4695652173913043,0.46956521739130436,0.1149345965983795,0.04564315352697096,0.0,0.0,0.04564315352697096,0.0,reconnaissance,0
0.33335761637648426,0.0,ssh,0.1,0.19999999999999996,0.49999999999999994,0.041900561347233356,0.001994235530611634,0.0,0.0,0.02563698208626785,0.0016364098584740752,0.0,0.33361092743537357,0.0,0.33466278946868233,0.26086956521739124,0.2608695652173913,0.5233705840578495,0.5394190871369295,0.0,0.0,0.5394190871369295,0.0,zero_day_covert_tunnel,1
0.016172506738544475,0.0,ssh,0.2,0.19999999999999996,0.6530612244897959,0.8331996792301524,0.5788596026202674,0.0,0.0,0.5942307888450273,0.5774648540395683,0.01574655096378327,0.01588943968087969,0.0,0.01089818003213432,0.5130434782608695,0.5130434782608695,0.006101633842221899,0.6887966804979253,0.0,0.0,0.6887966804979253,0.0,zero_day_obfuscated_memory_attack,1
0.7422962045603554,0.0,ssh,0.5,0.19999999999999996,0.846938775510204,0.7119085805934242,0.012672130528501661,0.0,0.0,0.019591022801484576,0.0125430904116291,0.39070096228694184,0.7418544210681076,0.1433218652104303,0.7402588953360825,0.6956521739130435,0.6956521739130435,0.06472287913147799,0.0580912863070539,0.0,0.0,0.0580912863070539,0.0,privilege_escalation,1
0.15192685947402929,0.0,ssh,0.30000000000000004,0.6000000000000001,0.4183673469387755,0.30733761026463513,0.02643544707434683,0.0,0.0,0.0466101160445899,0.02608034020373156,0.05527000171337787,0.09938418785256191,0.010110847122337976,0.0775931055982819,0.3999999999999999,0.39999999999999997,0.1503365875764968,1.0,0.0,0.0,1.0,0.0,evasion_anti_forensics,1
0.6088365994026371,0.0,ssh,0.6000000000000001,0.40000000000000013,0.36734693877551017,0.5002004811547714,0.010751762970145285,0.0,0.0,0.010351500179938187,0.010736120208626689,0.21701328311809778,0.48756571629133305,0.09086078511481499,0.49668605561718526,0.6434782608695652,0.6434782608695653,0.18851107331199568,0.004149377593360981,0.0,0.0,0.004149377593360981,0.0,reconnaissance,0
0.09816420193778684,0.0,ssh,0.30000000000000004,0.6000000000000001,0.2040816326530612,0.054931836407377706,0.007567893589719393,0.0,0.0,0.03484753595731068,0.007144427275294563,0.010839828109723271,0.06255868275563928,0.0004034260740578025,0.04240078372926878,0.7565217391304346,0.7565217391304346,0.01367313858932763,0.3402489626556016,0.0,0.0,0.3402489626556016,0.0,botnet_malware_download,1
0.12693960807168353,0.0,ssh,0.30000000000000004,0.19999999999999996,0.44897959183673464,0.35745789895749797,0.0365957527000149,0.0,0.0,0.059656675646375806,0.036177015140792856,0.09156582347209284,0.12714632338437823,0.09184928460517652,0.116141264299314,0.7652173913043477,0.7652173913043478,0.05784544965177433,0.05394190871369292,0.0,0.0,0.05394190871369292,0.0,evasion_anti_forensics,1
0.7208421359364755,0.0,ssh,0.9,0.19999999999999996,0.6224489795918366,0.5637530072173216,0.010315474017753906,0.0,0.0,0.014825120179577283,0.010227235349904449,0.16204945314963906,0.7213807367115815,0.19751689290108912,0.7249999037805936,0.7217391304347825,0.7217391304347824,0.22524706138278247,0.0,0.0,0.0,0.0,0.0,reconnaissance,0
0.0108180957237561,0.0,ssh,0.0,0.40000000000000013,0.0,0.01904570970328789,0.018166820615338468,0.0,0.0,0.0,0.018402131636811918,0.0,0.0074978147494448,0.0,0.002808274395246228,0.8782608695652173,0.8782608695652174,0.0,0.6390041493775933,0.0,0.0,0.6390041493775933,0.0,zero_day_buffer_overflow,1
0.1661688642820718,0.0,ssh,0.4,0.19999999999999996,0.5816326530612245,0.3714915797914996,0.029374245405067608,0.0,0.0,0.059336570953311484,0.028866760064988346,0.09333420372490323,0.16740413549998842,0.09841755594406226,0.16135446725979272,0.7739130434782607,0.7739130434782608,0.05840509289189646,0.2987551867219917,0.0,0.0,0.2987551867219917,0.0,evasion_anti_forensics,1
0.0780578422087856,0.0,ssh,0.2,0.19999999999999996,0.4081632653061224,0.17381716118684842,0.029155073796001626,0.0,0.0,0.0870324466300562,0.028230278052377978,0.06691102307074803,0.07639244661776358,0.0,0.06376933751014374,0.3565217391304347,0.3565217391304347,0.06148353441234979,0.38174273858921165,0.0,0.0,0.38174273858921165,0.0,botnet_malware_download,1
0.19064617177824722,0.0,ssh,0.4,0.40000000000000013,0.5918367346938775,0.06154771451483561,0.004903004490610644,0.0,0.0,0.052736584315147654,0.004177314548260913,0.1230991289397414,0.15257786565662126,0.022865387249804924,0.13166115847573068,0.5826086956521739,0.5826086956521739,0.038840244346790107,0.2987551867219917,0.0,0.0,0.2987551867219917,0.0,evasion_anti_forensics,1
0.01875865083412253,0.0,ssh,0.2,0.19999999999999996,0.6530612244897959,0.5236567762630313,0.3229704328818671,0.0,0.0,0.5228426745181637,0.319329509492558,0.007998449080613278,0.017620412160081665,0.0,0.006915436760609374,0.7565217391304346,0.7565217391304346,0.007408871406509647,0.6887966804979253,0.0,0.0,0.6887966804979253,0.0,zero_day_obfuscated_memory_attack,1
0.3962264150943396,0.0,ssh,0.1,0.40000000000000013,0.1530612244897959,0.7365677626303128,0.024021499374611607,0.0,0.0,0.006611453435238155,0.024233702430913953,0.0,0.3167082498154199,0.0,0.21363372735920363,0.3217391304347825,0.3217391304347826,0.6177872545981117,0.0580912863070539,0.0,0.0,0.0580912863070539,0.0,privilege_escalation,1
0.004443796896627085,0.0,ssh,0.0,0.0,0.0,0.0,0.0,0.0,0.0,0.0,0.0,0.0,0.008273365171975243,0.0,0.0050677280999450215,0.21739130434782608,0.21739130434782605,0.0,0.38174273858921165,0.0,0.0,0.38174273858921165,0.0,botnet_malware_download,1
0.010635972900123842,0.0,ssh,0.0,0.40000000000000013,0.0,0.01904570970328789,0.018413653483230822,0.0,0.0,0.0,0.01865216078824444,0.0,0.0065212227358329555,0.0,0.0038556596402815287,0.5478260869565217,0.5478260869565217,0.0,0.6390041493775933,0.0,0.0,0.6390041493775933,0.0,zero_day_buffer_overflow,1
0.0067385444743935305,0.0,ssh,0.0,0.0,0.0,0.0,0.0,0.0,0.0,0.0,0.0,0.0,0.010901359826634113,0.0,0.0033199395919764263,0.7739130434782607,0.7739130434782608,0.0,0.3402489626556016,0.0,0.0,0.3402489626556016,0.0,brute_force_only,1
0.21785532162890653,0.0,ssh,0.1,0.8,0.16326530612244897,0.11748195669607056,0.007089292469365655,0.0,0.0,0.01275385451857286,0.006990261041266564,0.0,0.12204056776948516,0.0,0.0822270322056715,0.7826086956521738,0.7826086956521738,0.16468759577056427,0.05394190871369292,0.0,0.0,0.05394190871369292,0.0,evasion_anti_forensics,1
0.011000218547388358,0.0,ssh,0.0,0.40000000000000013,0.0,0.010425020048115477,0.009812407163059155,0.0,0.0,0.0,0.0099395084146308,0.0,0.0067612462476251325,0.0,0.006881685953476584,0.5478260869565217,0.5478260869565217,0.0,0.6390041493775933,0.0,0.0,0.6390041493775933,0.0,zero_day_buffer_overflow,1
0.002294747577766446,0.0,ssh,0.0,0.0,0.0,0.0,0.0,0.0,0.0,0.0,0.0,0.0,0.0036499925759151007,0.0,0.001214362922429099,0.5217391304347825,0.5217391304347825,0.0,1.0,0.0,0.0,1.0,0.0,evasion_anti_forensics,1
0.5145334013258541,0.0,ssh,0.7000000000000001,0.19999999999999996,0.4183673469387755,0.4256214915797915,0.010868556536938216,0.0,0.0,0.013938374656350653,0.010800748335509853,0.1838050767945167,0.516080042293194,0.19201210338570127,0.5137859464599696,0.5652173913043478,0.5652173913043477,0.03404700149680345,1.0,0.0,0.0,1.0,0.0,reconnaissance,0
0.018867924528301886,0.0,ssh,0.2,0.19999999999999996,0.6530612244897959,0.4735364875701684,0.29131878425300883,0.0,0.0,0.5202020522066372,0.28730739885904744,0.005474012069941334,0.019324812693330987,0.0,0.009497521536123578,0.7391304347826086,0.7391304347826086,0.01654396307923277,0.6887966804979253,0.0,0.0,0.6887966804979253,0.0,zero_day_obfuscated_memory_attack,1
0.6804108690901144,0.0,ssh,0.8,0.19999999999999996,0.5510204081632653,0.5264635124298316,0.010191982688702604,0.0,0.0,0.013900534226005378,0.01011597721392408,0.19048289302372387,0.6816415155411574,0.17607360519282078,0.6878165803504577,0.6,0.5999999999999999,0.13766733500126704,0.0,0.0,0.0,0.0,0.0,reconnaissance,0
0.020507029940992207,0.0,ssh,0.2,0.19999999999999996,0.6530612244897959,0.7303528468323978,0.4137955984760145,0.0,0.0,0.4835681099682737,0.4119188584627684,0.005439234774532956,0.0212210568363704,0.0,0.009309597634127633,0.7478260869565218,0.7478260869565216,0.015354605851178498,0.6887966804979253,0.0,0.0,0.6887966804979253,0.0,zero_day_obfuscated_memory_attack,1
0.008486923581263203,0.0,ssh,0.2,0.19999999999999996,0.6530612244897959,0.36668003207698474,0.43697467770817383,0.0,0.0,1.0,0.42766980448996345,0.006931452059786035,0.009199587288039456,0.0,0.00678183981570875,0.31304347826086953,0.31304347826086953,0.006040386818210182,0.6887966804979253,0.0,0.0,0.6887966804979253,0.0,zero_day_obfuscated_memory_attack,1
0.01828513149267866,0.0,ssh,0.2,0.19999999999999996,0.6530612244897959,0.8642742582197274,0.5399012802626333,0.0,0.0,0.5346020559725747,0.5388942463826053,0.006299130123649318,0.0184418064893656,0.0,0.010571922229850693,0.34782608695652173,0.34782608695652173,0.015031357668894435,0.6887966804979253,0.0,0.0,0.6887966804979253,0.0,zero_day_obfuscated_memory_attack,1
0.009725358781962555,0.0,ssh,0.0,0.40000000000000013,0.0,0.017040898155573376,0.01767620061382887,0.0,0.0,0.0,0.017905158519131378,0.0,0.007998301731454278,0.0,0.0036862394702662786,0.4260869565217391,0.42608695652173906,0.0,0.6390041493775933,0.0,0.0,0.6390041493775933,0.0,zero_day_buffer_overflow,1
0.11491950171195453,0.0,ssh,0.4,0.40000000000000013,0.7959183673469387,0.11688051323175622,0.014592462422522262,0.0,0.0,0.11655643151826608,0.013037218583955077,0.06232749063808363,0.09242073201623109,0.07562066362231352,0.058213777020259656,0.33043478260869563,0.33043478260869563,0.04243524857352682,0.38174273858921165,0.0,0.0,0.38174273858921165,0.0,botnet_malware_download,1
0.537189480585707,0.0,ssh,0.6000000000000001,0.19999999999999996,0.31632653061224486,0.526663993584603,0.012789501857534132,0.0,0.0,0.010096575175506873,0.012804069441626306,0.22592103926068896,0.5365842405876546,0.12070511153207161,0.5301015011115562,0.6434782608695652,0.6434782608695653,0.04120379122538916,0.0,0.0,0.0,0.0,0.0,reconnaissance,0
0.003751730166824506,0.0,ssh,0.0,0.0,0.0,0.0,0.0,0.0,0.0,0.0,0.0,0.0,0.0054506069134655395,0.0,0.0019510335000445572,0.6086956521739131,0.6086956521739129,0.0,0.6390041493775933,0.0,0.0,0.6390041493775933,0.0,zero_day_buffer_overflow,1
0.18372550448022146,0.0,ssh,0.5,0.19999999999999996,0.7551020408163265,0.2660384923817161,0.019517864115999022,0.0,0.0,0.06978149535362364,0.018726401217797013,0.06944581927579695,0.1837235443063109,0.049479891156429735,0.18111748922416662,0.3999999999999999,0.39999999999999997,0.09249471355135966,1.0,0.0,0.0,1.0,0.0,evasion_anti_forensics,1
0.29449260581336045,0.0,ssh,0.1,0.19999999999999996,0.49999999999999994,0.09161988773055332,0.004422534559062345,0.0,0.0,0.028988847574220197,0.0040460027085812535,0.0,0.29263844677339923,0.0,0.28638795901467773,0.6956521739130435,0.6956521739130435,0.45430700953158254,0.5394190871369295,0.0,0.0,0.5394190871369295,0.0,zero_day_covert_tunnel,1
0.022473956436220584,0.0,ssh,0.1,0.40000000000000013,0.24489795918367346,0.8991579791499599,0.46409953779163493,0.0,0.0,0.1672078089612295,0.4676086917762549,0.0,0.016289040868090875,0.0,0.009923255401535425,0.20869565217391303,0.208695652173913,0.015439901847895381,0.6887966804979253,0.0,0.0,0.6887966804979253,0.0,zero_day_obfuscated_memory_attack,1
0.005390835579514825,0.0,ssh,0.0,0.0,0.0,0.0,0.0,0.0,0.0,0.0,0.0,0.0,0.005742606319538747,0.0,0.005467334695800127,0.4695652173913043,0.46956521739130436,0.0,0.6887966804979253,0.0,0.0,0.6887966804979253,0.0,zero_day_obfuscated_memory_attack,1
0.00695709186275224,0.0,ssh,0.0,0.0,0.0,0.0,0.0,0.0,0.0,0.0,0.0,0.0,0.009684598301527056,0.0,0.008572112892305023,0.18260869565217389,0.18260869565217386,0.0,1.0,0.0,0.0,1.0,0.0,brute_force_only,1
0.007539884898375463,0.0,ssh,0.0,0.0,0.0,0.0,0.0,0.0,0.0,0.0,0.0,0.0,0.009441362796268074,0.0,0.006014971147500797,0.6956521739130435,0.6956521739130435,0.0,1.0,0.0,0.0,1.0,0.0,brute_force_only,1
0.12147592336271582,0.0,ssh,0.2,0.19999999999999996,0.3469387755102041,0.2305533279871692,0.024759059237020882,0.0,0.0,0.04812554380530731,0.024359562813399918,0.1141784649120932,0.12069766250095448,0.0,0.11127581899738194,0.408695652173913,0.40869565217391296,0.10202231675461362,1.0,0.0,0.0,1.0,0.0,evasion_anti_forensics,1
0.002622568660304509,0.0,ssh,0.0,0.0,0.0,0.0,0.0,0.0,0.0,0.0,0.0,0.0,0.0024333770505110793,0.0,0.0013956254809119942,0.5826086956521739,0.5826086956521739,0.0,0.5394190871369295,0.0,0.0,0.5394190871369295,0.0,zero_day_covert_tunnel,1
0.006556421650761273,0.0,ssh,0.0,0.0,0.0,0.0,0.0,0.0,0.0,0.0,0.0,0.0,0.009489980697379262,0.0,0.008242820477976563,0.1565217391304348,0.15652173913043477,0.0,0.3402489626556016,0.0,0.0,0.3402489626556016,0.0,brute_force_only,1
0.23632257594521744,0.0,ssh,0.5,0.19999999999999996,0.7551020408163265,0.37610264635124296,0.021189965100164927,0.0,0.0,0.054430411297716134,0.020649884125691815,0.12124327104552556,0.23567082264554676,0.10267042714885487,0.22812185344037667,0.6,0.5999999999999999,0.023874343713915728,0.2987551867219917,0.0,0.0,0.2987551867219917,0.0,evasion_anti_forensics,1
0.15902964959568733,0.0,ssh,0.4,0.40000000000000013,0.5306122448979591,0.16259021651964714,0.01385786983284939,0.0,0.0,0.05652014453716657,0.013191544676817284,0.08116872759824216,0.12666656836019996,0.007944657305089685,0.12310392258393811,0.4782608695652174,0.47826086956521735,0.07296077687524603,1.0,0.0,0.0,1.0,0.0,botnet_malware_download,1
0.008450499016536751,0.0,ssh,0.0,0.40000000000000013,0.0,0.0008019246190858059,0.0009263454573957483,0.0,0.0,0.0,0.0009383451652458106,0.0,0.006545312686833997,0.0,0.003132163719836326,0.28695652173913044,0.28695652173913044,0.0,0.6390041493775933,0.0,0.0,0.6390041493775933,0.0,zero_day_buffer_overflow,1
0.3627158155460042,0.0,ssh,0.2,0.40000000000000013,0.4081632653061224,0.5148356054530874,0.018539484392708902,0.0,0.0,0.01924707924081837,0.01849159116927553,0.28742382292420654,0.2900735239904522,0.0,0.19791103228027854,0.7826086956521738,0.7826086956521738,0.36506432840677344,0.02074688796680496,0.0,0.0,0.02074688796680496,0.0,privilege_escalation,1
0.008049828804545784,0.0,ssh,0.0,0.0,0.0,0.0,0.0,0.0,0.0,0.0,0.0,0.0,0.010414596816710076,0.0,0.00683609275787615,0.6347826086956521,0.6347826086956521,0.0,0.6887966804979253,0.0,0.0,0.6887966804979253,0.0,zero_day_obfuscated_memory_attack,1
0.11918117578494936,0.0,ssh,0.4,0.19999999999999996,0.5816326530612245,0.1892542101042502,0.02132616719848611,0.0,0.0,0.08219925201479168,0.020372292421138465,0.06131146743085732,0.11992649206951514,0.0430140604698571,0.11031362493438575,0.7826086956521738,0.7826086956521738,0.05014251179005212,0.05394190871369292,0.0,0.0,0.05394190871369292,0.0,evasion_anti_forensics,1
0.09517738763021782,0.0,ssh,0.30000000000000004,0.40000000000000013,0.2755102040816326,0.17040898155573375,0.02326338258906216,0.0,0.0,0.04847878150676006,0.022839231241178374,0.013938707113346358,0.07567339808030832,0.01348339254473443,0.07505417152574667,0.6,0.5999999999999999,0.06865330020534478,0.38174273858921165,0.0,0.0,0.38174273858921165,0.0,botnet_malware_download,1
0.04363662854228892,0.0,ssh,0.30000000000000004,0.19999999999999996,0.5306122448979591,0.16880513231756214,0.05005324043373025,0.0,0.0,0.19706632256619191,0.04775248996368532,0.022003422151640847,0.04363624524387717,0.013134732239144459,0.040152210218974645,0.5391304347826086,0.5391304347826087,0.03530965907092071,0.3402489626556016,0.0,0.0,0.3402489626556016,0.0,botnet_malware_download,1
0.011000218547388358,0.0,ssh,0.0,0.40000000000000013,0.0,0.01904570970328789,0.017926521453759926,0.0,0.0,0.0,0.018158717209118075,0.0,0.009409096861896983,0.0,0.004554656619584291,0.14782608695652175,0.14782608695652172,0.0,0.6390041493775933,0.0,0.0,0.6390041493775933,0.0,zero_day_buffer_overflow,1
0.40026954177897567,0.0,ssh,0.30000000000000004,0.19999999999999996,0.5918367346938775,0.7016840417000801,0.022936055315327726,0.0,0.0,0.025307824658671166,0.022854408798855665,0.33071900701695656,0.4002581858748499,0.071944718860003,0.40138672888657567,0.6695652173913043,0.6695652173913043,0.165393320660236,0.2987551867219917,0.0,0.0,0.2987551867219917,0.0,privilege_escalation,1
0.004043126684636118,0.0,ssh,0.0,0.0,0.0,0.0,0.0,0.0,0.0,0.0,0.0,0.0,0.00442860899220931,0.0,0.002448413815685658,0.7478260869565218,0.7478260869565216,0.0,0.004149377593360981,0.0,0.0,0.004149377593360981,0.0,reconnaissance,0
0.17807969694762146,0.0,ssh,0.1,0.40000000000000013,0.3061224489795918,0.19727345629510826,0.014567426058808864,0.0,0.0,0.02917298019460844,0.014319544737285467,0.0,0.14068648184369595,0.0,0.1474831815879281,0.8608695652173912,0.8608695652173912,0.19298452826354073,0.0580912863070539,0.0,0.0,0.0580912863070539,0.0,privilege_escalation,1
0.008778320099074815,0.0,ssh,0.0,0.0,0.0,0.0,0.0,0.0,0.0,0.0,0.0,0.0,0.01518396911580682,0.0,0.008518748129272696,0.3391304347826086,0.3391304347826086,0.0,0.0,0.0,0.0,0.0,0.0,reconnaissance,0
0.0034967582137393452,0.0,ssh,0.0,0.0,0.0,0.0,0.0,0.0,0.0,0.0,0.0,0.0,0.0057913702203529725,0.0,0.00048790640486698475,0.7304347826086957,0.7304347826086954,0.0,0.02074688796680496,0.0,0.0,0.02074688796680496,0.0,privilege_escalation,1
0.5765644350550011,0.0,ssh,0.6000000000000001,0.19999999999999996,0.39795918367346933,0.20549318364073776,0.0047716884062905095,0.0,0.0,0.01183886446360526,0.00465632748076022,0.2213870007567145,0.5767477368951032,0.15039962415294103,0.5728490447781431,0.6086956521739131,0.6086956521739129,0.1243148493813416,0.0,0.0,0.0,0.0,0.0,reconnaissance,0
0.35433816565892035,0.0,ssh,0.5,0.40000000000000013,0.31632653061224486,0.3612670408981556,0.013335929411662999,0.0,0.0,0.015266410812248155,0.013280206721424364,0.1399856023641326,0.2835249993101514,0.07014318155621684,0.30745416181498814,0.3739130434782608,0.3739130434782609,0.0492225953305315,0.004149377593360981,0.0,0.0,0.004149377593360981,0.0,reconnaissance,0
0.2759160778028702,0.0,ssh,0.1,0.40000000000000013,0.1530612244897959,0.2842822774659182,0.013359560600546902,0.0,0.0,0.009465659930164792,0.013390950057769146,0.0,0.21995687460771707,0.0,0.14541579662118895,0.826086956521739,0.826086956521739,0.42312258551485965,0.02074688796680496,0.0,0.0,0.02074688796680496,0.0,privilege_escalation,1
0.010162453558679972,0.0,ssh,0.0,0.40000000000000013,0.0,0.015838011226944667,0.015873140188700573,0.0,0.0,0.0,0.016078743340419827,0.0,0.00625623327482152,0.0,0.0018209892716842273,0.8521739130434782,0.8521739130434782,0.0,0.6390041493775933,0.0,0.0,0.6390041493775933,0.0,zero_day_buffer_overflow,1
0.48670503387484515,0.0,ssh,0.30000000000000004,0.19999999999999996,0.673469387755102,0.5016038492381716,0.013630901999983194,0.0,0.0,0.023713094943450284,0.01345259415308041,0.4157379018586368,0.4869945654530539,0.05501741943698979,0.48810720736643926,0.1391304347826087,0.13913043478260867,0.18218475170560275,0.02074688796680496,0.0,0.0,0.02074688796680496,0.0,privilege_escalation,1
0.02017920885845414,0.0,ssh,0.2,0.19999999999999996,0.6530612244897959,0.9161988773055333,0.5246620094465124,0.0,0.0,0.4904761913383556,0.5241179244444488,0.013053160425772755,0.019818729688703816,0.0,0.012515628252030895,0.4608695652173913,0.46086956521739125,0.012411749785952608,0.6887966804979253,0.0,0.0,0.6887966804979253,0.0,zero_day_obfuscated_memory_attack,1
0.09335615939389523,0.0,ssh,0.4,0.19999999999999996,0.7959183673469387,0.28167602245388934,0.040083525018438815,0.0,0.0,0.14270320326183303,0.03846717537860088,0.05063015143826726,0.09433070013135594,0.07115280283056044,0.08202193684039746,0.9217391304347825,0.9217391304347824,0.027448528566200246,0.38174273858921165,0.0,0.0,0.38174273858921165,0.0,botnet_malware_download,1
0.007394186639469658,0.0,ssh,0.0,0.0,0.0,0.0,0.0,0.0,0.0,0.0,0.0,0.0,0.013139973273294364,0.0,0.006929573611842625,0.34782608695652173,0.34782608695652173,0.0,0.2987551867219917,0.0,0.0,0.2987551867219917,0.0,privilege_escalation,1
0.37907044510818094,0.0,ssh,0.1,0.19999999999999996,0.49999999999999994,0.027866880513231756,0.001279194129810108,0.0,0.0,0.022567803321979392,0.0009580376060429334,0.0,0.3805818058966068,0.0,0.372334315363397,0.3565217391304347,0.3565217391304347,0.5861674692026086,0.5394190871369295,0.0,0.0,0.5394190871369295,0.0,zero_day_covert_tunnel,1
0.0036060319079187,0.0,ssh,0.0,0.0,0.0,0.0,0.0,0.0,0.0,0.0,0.0,0.0,0.005061371705169952,0.0,0.0026786742564534356,0.4695652173913043,0.46956521739130436,0.0,0.6390041493775933,0.0,0.0,0.6390041493775933,0.0,zero_day_buffer_overflow,1
0.019050047351934142,0.0,ssh,0.2,0.19999999999999996,0.6530612244897959,0.9137931034482758,0.5503858460291593,0.0,0.0,0.5158597572092809,0.5497950943462048,0.014002095517033969,0.018077975229398385,0.0,0.008200187879493039,0.31304347826086953,0.31304347826086953,0.01061038368896016,0.6887966804979253,0.0,0.0,0.6887966804979253,0.0,zero_day_obfuscated_memory_attack,1
0.1407809426677351,0.0,ssh,0.6000000000000001,0.19999999999999996,0.9999999999999999,0.0954290296712109,0.010388899752245566,0.0,0.0,0.12005996048541728,0.008726776849931114,0.04972092659211774,0.14082503556187767,0.07068510618524287,0.1346455883994331,0.7217391304347825,0.7217391304347824,0.04166314390547704,0.3402489626556016,0.0,0.0,0.3402489626556016,0.0,botnet_malware_download,1
0.018467254316310917,0.0,ssh,0.2,0.19999999999999996,0.6530612244897959,0.9306335204490778,0.5757679754778875,0.0,0.0,0.5300171476897512,0.5752941309298457,0.015996815945398167,0.016376640689912833,0.0,0.011112379233542854,0.591304347826087,0.5913043478260869,0.010213777489215738,0.6887966804979253,0.0,0.0,0.6887966804979253,0.0,zero_day_obfuscated_memory_attack,1
0.11601223865374809,0.0,ssh,0.4,0.40000000000000013,0.6020408163265306,0.09362469927826784,0.011505328986449962,0.0,0.0,0.0873533962450102,0.010347118637674057,0.03840161577123216,0.09254293376767272,0.01908654922552453,0.09636691805096786,0.7304347826086957,0.7304347826086954,0.05921762520950576,0.38174273858921165,0.0,0.0,0.38174273858921165,0.0,botnet_malware_download,1
0.00987105704086836,0.0,ssh,0.0,0.0,0.0,0.0,0.0,0.0,0.0,0.0,0.0,0.0,0.016546584344247446,0.0,0.010265278383466603,0.28695652173913044,0.28695652173913044,0.0,0.6887966804979253,0.0,0.0,0.6887966804979253,0.0,zero_day_obfuscated_memory_attack,1
0.1450790413054564,0.0,ssh,0.4,0.19999999999999996,0.5918367346938775,0.08700882117080994,0.008645898068560805,0.0,0.0,0.06899022600393166,0.007725454529265042,0.08096853205611593,0.14552432800351686,0.028786728519296558,0.13878724172120827,0.3999999999999999,0.39999999999999997,0.05268224478763027,0.38174273858921165,0.0,0.0,0.38174273858921165,0.0,botnet_malware_download,1
0.008341225322357397,0.0,ssh,0.0,0.0,0.0,0.0,0.0,0.0,0.0,0.0,0.0,0.0,0.010317361014487698,0.0,0.009289687618516403,0.3826086956521738,0.38260869565217387,0.0,0.3402489626556016,0.0,0.0,0.3402489626556016,0.0,brute_force_only,1
0.002294747577766446,0.0,ssh,0.0,0.0,0.0,0.0,0.0,0.0,0.0,0.0,0.0,0.0,0.003065993763768685,0.0,0.0024963014740516983,0.28695652173913044,0.28695652173913044,0.0,1.0,0.0,0.0,1.0,0.0,brute_force_only,1
0.005208712755882567,0.0,ssh,0.0,0.0,0.0,0.0,0.0,0.0,0.0,0.0,0.0,0.0,0.005596606616502143,0.0,0.005760581840230193,0.3913043478260869,0.39130434782608686,0.0,0.6887966804979253,0.0,0.0,0.6887966804979253,0.0,zero_day_obfuscated_memory_attack,1
0.1629635025861441,0.0,ssh,0.5,0.40000000000000013,0.9285714285714285,0.1623897353648757,0.014124646197306603,0.0,0.0,0.09656250167852785,0.012862547067600077,0.0804437484235115,0.12958685442033813,0.10681225811785594,0.10676512724498378,0.6,0.5999999999999999,0.02053857241837738,0.38174273858921165,0.0,0.0,0.38174273858921165,0.0,botnet_malware_download,1
0.14278429372768994,0.0,ssh,0.5,0.40000000000000013,0.9285714285714285,0.23897353648757017,0.02290157503550135,0.0,0.0,0.10994980620811186,0.021552821913896236,0.05960524234430871,0.11419556572621932,0.05180313652457338,0.0704161000823934,0.6956521739130435,0.6956521739130435,0.043938338203298365,0.38174273858921165,0.0,0.0,0.38174273858921165,0.0,botnet_malware_download,1
0.0057550812267793405,0.0,ssh,0.0,0.0,0.0,0.0,0.0,0.0,0.0,0.0,0.0,0.0,0.008175983370049827,0.0,0.004393082031928856,0.5652173913043478,0.5652173913043477,0.0,0.6390041493775933,0.0,0.0,0.6390041493775933,0.0,zero_day_buffer_overflow,1
0.013914183725504481,0.0,ssh,0.0,0.40000000000000013,0.0,0.011026463512429831,0.008565667578803452,0.0,0.0,0.0,0.008676620011751504,0.0,0.01118445325082209,0.0,0.004802754657981459,0.408695652173913,0.40869565217391296,0.0,0.6390041493775933,0.0,0.0,0.6390041493775933,0.0,zero_day_buffer_overflow,1
0.5704086836162308,0.0,ssh,0.2,0.6000000000000001,0.520408163265306,0.6293103448275862,0.01445974116337263,0.0,0.0,0.01564783269387834,0.014412865267015991,0.4495935578307781,0.3781107609227123,0.0,0.41300677651074086,0.5565217391304347,0.5565217391304347,0.27091519547893156,0.02074688796680496,0.0,0.0,0.02074688796680496,0.0,privilege_escalation,1
0.07689225613753915,0.0,ssh,0.2,0.19999999999999996,0.14285714285714285,0.15517241379310345,0.025700497841316217,0.0,0.0,0.030907061670064157,0.025570871905422322,0.06109614417630757,0.07628367683900131,0.0,0.06886260076022213,0.5130434782608695,0.5130434782608695,0.07121535203370685,0.3402489626556016,0.0,0.0,0.3402489626556016,0.0,botnet_malware_download,1
0.014496976761127702,0.0,ssh,0.2,0.19999999999999996,0.6530612244897959,0.5665597433841218,0.4348942200793948,0.0,0.0,0.6518987597693338,0.43077171343736814,0.005204097505341562,0.014540840423930576,0.0,0.0056333501791309285,0.4869565217391303,0.48695652173913034,0.010154894992496373,0.6887966804979253,0.0,0.0,0.6887966804979253,0.0,zero_day_obfuscated_memory_attack,1
0.007321337510016755,0.0,ssh,0.0,0.0,0.0,0.0,0.0,0.0,0.0,0.0,0.0,0.0,0.013431972679367571,0.0,0.007861569584246308,0.18260869565217389,0.18260869565217386,0.0,0.38174273858921165,0.0,0.0,0.38174273858921165,0.0,brute_force_only,1
0.27238289502440444,0.0,ssh,0.4,0.40000000000000013,0.6530612244897959,0.34061748195669606,0.016647134736536638,0.0,0.0,0.040905505203240225,0.016250613262968523,0.11345241693159348,0.21764774330449013,0.060645167909130465,0.24186420510779977,0.26956521739130435,0.2695652173913043,0.1073709351613167,1.0,0.0,0.0,1.0,0.0,evasion_anti_forensics,1
0.16496685364609895,0.0,ssh,0.4,0.19999999999999996,0.5918367346938775,0.2744587008821171,0.022103371536541846,0.0,0.0,0.06081023543205292,0.02147964901621957,0.10495162913952585,0.16534845968123302,0.08983441728317129,0.15396326254249568,0.7565217391304346,0.7565217391304346,0.02494230265049668,1.0,0.0,0.0,1.0,0.0,evasion_anti_forensics,1
0.09160778028702557,0.0,ssh,0.4,0.19999999999999996,0.5918367346938775,0.0743785084202085,0.01181010926710803,0.0,0.0,0.10807842492558199,0.010345699777625795,0.0550462102285041,0.09368085545314002,0.01883399303705304,0.08455976068901384,0.4260869565217391,0.42608695652173906,0.02203081982544252,1.0,0.0,0.0,1.0,0.0,botnet_malware_download,1
0.5335834486777883,0.0,ssh,0.2,0.8,0.31632653061224486,0.5633520449077787,0.0137619541682186,0.0,0.0,0.010164470684499586,0.013788098107165643,0.3251853062556051,0.3041319813955498,0.0,0.1475705932178049,0.6347826086956521,0.6347826086956521,0.5987694192571025,0.2987551867219917,0.0,0.0,0.2987551867219917,0.0,privilege_escalation,1
0.004625919720259343,0.0,ssh,0.0,0.0,0.0,0.0,0.0,0.0,0.0,0.0,0.0,0.0,0.0058399881214641625,0.0,0.005774644676535521,0.23478260869565218,0.23478260869565215,0.0,1.0,0.0,0.0,1.0,0.0,botnet_malware_download,1
0.009506811393603846,0.0,ssh,0.0,0.40000000000000013,0.0,0.008821170809943865,0.009312942406277584,0.0,0.0,0.0,0.009433571461190242,0.0,0.005777208249158422,0.0,0.0034796638064337917,0.591304347826087,0.5913043478260869,0.0,0.6390041493775933,0.0,0.0,0.6390041493775933,0.0,zero_day_buffer_overflow,1
0.0036424564726451514,0.0,ssh,0.0,0.40000000000000013,0.0,0.011026463512429831,0.02229020985879505,0.0,0.0,0.0,0.022578931385437245,0.0,0.0012036215518337638,0.0,0.0021394755065359617,0.13043478260869565,0.13043478260869562,0.0,0.6390041493775933,0.0,0.0,0.6390041493775933,0.0,zero_day_buffer_overflow,1
0.008996867487433525,0.0,ssh,0.0,0.0,0.0,0.0,0.0,0.0,0.0,0.0,0.0,0.0,0.01148535863878053,0.0,0.00958878194225237,0.4260869565217391,0.42608695652173906,0.0,0.6390041493775933,0.0,0.0,0.6390041493775933,0.0,zero_day_buffer_overflow,1
0.32334086107671006,0.0,ssh,0.1,0.40000000000000013,0.3061224489795918,0.710906174819567,0.028490040926822502,0.0,0.0,0.016178262585911204,0.02861696121865595,0.0,0.2588200975599215,0.0,0.17568916039538185,0.3739130434782608,0.3739130434782609,0.5044355071720726,0.0580912863070539,0.0,0.0,0.0580912863070539,0.0,privilege_escalation,1
0.002367596707219348,0.0,ssh,0.0,0.0,0.0,0.0,0.0,0.0,0.0,0.0,0.0,0.0,0.006229369329462784,0.0,0.0007413335180745934,0.5217391304347825,0.5217391304347825,0.0,0.3402489626556016,0.0,0.0,0.3402489626556016,0.0,brute_force_only,1
0.0036424564726451514,0.0,ssh,0.0,0.0,0.0,0.0,0.0,0.0,0.0,0.0,0.0,0.0,0.00686198604272039,0.0,0.0035248129124666894,0.28695652173913044,0.28695652173913044,0.0,0.6887966804979253,0.0,0.0,0.6887966804979253,0.0,zero_day_obfuscated_memory_attack,1
0.0817367232461572,0.0,ssh,0.30000000000000004,0.19999999999999996,0.7959183673469387,0.2123095429029671,0.03495719759007809,0.0,0.0,0.16232488465760053,0.032980811156979026,0.05231886455336909,0.08372425970485577,0.0798186181887527,0.0779040423104855,0.09565217391304345,0.09565217391304348,0.04902639723666346,0.3402489626556016,0.0,0.0,0.3402489626556016,0.0,botnet_malware_download,1
0.009980330735047714,0.0,ssh,0.0,0.40000000000000013,0.0,0.014033680834001604,0.014265734309628833,0.0,0.0,0.0,0.014450516086679835,0.0,0.0058634940736530545,0.0,0.004923102930783904,0.5739130434782608,0.5739130434782609,0.0,0.6390041493775933,0.0,0.0,0.6390041493775933,0.0,zero_day_buffer_overflow,1
0.014606250455307055,0.0,ssh,0.2,0.19999999999999996,0.6530612244897959,0.8686848436246992,0.6575097913937364,0.0,0.0,0.6477987762996271,0.6563321401485002,0.009876916327635996,0.015014317460878288,0.0,0.007794586074476188,0.617391304347826,0.6173913043478261,0.010854795071033282,0.6887966804979253,0.0,0.0,0.6887966804979253,0.0,zero_day_obfuscated_memory_attack,1
0.0052815618853354705,0.0,ssh,0.0,0.0,0.0,0.0,0.0,0.0,0.0,0.0,0.0,0.0,0.0066673684385725965,0.0,0.0021972071503157326,0.8956521739130433,0.8956521739130434,0.0,0.05394190871369292,0.0,0.0,0.05394190871369292,0.0,evasion_anti_forensics,1
0.13233044365119837,0.0,ssh,0.2,0.6000000000000001,0.2755102040816326,0.32237369687249395,0.031443076460384294,0.0,0.0,0.03514675900938702,0.03132438643056765,0.11684061343531606,0.08645503815045241,0.0,0.06477357205220007,0.7217391304347825,0.7217391304347824,0.02255787872604806,1.0,0.0,0.0,1.0,0.0,evasion_anti_forensics,1
0.009033292052159976,0.0,ssh,0.0,0.0,0.0,0.0,0.0,0.0,0.0,0.0,0.0,0.0,0.015086587313881407,0.0,0.00980638583034535,0.20869565217391303,0.208695652173913,0.0,0.3402489626556016,0.0,0.0,0.3402489626556016,0.0,brute_force_only,1
0.0008377649887083851,0.0,ssh,0.0,0.0,0.0,0.0,0.0,0.0,0.0,0.0,0.0,0.0,0.002627994654658873,0.0,0.0019223157080105171,0.09565217391304345,0.09565217391304348,0.0,0.6390041493775933,0.0,0.0,0.6390041493775933,0.0,zero_day_buffer_overflow,1
0.005390835579514825,0.0,ssh,0.0,0.0,0.0,0.0,0.0,0.0,0.0,0.0,0.0,0.0,0.009879361905377885,0.0,0.0021404377005989584,0.6695652173913043,0.6695652173913043,0.0,1.0,0.0,0.0,1.0,0.0,evasion_anti_forensics,1
0.012420776571719966,0.0,ssh,0.2,0.19999999999999996,0.6530612244897959,0.3031275060144346,0.2695779050252747,0.0,0.0,0.7410071794823514,0.2619805790103413,0.004965507171357847,0.010750542133397302,0.0,0.0058078773791728515,0.4347826086956521,0.43478260869565216,0.01246498048572927,0.6887966804979253,0.0,0.0,0.6887966804979253,0.0,zero_day_obfuscated_memory_attack,1
0.7003351059954833,0.0,ssh,0.9,0.40000000000000013,0.5612244897959183,0.5982357658380112,0.01122975066392371,0.0,0.0,0.01375677680163147,0.011169336746175542,0.18659268667186055,0.56107160278036,0.2308834276672438,0.48112582330505066,0.5739130434782608,0.5739130434782609,0.056658629965204536,0.0,0.0,0.0,0.0,0.0,reconnaissance,0
0.3370364974138559,0.0,ssh,0.1,0.19999999999999996,0.49999999999999994,0.06355252606255012,0.0027984021065125663,0.0,0.0,0.02535942524550563,0.0024551471989131815,0.0,0.3373758217775785,0.0,0.33700143914625846,0.16521739130434784,0.16521739130434782,0.5290306856817723,0.5394190871369295,0.0,0.0,0.5394190871369295,0.0,zero_day_covert_tunnel,1
0.004152400378815473,0.0,ssh,0.0,0.0,0.0,0.0,0.0,0.0,0.0,0.0,0.0,0.0,0.00783536606286543,0.0,0.002593557089342235,0.5043478260869564,0.5043478260869565,0.0,0.38174273858921165,0.0,0.0,0.38174273858921165,0.0,brute_force_only,1
0.005572958403147083,0.0,ssh,0.0,0.40000000000000013,0.0,0.00681635926222935,0.010590281990627441,0.0,0.0,0.0,0.010727457124232724,0.0,0.003867094134330531,0.0,0.002499040026384841,0.7304347826086957,0.7304347826086954,0.0,0.6390041493775933,0.0,0.0,0.6390041493775933,0.0,zero_day_buffer_overflow,1
0.006519997086034821,0.0,ssh,0.0,0.0,0.0,0.0,0.0,0.0,0.0,0.0,0.0,0.0,0.009879361905377885,0.0,0.004493668318975918,0.6260869565217391,0.6260869565217391,0.0,0.6390041493775933,0.0,0.0,0.6390041493775933,0.0,zero_day_buffer_overflow,1
0.7190209077001529,0.0,ssh,0.7000000000000001,0.19999999999999996,0.47959183673469385,0.24759422614274257,0.0046146226715414965,0.0,0.0,0.011451467777183715,0.004503024665068399,0.25593828485285175,0.7209542715790116,0.10458617295602987,0.7185280384830255,0.5565217391304347,0.5565217391304347,0.047358771110182475,0.0,0.0,0.0,0.0,0.0,reconnaissance,0
0.1584468565600641,0.0,ssh,0.4,0.40000000000000013,0.5816326530612245,0.28869286287089013,0.02412539671758863,0.0,0.0,0.062178767487091856,0.02350739149452251,0.09436897214100214,0.12674745219568226,0.048526091739753065,0.11184573394238737,0.5826086956521739,0.5826086956521739,0.03865223559134924,0.2987551867219917,0.0,0.0,0.2987551867219917,0.0,evasion_anti_forensics,1
0.007685583157281269,0.0,ssh,0.0,0.0,0.0,0.0,0.0,0.0,0.0,0.0,0.0,0.0,0.009343980994342659,0.0,0.007629828844920075,0.5043478260869564,0.5043478260869565,0.0,0.0,0.0,0.0,0.0,0.0,reconnaissance,0
0.528957528957529,0.0,ssh,0.1,0.19999999999999996,0.49999999999999994,0.07518043303929431,0.002071748397983002,0.0,0.0,0.016206205359834427,0.001856056799834353,0.0,0.5275598529432591,0.0,0.5280394452196274,0.8782608695652173,0.8782608695652174,0.8318940474928571,0.5394190871369295,0.0,0.0,0.5394190871369295,0.0,zero_day_covert_tunnel,1
0.5393749544692941,0.0,ssh,0.4,0.40000000000000013,0.37755102040816324,0.30914194065757816,0.007567051911395125,0.0,0.0,0.01200217579456907,0.00748545313283942,0.31568526728530244,0.43217167696280906,0.4515123800810714,0.29629966808745717,0.7478260869565218,0.7478260869565216,0.1782788409756201,0.04564315352697096,0.0,0.0,0.04564315352697096,0.0,reconnaissance,0
0.6549865229110512,0.0,ssh,0.5,0.19999999999999996,0.846938775510204,0.6429430633520449,0.012995420599426469,0.0,0.0,0.02219151132325088,0.012831654573678523,0.33858985713191075,0.6560068876819906,0.19559586664791856,0.6610860151162167,0.5739130434782608,0.5739130434782609,0.08192839080999362,0.02074688796680496,0.0,0.0,0.02074688796680496,0.0,privilege_escalation,1
0.013331390689881257,0.0,ssh,0.0,0.40000000000000013,0.0,0.01884522854851644,0.015169447179542356,0.0,0.0,0.0,0.015365933701839618,0.0,0.009428076823291743,0.0,0.003117804823819306,0.6608695652173913,0.6608695652173913,0.0,0.6390041493775933,0.0,0.0,0.6390041493775933,0.0,zero_day_buffer_overflow,1
0.5442194215779121,0.0,ssh,0.6000000000000001,0.19999999999999996,0.3571428571428571,0.1281074578989575,0.0032014091007595805,0.0,0.0,0.011252850781543693,0.0030744755457714043,0.2187359513703241,0.5445952442932731,0.09421975224750868,0.5400553986932516,0.6,0.5999999999999999,0.08217603179031971,0.04564315352697096,0.0,0.0,0.04564315352697096,0.0,reconnaissance,0
0.009652509652509652,0.0,ssh,0.0,0.0,0.0,0.0,0.0,0.0,0.0,0.0,0.0,0.0,0.01153397653989172,0.0,0.00917311410703802,0.6347826086956521,0.6347826086956521,0.0,0.3402489626556016,0.0,0.0,0.3402489626556016,0.0,botnet_malware_download,1
0.05441829970131857,0.0,ssh,0.2,0.19999999999999996,0.6632653061224489,0.08881315156375301,0.023079597133951208,0.0,0.0,0.19989053433403464,0.02038719270953834,0.07527007077467372,0.05466915080294727,0.0,0.04000869527373237,0.6695652173913043,0.6695652173913043,0.017778361668636528,1.0,0.0,0.0,1.0,0.0,botnet_malware_download,1
0.003096088001748379,0.0,ssh,0.0,0.0,0.0,0.0,0.0,0.0,0.0,0.0,0.0,0.0,0.00613198752753737,0.0,0.0016809530280543223,0.7565217391304346,0.7565217391304346,0.0,0.6390041493775933,0.0,0.0,0.6390041493775933,0.0,zero_day_buffer_overflow,1
0.5380272455744154,0.0,ssh,0.1,0.19999999999999996,0.49999999999999994,0.04490777866880513,0.0013115630809586555,0.0,0.0,0.01593438191760937,0.001090090937829291,0.0,0.5404395087460392,0.0,0.5441576760733718,0.22608695652173913,0.2260869565217391,0.8504565094801974,0.5394190871369295,0.0,0.0,0.5394190871369295,0.0,zero_day_covert_tunnel,1
0.003023238872295476,0.0,ssh,0.0,0.0,0.0,0.0,0.0,0.0,0.0,0.0,0.0,0.0,0.007397366953755617,0.0,0.0005455640337188326,0.5739130434782608,0.5739130434782609,0.0,0.6887966804979253,0.0,0.0,0.6887966804979253,0.0,zero_day_obfuscated_memory_attack,1
0.00914256574633933,0.0,ssh,0.0,0.40000000000000013,0.0,0.015838011226944667,0.01723230802505046,0.0,0.0,0.0,0.01745551626057825,0.0,0.005413522988894241,0.0,0.0027566859904840486,0.5739130434782608,0.5739130434782609,0.0,0.6390041493775933,0.0,0.0,0.6390041493775933,0.0,zero_day_buffer_overflow,1
0.07514387703066948,0.0,ssh,0.30000000000000004,0.19999999999999996,0.4183673469387755,0.2682437850842021,0.04598515230932495,0.0,0.0,0.09254471703837497,0.04519586401555343,0.03424445462459102,0.07663553612331954,0.007653176686136928,0.0714017568775411,0.31304347826086953,0.31304347826086953,0.06393278098744735,0.05394190871369292,0.0,0.0,0.05394190871369292,0.0,evasion_anti_forensics,1
0.4406643840606104,0.0,ssh,0.4,0.19999999999999996,0.22448979591836732,0.23235765838011227,0.006919594426885466,0.0,0.0,0.008725025542290482,0.006878654286585603,0.23751355327930987,0.4418789052183068,0.22185431762455968,0.441614878421599,0.591304347826087,0.5913043478260869,0.1912143623925279,1.0,0.0,0.0,1.0,0.0,reconnaissance,0
0.2057623661397246,0.0,ssh,0.2,0.19999999999999996,0.4591836734693877,0.43103448275862066,0.027347847776454916,0.0,0.0,0.037950330542495976,0.027134156733554262,0.15700033248081002,0.20625597047535607,0.0,0.20212144547009397,0.7652173913043477,0.7652173913043478,0.20901533124893523,0.02074688796680496,0.0,0.0,0.02074688796680496,0.0,privilege_escalation,1
0.00455307059080644,0.0,ssh,0.0,0.0,0.0,0.0,0.0,0.0,0.0,0.0,0.0,0.0,0.007153985448793598,0.0,0.000774862280423614,0.8434782608695651,0.843478260869565,0.0,0.3402489626556016,0.0,0.0,0.3402489626556016,0.0,brute_force_only,1
0.3712755882567203,0.0,ssh,0.2,0.40000000000000013,0.2857142857142857,0.28448275862068967,0.01005088744351322,0.0,0.0,0.013164607260087897,0.009984069290455843,0.22942104929102003,0.2968426542220413,0.0,0.32153276329996444,0.7130434782608696,0.7130434782608694,0.14609018491641512,0.0580912863070539,0.0,0.0,0.0580912863070539,0.0,privilege_escalation,1
0.021854738835870913,0.0,ssh,0.2,0.19999999999999996,0.6530612244897959,0.5342822774659182,0.2879525773895044,0.0,0.0,0.45710056966444346,0.2848419032843017,0.015437912744012468,0.022398982440469714,0.0,0.012217570137285848,0.417391304347826,0.41739130434782606,0.00864488479503989,0.6887966804979253,0.0,0.0,0.6887966804979253,0.0,zero_day_obfuscated_memory_attack,1
0.009652509652509652,0.0,ssh,0.0,0.0,0.0,0.0,0.0,0.0,0.0,0.0,0.0,0.0,0.015037969412770217,0.0,0.00863428543176016,0.5130434782608695,0.5130434782608695,0.0,0.0,0.0,0.0,0.0,0.0,reconnaissance,0
0.39921322940190856,0.0,ssh,0.5,0.19999999999999996,0.4081632653061224,0.3309943865276664,0.010929392760901628,0.0,0.0,0.01749953936669121,0.01080907996119108,0.1944448737937705,0.3980630803396946,0.18900662439493632,0.3931896496340554,0.33043478260869563,0.33043478260869563,0.07552876885753769,0.04564315352697096,0.0,0.0,0.04564315352697096,0.0,reconnaissance,0
0.007867705980913527,0.0,ssh,0.0,0.0,0.0,0.0,0.0,0.0,0.0,0.0,0.0,0.0,0.011582594441002908,0.0,0.00486611143628336,0.7913043478260868,0.7913043478260868,0.0,0.6390041493775933,0.0,0.0,0.6390041493775933,0.0,zero_day_buffer_overflow,1
0.0024040212719457998,0.0,ssh,0.0,0.0,0.0,0.0,0.0,0.0,0.0,0.0,0.0,0.0,0.001751996436439249,0.0,0.0008715997912186914,0.6521739130434782,0.6521739130434783,0.0,0.38174273858921165,0.0,0.0,0.38174273858921165,0.0,brute_force_only,1
0.008341225322357397,0.0,ssh,0.0,0.0,0.0,0.0,0.0,0.0,0.0,0.0,0.0,0.0,0.013772589986551969,0.0,0.00945237243009068,0.19999999999999998,0.2,0.0,0.04564315352697096,0.0,0.0,0.04564315352697096,0.0,reconnaissance,0
0.005609382967873534,0.0,ssh,0.0,0.0,0.0,0.0,0.0,0.0,0.0,0.0,0.0,0.0,0.007105367547682409,0.0,0.003993919525641288,0.6521739130434782,0.6521739130434783,0.0,0.02074688796680496,0.0,0.0,0.02074688796680496,0.0,privilege_escalation,1
0.0028411160486632183,0.0,ssh,0.0,0.0,0.0,0.0,0.0,0.0,0.0,0.0,0.0,0.0,0.005353371111243161,0.0,0.0034431744469678597,0.16521739130434784,0.16521739130434782,0.0,1.0,0.0,0.0,1.0,0.0,brute_force_only,1
0.42664092664092657,0.0,ssh,0.1,0.19999999999999996,0.49999999999999994,0.06495589414595028,0.002256817769181817,0.0,0.0,0.02006767945039521,0.001985735731196218,0.0,0.42629110092390077,0.0,0.42532263847230817,0.408695652173913,0.40869565217391296,0.668828517444848,0.5394190871369295,0.0,0.0,0.5394190871369295,0.0,zero_day_covert_tunnel,1
0.2325344212136665,0.0,ssh,0.1,0.19999999999999996,0.49999999999999994,0.06154771451483561,0.003930808963143748,0.0,0.0,0.03662199262878073,0.0034336756367670264,0.0,0.23292310823439788,0.0,0.2277574039352849,0.5391304347826086,0.5391304347826087,0.3591466663221762,0.5394190871369295,0.0,0.0,0.5394190871369295,0.0,zero_day_covert_tunnel,1
0.13750273184235448,0.0,ssh,0.5,0.19999999999999996,0.8673469387755102,0.1148757016840417,0.01218755206547219,0.0,0.0,0.10656728212587657,0.010750643880451058,0.056410088605642575,0.139366498528542,0.02409527855710455,0.13727037978835877,0.6434782608695652,0.6434782608695653,0.054948327004666425,0.38174273858921165,0.0,0.0,0.38174273858921165,0.0,botnet_malware_download,1
0.2059444889633569,0.0,ssh,0.4,0.19999999999999996,0.5816326530612245,0.1305132317562149,0.008813384922223002,0.0,0.0,0.048028498491120376,0.008208800810275842,0.12069957777239174,0.205382162252682,0.06288830136802777,0.1934740593960915,0.7913043478260868,0.7913043478260868,0.05378867054626001,0.2987551867219917,0.0,0.0,0.2987551867219917,0.0,evasion_anti_forensics,1
0.5367888103737161,0.0,ssh,0.2,0.40000000000000013,0.4591836734693877,0.2169206094627105,0.0054268137229915945,0.0,0.0,0.01466724048933289,0.005277613872548188,0.39298426027295,0.4291421831247995,0.0,0.47168366493501335,0.3652173913043478,0.36521739130434777,0.29207488884703225,0.02074688796680496,0.0,0.0,0.02074688796680496,0.0,privilege_escalation,1
0.002950389742842573,0.0,ssh,0.0,0.0,0.0,0.0,0.0,0.0,0.0,0.0,0.0,0.0,0.007056603646868182,0.0,0.003357095085793663,0.25217391304347825,0.25217391304347825,0.0,0.5394190871369295,0.0,0.0,0.5394190871369295,0.0,zero_day_covert_tunnel,1
0.12114810228017775,0.0,ssh,0.4,0.19999999999999996,0.5306122448979591,0.14194065757818763,0.01593468256651231,0.0,0.0,0.0737984954234504,0.015036692240163449,0.058034262295459355,0.12035441719911542,0.023166221801664034,0.11912739656635866,0.4608695652173913,0.46086956521739125,0.06590450839228408,0.38174273858921165,0.0,0.0,0.38174273858921165,0.0,botnet_malware_download,1
0.6195818459969403,0.0,ssh,1.0,0.19999999999999996,0.6428571428571428,0.20970328789093826,0.004629722951308238,0.0,0.0,0.017802383512580493,0.004423282201515823,0.14667155796035028,0.6211988064816276,0.18443526686167103,0.6257938471094358,0.3739130434782608,0.3739130434782609,0.051635854953667376,0.004149377593360981,0.0,0.0,0.004149377593360981,0.0,reconnaissance,0
0.20434180811539301,0.0,ssh,0.1,0.40000000000000013,0.21428571428571427,0.1822373696872494,0.01166648898694584,0.0,0.0,0.017831654020901797,0.011550755408811689,0.0,0.16166152918044965,0.0,0.17583511783324557,0.6347826086956521,0.6347826086956521,0.1402013585305051,0.0580912863070539,0.0,0.0,0.0580912863070539,0.0,privilege_escalation,1
0.21603409339258395,0.0,ssh,0.1,0.19999999999999996,0.49999999999999994,0.044306335204490774,0.0032060525972773648,0.0,0.0,0.03938374052835017,0.0026582022383341846,0.0,0.21536357795048247,0.0,0.21268685438628745,0.5217391304347825,0.5217391304347825,0.33832250514400025,0.5394190871369295,0.0,0.0,0.5394190871369295,0.0,zero_day_covert_tunnel,1
0.005973628615138048,0.0,ssh,0.0,0.0,0.0,0.0,0.0,0.0,0.0,0.0,0.0,0.0,0.008127365468938637,0.0,0.004088288558742836,0.6956521739130435,0.6956521739130435,0.0,1.0,0.0,0.0,1.0,0.0,brute_force_only,1
0.2527864792015735,0.0,ssh,0.5,0.19999999999999996,0.7551020408163265,0.21631916599839615,0.011722061154948999,0.0,0.0,0.05092380440082395,0.011111820982678789,0.10595564883580744,0.25359009619774436,0.06411064918104808,0.25337767123575616,0.3913043478260869,0.39130434782608686,0.10050342516196147,0.05394190871369292,0.0,0.0,0.05394190871369292,0.0,evasion_anti_forensics,1
0.27405842500182115,0.0,ssh,0.1,0.6000000000000001,0.1530612244897959,0.4667201283079391,0.02198988048724159,0.0,0.0,0.009529210126581972,0.02213210607436376,0.0,0.18138492106307058,0.0,0.16135150666267578,0.5130434782608695,0.5130434782608695,0.11412910019124989,0.2987551867219917,0.0,0.0,0.2987551867219917,0.0,privilege_escalation,1
0.015480440008741896,0.0,ssh,0.2,0.19999999999999996,0.6530612244897959,0.5495188452285485,0.39935513745256124,0.0,0.0,0.6167664851351986,0.3952980500723767,0.007114628925435835,0.013731272070592609,0.0,0.007283957086736909,0.3652173913043478,0.36521739130434777,0.009323388785150861,0.6887966804979253,0.0,0.0,0.6887966804979253,0.0,zero_day_obfuscated_memory_attack,1
0.19552706345159174,0.0,ssh,0.30000000000000004,0.40000000000000013,0.4897959183673469,0.24859663191659984,0.01687570033164551,0.0,0.0,0.042569820271233204,0.016457237579862935,0.1857246519557337,0.15560794349344295,0.2372769916786206,0.11502578532058973,0.6434782608695652,0.6434782608695653,0.04487249949797048,0.2987551867219917,0.0,0.0,0.2987551867219917,0.0,evasion_anti_forensics,1
0.27129015808261087,0.0,ssh,0.1,0.19999999999999996,0.49999999999999994,0.035685645549318364,0.0021519931534746644,0.0,0.0,0.031443104257507085,0.0017093244531756952,0.0,0.27236142401686353,0.0,0.2689123683977574,0.19999999999999998,0.2,0.42474811152125724,0.5394190871369295,0.0,0.0,0.5394190871369295,0.0,zero_day_covert_tunnel,1
0.0021854738835870914,0.0,ssh,0.0,0.0,0.0,0.0,0.0,0.0,0.0,0.0,0.0,0.0,0.0031633755656941005,0.0,0.001782353479308535,0.5130434782608695,0.5130434782608695,0.0,1.0,0.0,0.0,1.0,0.0,brute_force_only,1
0.008996867487433525,0.0,ssh,0.0,0.40000000000000013,0.0,0.015437048917401764,0.01700404914322924,0.0,0.0,0.0,0.01722429897161882,0.0,0.007056311647462109,0.0,0.002772969274627061,0.4434782608695652,0.44347826086956516,0.0,0.6390041493775933,0.0,0.0,0.6390041493775933,0.0,zero_day_buffer_overflow,1
0.005245137320609019,0.0,ssh,0.0,0.0,0.0,0.0,0.0,0.0,0.0,0.0,0.0,0.0,0.007883983963976618,0.0,0.004364364239894816,0.4608695652173913,0.46086956521739125,0.0,0.0,0.0,0.0,0.0,0.0,reconnaissance,0
0.08399504625919721,0.0,ssh,0.4,0.19999999999999996,0.8673469387755102,0.07638331996792301,0.013954306196782482,0.0,0.0,0.17228826393235458,0.011556773145604536,0.057623183153516354,0.08307514502515503,0.014359644840219739,0.08058464095506493,0.4956521739130434,0.49565217391304334,0.00827048208328465,0.3402489626556016,0.0,0.0,0.3402489626556016,0.0,botnet_malware_download,1
0.003970277555183215,0.0,ssh,0.0,0.0,0.0,0.0,0.0,0.0,0.0,0.0,0.0,0.0,0.004671990497171329,0.0,0.0026429250462667313,0.6521739130434782,0.6521739130434783,0.0,0.6887966804979253,0.0,0.0,0.6887966804979253,0.0,zero_day_obfuscated_memory_attack,1
0.11783346689007065,0.0,ssh,0.2,0.40000000000000013,0.26530612244897955,0.13071371291098638,0.014606114730256577,0.0,0.0,0.03791339538560394,0.01422793207792494,0.08527738140613404,0.09373487534326355,0.0,0.09322343004715934,0.7217391304347825,0.7217391304347824,0.08889198135737476,0.2987551867219917,0.0,0.0,0.2987551867219917,0.0,evasion_anti_forensics,1
0.005864354920958693,0.0,ssh,0.0,0.0,0.0,0.0,0.0,0.0,0.0,0.0,0.0,0.0,0.01056059651974668,0.0,0.004660053876946333,0.4695652173913043,0.46956521739130436,0.0,1.0,0.0,0.0,1.0,0.0,brute_force_only,1
0.009725358781962555,0.0,ssh,0.0,0.0,0.0,0.0,0.0,0.0,0.0,0.0,0.0,0.0,0.015086587313881407,0.0,0.0101093289303333,0.31304347826086953,0.31304347826086953,0.0,0.02074688796680496,0.0,0.0,0.02074688796680496,0.0,privilege_escalation,1
0.004152400378815473,0.0,ssh,0.0,0.0,0.0,0.0,0.0,0.0,0.0,0.0,0.0,0.0,0.007007985745756994,0.0,0.0005874564829231278,0.9652173913043477,0.9652173913043478,0.0,0.6887966804979253,0.0,0.0,0.6887966804979253,0.0,zero_day_obfuscated_memory_attack,1
0.005208712755882567,0.0,ssh,0.0,0.40000000000000013,0.0,0.01483560545308741,0.024101922451782137,0.0,0.0,0.0,0.024414113511627134,0.0,0.002682306544188489,0.0,0.0012370855053013931,0.617391304347826,0.6173913043478261,0.0,0.6390041493775933,0.0,0.0,0.6390041493775933,0.0,zero_day_buffer_overflow,1
0.002622568660304509,0.0,ssh,0.0,0.0,0.0,0.0,0.0,0.0,0.0,0.0,0.0,0.0,0.0068133681416092,0.0,0.0016236654738420882,0.4347826086956521,0.43478260869565216,0.0,0.04564315352697096,0.0,0.0,0.04564315352697096,0.0,reconnaissance,0
0.008523348145989654,0.0,ssh,0.0,0.0,0.0,0.0,0.0,0.0,0.0,0.0,0.0,0.0,0.013626590283515363,0.0,0.009426171145606016,0.21739130434782608,0.21739130434782605,0.0,0.6887966804979253,0.0,0.0,0.6887966804979253,0.0,zero_day_obfuscated_memory_attack,1
0.004043126684636118,0.0,ssh,0.0,0.0,0.0,0.0,0.0,0.0,0.0,0.0,0.0,0.0,0.004817990200207933,0.0,0.0011425684423439994,0.9826086956521739,0.9826086956521738,0.0,0.6390041493775933,0.0,0.0,0.6390041493775933,0.0,zero_day_buffer_overflow,1
0.0013477088948787067,0.0,ssh,0.0,0.0,0.0,0.0,0.0,0.0,0.0,0.0,0.0,0.0,0.0014599970303660406,0.0,0.00106677715615107,0.3565217391304347,0.3565217391304347,0.0,0.3402489626556016,0.0,0.0,0.3402489626556016,0.0,brute_force_only,1
0.004188824943541924,0.0,ssh,0.0,0.0,0.0,0.0,0.0,0.0,0.0,0.0,0.0,0.0,0.006326605131685162,0.0,0.002979322893675779,0.4869565217391303,0.48695652173913034,0.0,0.3402489626556016,0.0,0.0,0.3402489626556016,0.0,brute_force_only,1
0.38675602826546224,0.0,ssh,0.1,0.19999999999999996,0.49999999999999994,0.0483159582999198,0.0019342909150425734,0.0,0.0,0.022122529486114283,0.001628284152647084,0.0,0.38593152701527406,0.0,0.38477311612024406,0.26086956521739124,0.2608695652173913,0.6042513739345353,0.5394190871369295,0.0,0.0,0.5394190871369295,0.0,zero_day_covert_tunnel,1
0.020652728199898013,0.0,ssh,0.2,0.19999999999999996,0.6530612244897959,0.9308340016038492,0.5221525027255042,0.0,0.0,0.48055988628316987,0.5217243093493473,0.016344506683653556,0.018050819284633576,0.0,0.009151871822724181,0.9043478260869563,0.9043478260869564,0.01013534438878642,0.6887966804979253,0.0,0.0,0.6887966804979253,0.0,zero_day_obfuscated_memory_attack,1
0.0035696073431922483,0.0,ssh,0.0,0.0,0.0,0.0,0.0,0.0,0.0,0.0,0.0,0.0,0.007494602755977995,0.0,0.0034273352523923844,0.30434782608695654,0.3043478260869565,0.0,0.2987551867219917,0.0,0.0,0.2987551867219917,0.0,evasion_anti_forensics,1
0.01671887520944125,0.0,ssh,0.2,0.19999999999999996,0.6530612244897959,0.7678428227746592,0.5191660711079236,0.0,0.0,0.5775700758601048,0.517247444634182,0.007145542076909948,0.0157977518673727,0.0,0.006621819541539694,0.26086956521739124,0.2608695652173913,0.009914001565663095,0.6887966804979253,0.0,0.0,0.6887966804979253,0.0,zero_day_obfuscated_memory_attack,1
0.007976979675092881,0.0,ssh,0.0,0.0,0.0,0.0,0.0,0.0,0.0,0.0,0.0,0.0,0.012069357450926946,0.0,0.008317575555178572,0.3739130434782608,0.3739130434782609,0.0,0.38174273858921165,0.0,0.0,0.38174273858921165,0.0,botnet_malware_download,1
0.009506811393603846,0.0,ssh,0.0,0.0,0.0,0.0,0.0,0.0,0.0,0.0,0.0,0.0,0.013529354481292987,0.0,0.007012322301260297,0.7739130434782607,0.7739130434782608,0.0,0.6390041493775933,0.0,0.0,0.6390041493775933,0.0,zero_day_buffer_overflow,1
0.1558242878997596,0.0,ssh,0.6000000000000001,0.19999999999999996,0.9999999999999999,0.2834803528468324,0.024770086649642226,0.0,0.0,0.1086716204437059,0.023464664027925967,0.05780463348677,0.1557526291991522,0.05821269274382233,0.1493443609654744,0.5304347826086956,0.5304347826086957,0.034475096279514346,0.38174273858921165,0.0,0.0,0.38174273858921165,0.0,botnet_malware_download,1
0.5531434399358928,0.0,ssh,0.6000000000000001,0.19999999999999996,0.44897959183673464,0.2351643945469126,0.005687783933584789,0.0,0.0,0.013919363913832692,0.005553156313288999,0.1789894490783112,0.5561319948275225,0.14589102849207963,0.5494531481065352,0.31304347826086953,0.31304347826086953,0.23473325652272156,0.004149377593360981,0.0,0.0,0.004149377593360981,0.0,reconnaissance,0
0.06509069716616886,0.0,ssh,0.1,0.40000000000000013,0.14285714285714285,0.38773055332798717,0.0745830635861297,0.0,0.0,0.03628221332599941,0.07500616781894977,0.0,0.05207371408206556,0.0,0.05214810564713175,0.8086956521739129,0.8086956521739128,0.07162401155550255,1.0,0.0,0.0,1.0,0.0,evasion_anti_forensics,1
0.013367815254607706,0.0,ssh,0.0,0.40000000000000013,0.0,0.015838011226944667,0.01272001346571193,0.0,0.0,0.0,0.012884771961341392,0.0,0.0084754287609779,0.0,0.008616595863986616,0.6086956521739131,0.6086956521739129,0.0,0.6390041493775933,0.0,0.0,0.6390041493775933,0.0,zero_day_buffer_overflow,1
0.010381000947038681,0.0,ssh,0.0,0.0,0.0,0.0,0.0,0.0,0.0,0.0,0.0,0.0,0.015767967927953236,0.0,0.010341587774154993,0.408695652173913,0.40869565217391296,0.0,0.38174273858921165,0.0,0.0,0.38174273858921165,0.0,brute_force_only,1
0.012457201136446418,0.0,ssh,0.0,0.40000000000000013,0.0,0.015236567762630313,0.012968850669274785,0.0,0.0,0.0,0.013136833216598602,0.0,0.00860536849668048,0.0,0.008061853979205358,0.1739130434782609,0.17391304347826086,0.0,0.6390041493775933,0.0,0.0,0.6390041493775933,0.0,zero_day_buffer_overflow,1
0.625919720259343,0.0,ssh,0.7000000000000001,0.19999999999999996,0.47959183673469385,0.5425020048115478,0.011377044370670625,0.0,0.0,0.013147286361349313,0.011327663825679249,0.1869519698419187,0.628216428207785,0.19155798503008648,0.6274948581829571,0.5565217391304347,0.5565217391304347,0.19411880930710237,0.0,0.0,0.0,0.0,0.0,reconnaissance,0
0.020725577329350917,0.0,ssh,0.2,0.19999999999999996,0.6530612244897959,0.6806335204490778,0.3825207364217421,0.0,0.0,0.47906974582757955,0.38030621765308986,0.014847767527839104,0.019625864080992463,0.0,0.010712920667543594,0.408695652173913,0.40869565217391296,0.00634973619372699,0.6887966804979253,0.0,0.0,0.6887966804979253,0.0,zero_day_obfuscated_memory_attack,1
0.6570991476651854,0.0,ssh,0.8,0.19999999999999996,0.5510204081632653,0.3546511627906977,0.007177754287819664,0.0,0.0,0.014391614898604242,0.0070553551972935245,0.18354790568331714,0.6584923866264856,0.13422244980106296,0.6580266080705284,0.13043478260869565,0.13043478260869562,0.12781884814302139,0.04564315352697096,0.0,0.0,0.04564315352697096,0.0,reconnaissance,0
0.002294747577766446,0.0,ssh,0.0,0.0,0.0,0.0,0.0,0.0,0.0,0.0,0.0,0.0,0.0033579931698418924,0.0,0.003468487552317452,0.1565217391304348,0.15652173913043477,0.0,1.0,0.0,0.0,1.0,0.0,botnet_malware_download,1
0.009798207911415457,0.0,ssh,0.0,0.0,0.0,0.0,0.0,0.0,0.0,0.0,0.0,0.0,0.013577972382404173,0.0,0.007567286230825322,0.7652173913043477,0.7652173913043478,0.0,1.0,0.0,0.0,1.0,0.0,reconnaissance,0
0.017410941939243828,0.0,ssh,0.2,0.19999999999999996,0.6530612244897959,0.43644747393744987,0.28853349235632686,0.0,0.0,0.55776172707828,0.28392394870041143,0.010645223243927459,0.01601324742905473,0.0,0.005910017979706291,0.9130434782608695,0.9130434782608694,0.010798334773003649,0.6887966804979253,0.0,0.0,0.6887966804979253,0.0,zero_day_obfuscated_memory_attack,1
0.009688934217236104,0.0,ssh,0.0,0.0,0.0,0.0,0.0,0.0,0.0,0.0,0.0,0.0,0.014015971491513986,0.0,0.007863271927588532,0.6869565217391304,0.6869565217391302,0.0,0.004149377593360981,0.0,0.0,0.004149377593360981,0.0,reconnaissance,0
0.3799446346616157,0.0,ssh,0.4,0.19999999999999996,0.2346938775510204,0.26042502004811546,0.008974637649991892,0.0,0.0,0.010568826160278422,0.008932721089412198,0.2295842477103714,0.38028367450300604,0.10420371779606857,0.37788240034556086,0.6,0.5999999999999999,0.11098162600813928,1.0,0.0,0.0,1.0,0.0,reconnaissance,0
0.01515261892620383,0.0,ssh,0.2,0.19999999999999996,0.6530612244897959,0.5336808340016038,0.39520723254469364,0.0,0.0,0.6280487874797542,0.3909275790882142,0.009230453269016439,0.015782275898850825,0.0,0.009684113169416912,0.4521739130434782,0.45217391304347815,0.011195113986940198,0.6887966804979253,0.0,0.0,0.6887966804979253,0.0,zero_day_obfuscated_memory_attack,1
0.002695417789757412,0.0,ssh,0.0,0.0,0.0,0.0,0.0,0.0,0.0,0.0,0.0,0.0,0.005499370814279765,0.0,0.0014957676783915195,0.7043478260869565,0.7043478260869565,0.0,0.38174273858921165,0.0,0.0,0.38174273858921165,0.0,brute_force_only,1
0.3519341443869745,0.0,ssh,0.2,0.19999999999999996,0.37755102040816324,0.5719727345629511,0.02116860216303626,0.0,0.0,0.018344702662632526,0.021168270198741047,0.38870903719674277,0.35237889726132293,0.0,0.35081736165203686,0.7652173913043477,0.7652173913043478,0.27845642274241567,0.2987551867219917,0.0,0.0,0.2987551867219917,0.0,privilege_escalation,1
0.014533401325854152,0.0,ssh,0.2,0.19999999999999996,0.6530612244897959,0.6501603849238171,0.4965977222272937,0.0,0.0,0.6505263048626643,0.49329498627576235,0.009102032145073448,0.013755946020405795,0.0,0.00866485359699227,0.24347826086956517,0.2434782608695652,0.013562409506368594,0.6887966804979253,0.0,0.0,0.6887966804979253,0.0,zero_day_obfuscated_memory_attack,1
0.00433452320244773,0.0,ssh,0.0,0.0,0.0,0.0,0.0,0.0,0.0,0.0,0.0,0.0,0.006034605725611956,0.0,0.00340461266952009,0.4782608695652174,0.47826086956521735,0.0,0.2987551867219917,0.0,0.0,0.2987551867219917,0.0,privilege_escalation,1
0.008814744663801267,0.0,ssh,0.0,0.0,0.0,0.0,0.0,0.0,0.0,0.0,0.0,0.0,0.010657978321672095,0.0,0.006758007008917614,0.8608695652173912,0.8608695652173912,0.0,0.0580912863070539,0.0,0.0,0.0580912863070539,0.0,privilege_escalation,1
0.0035696073431922483,0.0,ssh,0.0,0.40000000000000013,0.0,0.0018043303929430633,0.0036894113400233637,0.0,0.0,0.0,0.0037372024050669485,0.0,0.002888312125173138,0.0,0.0020338562043901508,0.3217391304347825,0.3217391304347826,0.0,0.6390041493775933,0.0,0.0,0.6390041493775933,0.0,zero_day_buffer_overflow,1
0.003096088001748379,0.0,ssh,0.0,0.0,0.0,0.0,0.0,0.0,0.0,0.0,0.0,0.0,0.006326605131685162,0.0,0.00010325082445228218,0.6869565217391304,0.6869565217391302,0.0,0.04564315352697096,0.0,0.0,0.04564315352697096,0.0,reconnaissance,0
0.003933852990456763,0.0,ssh,0.0,0.0,0.0,0.0,0.0,0.0,0.0,0.0,0.0,0.0,0.007445984854866807,0.0,0.004689141743619988,0.20869565217391303,0.208695652173913,0.0,0.0,0.0,0.0,0.0,0.0,reconnaissance,0
0.002549719530851606,0.0,ssh,0.0,0.0,0.0,0.0,0.0,0.0,0.0,0.0,0.0,0.0,0.00618060542864856,0.0,0.0017544498514816455,0.3391304347826086,0.3391304347826086,0.0,0.5394190871369295,0.0,0.0,0.5394190871369295,0.0,zero_day_covert_tunnel,1
0.017520215633423184,0.0,ssh,0.2,0.19999999999999996,0.6530612244897959,0.7921010425020047,0.5141555029806183,0.0,0.0,0.5547576676510609,0.5125133670547747,0.009354681385711612,0.01631575881374657,0.0,0.00757172712650069,0.7565217391304346,0.7565217391304346,0.008779143808127722,0.6887966804979253,0.0,0.0,0.6887966804979253,0.0,zero_day_obfuscated_memory_attack,1
0.003751730166824506,0.0,ssh,0.0,0.0,0.0,0.0,0.0,0.0,0.0,0.0,0.0,0.0,0.007348603052941391,0.0,0.0036195520202078513,0.3391304347826086,0.3391304347826086,0.0,1.0,0.0,0.0,1.0,0.0,reconnaissance,0
0.548808916733445,0.0,ssh,0.7000000000000001,0.40000000000000013,0.4183673469387755,0.31756214915797915,0.007654301142432814,0.0,0.0,0.013072269367857806,0.007557821317401512,0.18803302576940037,0.4380653929749907,0.1949914818862598,0.33060299665718973,0.5478260869565217,0.5478260869565217,0.07075559565383735,1.0,0.0,0.0,1.0,0.0,reconnaissance,0
0.005317986450061922,0.0,ssh,0.0,0.0,0.0,0.0,0.0,0.0,0.0,0.0,0.0,0.0,0.009635980400415866,0.0,0.0026429250462667313,0.6260869565217391,0.6260869565217391,0.0,1.0,0.0,0.0,1.0,0.0,brute_force_only,1
0.5622495811175057,0.0,ssh,0.2,0.6000000000000001,0.4081632653061224,0.3466319165998396,0.008134371633420444,0.0,0.0,0.012450044747666793,0.008053424345525584,1.0,0.37425344876848515,0.0,0.24643063010092378,0.3826086956521738,0.38260869565217387,0.18040789595249446,0.2987551867219917,0.0,0.0,0.2987551867219917,0.0,privilege_escalation,1
0.0060100531798645,0.0,ssh,0.0,0.0,0.0,0.0,0.0,0.0,0.0,0.0,0.0,0.0,0.011874593847076115,0.0,0.005902764516769858,0.26086956521739124,0.2608695652173913,0.0,0.2987551867219917,0.0,0.0,0.2987551867219917,0.0,evasion_anti_forensics,1
0.12723100458949516,0.0,ssh,0.2,0.19999999999999996,0.3061224489795918,0.3081395348837209,0.03131746666978801,0.0,0.0,0.04058383136952363,0.03111577968349759,0.10727184203248052,0.12778361208813302,0.0,0.12086275056643624,0.5304347826086956,0.5304347826086957,0.11639074171068821,0.2987551867219917,0.0,0.0,0.2987551867219917,0.0,evasion_anti_forensics,1
0.015298317185109636,0.0,ssh,0.2,0.19999999999999996,0.6530612244897959,0.3231756214915798,0.24102188507727013,0.0,0.0,0.6229839032120248,0.23482088640854734,0.01598185266463144,0.014396884716736487,0.0,0.00982074472636237,0.26086956521739124,0.2608695652173913,0.010095205096213769,0.6887966804979253,0.0,0.0,0.6887966804979253,0.0,zero_day_obfuscated_memory_attack,1
0.4254389160049537,0.0,ssh,0.30000000000000004,0.40000000000000013,0.3877551020408163,0.3289895749799519,0.010187210800576033,0.0,0.0,0.015606371169720124,0.010085614873311454,0.263667394879664,0.34118977202000367,0.2543649675297832,0.2567382450231622,0.617391304347826,0.6173913043478261,0.2885631621181043,0.2987551867219917,0.0,0.0,0.2987551867219917,0.0,privilege_escalation,1
0.22699788737524584,0.0,ssh,0.1,0.19999999999999996,0.49999999999999994,0.049318364073777064,0.0033357566536205098,0.0,0.0,0.03750445319099538,0.0028177133569997448,0.0,0.226848936589263,0.0,0.21418454645280496,0.29565217391304344,0.29565217391304344,0.34395521285417013,0.5394190871369295,0.0,0.0,0.5394190871369295,0.0,zero_day_covert_tunnel,1
0.00433452320244773,0.0,ssh,0.0,0.0,0.0,0.0,0.0,0.0,0.0,0.0,0.0,0.0,0.005742606319538747,0.0,0.00638660010060109,0.08695652173913043,0.08695652173913043,0.0,0.04564315352697096,0.0,0.0,0.04564315352697096,0.0,reconnaissance,0
0.01715596998615867,0.0,ssh,0.2,0.19999999999999996,0.6530612244897959,0.9851643945469126,0.6491300277315889,0.0,0.0,0.5648994461476661,0.649084424196847,0.015608263940433648,0.017828607736611865,0.0,0.010423892374005128,0.8086956521739129,0.8086956521739128,0.006090849290912867,0.6887966804979253,0.0,0.0,0.6887966804979253,0.0,zero_day_obfuscated_memory_attack,1
0.015626138267647704,0.0,ssh,0.0,0.40000000000000013,0.0,0.01343223736968725,0.009463410238908397,0.0,0.0,0.0,0.009585985570142732,0.0,0.01158128044367558,0.0,0.007429766494744792,0.4782608695652174,0.47826086956521735,0.0,0.6390041493775933,0.0,0.0,0.6390041493775933,0.0,zero_day_buffer_overflow,1
0.3322284548699642,0.0,ssh,0.1,0.19999999999999996,0.49999999999999994,0.024057738572574178,0.0013107071369000778,0.0,0.0,0.02572340552527013,0.0009427327031926287,0.0,0.33201661067821386,0.0,0.32268880245919035,0.19999999999999998,0.2,0.5143343988316236,0.5394190871369295,0.0,0.0,0.5394190871369295,0.0,zero_day_covert_tunnel,1
0.008559772710716106,0.0,ssh,0.0,0.0,0.0,0.0,0.0,0.0,0.0,0.0,0.0,0.0,0.009879361905377885,0.0,0.006597542645181022,0.8782608695652173,0.8782608695652174,0.0,0.6390041493775933,0.0,0.0,0.6390041493775933,0.0,zero_day_buffer_overflow,1
0.292598528447585,0.0,ssh,0.2,0.40000000000000013,0.4591836734693877,0.3412189254210104,0.01536702046686356,0.0,0.0,0.026793136989177575,0.015165112170311263,0.1173717276867064,0.23407869588393257,0.0,0.1776971853899269,0.5478260869565217,0.5478260869565217,0.3766982063849388,0.02074688796680496,0.0,0.0,0.02074688796680496,0.0,privilege_escalation,1
0.5266992059444889,0.0,ssh,0.1,0.19999999999999996,0.49999999999999994,0.061748195669607056,0.0017518107746209563,0.0,0.0,0.016275307900098124,0.0015309436699726976,0.0,0.5265574189822098,0.0,0.5281082050876676,0.5391304347826086,0.5391304347826087,0.8293296888086,0.5394190871369295,0.0,0.0,0.5394190871369295,0.0,zero_day_covert_tunnel,1
0.6091644204851753,0.0,ssh,0.30000000000000004,0.6000000000000001,0.32653061224489793,0.25340817963111467,0.0055025005763713304,0.0,0.0,0.009196431605172346,0.005436146871906131,0.24149797897050657,0.40548628924088764,0.003189087641523496,0.38302443943314035,0.4956521739130434,0.49565217391304334,0.5138422311264296,0.02074688796680496,0.0,0.0,0.02074688796680496,0.0,privilege_escalation,1
0.32731113863189326,0.0,ssh,0.30000000000000004,0.19999999999999996,0.6224489795918366,0.7074979951884522,0.028257552254778485,0.0,0.0,0.03250004118994212,0.02813720589089269,0.14359019092817396,0.3277313733943865,0.13008303275023128,0.3266830180445433,0.3913043478260869,0.39130434782608686,0.31032713638789505,0.02074688796680496,0.0,0.0,0.02074688796680496,0.0,privilege_escalation,1
0.01151016245355868,0.0,ssh,0.0,0.40000000000000013,0.0,0.004611066559743384,0.0041851028100800365,0.0,0.0,0.0,0.0042393099717445365,0.0,0.007056165647759072,0.0,0.005653630269381771,0.33043478260869563,0.33043478260869563,0.0,0.6390041493775933,0.0,0.0,0.6390041493775933,0.0,zero_day_buffer_overflow,1
0.014096306549136737,0.0,ssh,0.0,0.40000000000000013,0.0,0.011627906976744186,0.00893534268483602,0.0,0.0,0.0,0.009051078944577405,0.0,0.00911008947007802,0.0,0.005935997219407188,0.7739130434782607,0.7739130434782608,0.0,0.6390041493775933,0.0,0.0,0.6390041493775933,0.0,zero_day_buffer_overflow,1
0.010890944853209003,0.0,ssh,0.0,0.0,0.0,0.0,0.0,0.0,0.0,0.0,0.0,0.0,0.013529354481292987,0.0,0.010340921639803687,0.6521739130434782,0.6521739130434783,0.0,0.38174273858921165,0.0,0.0,0.38174273858921165,0.0,brute_force_only,1
0.008814744663801267,0.0,ssh,0.0,0.0,0.0,0.0,0.0,0.0,0.0,0.0,0.0,0.0,0.013577972382404173,0.0,0.010020066927258426,0.19999999999999998,0.2,0.0,0.38174273858921165,0.0,0.0,0.38174273858921165,0.0,botnet_malware_download,1
0.010526699205944488,0.0,ssh,0.0,0.0,0.0,0.0,0.0,0.0,0.0,0.0,0.0,0.0,0.0139673535904028,0.0,0.010981742885759144,0.4521739130434782,0.45217391304347815,0.0,0.6390041493775933,0.0,0.0,0.6390041493775933,0.0,zero_day_buffer_overflow,1
0.08905806075617397,0.0,ssh,0.2,0.19999999999999996,0.11224489795918366,0.4041700080192462,0.05735153304359913,0.0,0.0,0.021066799584950224,0.05777913589347606,0.1333337663366962,0.09001509490929696,0.0,0.08308871399654853,0.7826086956521738,0.7826086956521738,0.03774137354121642,0.0,0.0,0.0,0.0,0.0,reconnaissance,0
0.10144241276316748,0.0,ssh,0.4,0.19999999999999996,0.5408163265306122,0.2760625501202887,0.03565186752228547,0.0,0.0,0.08944095682817288,0.03477518502574013,0.035862626558935434,0.10214256024203248,0.05998375433072006,0.09062883674882619,0.19130434782608693,0.19130434782608696,0.07294451354118642,0.38174273858921165,0.0,0.0,0.38174273858921165,0.0,botnet_malware_download,1
0.21760034967582137,0.0,ssh,0.1,0.19999999999999996,0.49999999999999994,0.0954290296712109,0.006189680998066151,0.0,0.0,0.03910382997660954,0.005684665944407596,0.0,0.21830036197706376,0.0,0.2049687257323555,0.408695652173913,0.40869565217391296,0.3300444104362622,0.5394190871369295,0.0,0.0,0.5394190871369295,0.0,zero_day_covert_tunnel,1
0.06294164784730823,0.0,ssh,0.2,0.19999999999999996,0.2040816326530612,0.16599839615076184,0.03352921898428571,0.0,0.0,0.053526888039822855,0.033162492979950574,0.08641903039913812,0.06309537766400183,0.0,0.057614700193652654,0.5739130434782608,0.5739130434782609,0.033998384508816745,0.3402489626556016,0.0,0.0,0.3402489626556016,0.0,botnet_malware_download,1
0.4564726451518904,0.0,ssh,0.6000000000000001,0.40000000000000013,0.36734693877551017,0.5096230954290296,0.014584815988932302,0.0,0.0,0.013785866255262128,0.014567422568135585,0.16645556382464088,0.36408091945940985,0.07191152748517401,0.34378461123066983,0.6260869565217391,0.6260869565217391,0.12690389142367495,0.0,0.0,0.0,0.0,0.0,reconnaissance,0
0.010271727252859327,0.0,ssh,0.0,0.0,0.0,0.0,0.0,0.0,0.0,0.0,0.0,0.0,0.012604592362259135,0.0,0.010680132054473802,0.5130434782608695,0.5130434782608695,0.0,0.5394190871369295,0.0,0.0,0.5394190871369295,0.0,zero_day_covert_tunnel,1
0.49060246230057547,0.0,ssh,0.30000000000000004,0.19999999999999996,0.4693877551020408,0.34823576583801125,0.009389371077841421,0.0,0.0,0.016396735245958874,0.009265613112714765,0.37440118101393166,0.49088779353422796,0.17869421510545502,0.48938648138065666,0.826086956521739,0.826086956521739,0.24142642588781366,0.2987551867219917,0.0,0.0,0.2987551867219917,0.0,privilege_escalation,1
0.18561958184599692,0.0,ssh,0.1,0.40000000000000013,0.1530612244897959,0.10485164394546913,0.0074197296731795875,0.0,0.0,0.01400270942309397,0.007306283893352443,0.0,0.14820940854206302,0.0,0.1606656843405433,0.7739130434782607,0.7739130434782608,0.2315845135688687,1.0,0.0,0.0,1.0,0.0,reconnaissance,0
0.22790850149340716,0.0,ssh,0.30000000000000004,0.19999999999999996,0.29591836734693877,0.29671210906174816,0.016995889143204136,0.0,0.0,0.022108890032752185,0.01688517606641113,0.1419081372951716,0.22798306228245133,0.02451288640040747,0.21882291395586992,0.5739130434782608,0.5739130434782609,0.15023600865947564,0.004149377593360981,0.0,0.0,0.004149377593360981,0.0,reconnaissance,0
0.09259124353463975,0.0,ssh,0.4,0.19999999999999996,0.7959183673469387,0.06355252606255012,0.01076196297017667,0.0,0.0,0.1438478913676684,0.008748689251262053,0.04569802389323519,0.09389591301571294,0.02998207062279692,0.07948522321569992,0.4260869565217391,0.42608695652173906,0.03396874141056625,0.38174273858921165,0.0,0.0,0.38174273858921165,0.0,botnet_malware_download,1
0.01318569243097545,0.0,ssh,0.0,0.40000000000000013,0.0,0.01222935044105854,0.009933901289307108,0.0,0.0,0.0,0.010062574428568498,0.0,0.010697836240601088,0.0,0.007109059812055374,0.1043478260869565,0.1043478260869565,0.0,0.6390041493775933,0.0,0.0,0.6390041493775933,0.0,zero_day_buffer_overflow,1
0.009834632476141908,0.0,ssh,0.0,0.40000000000000013,0.0,0.018043303929430633,0.018553700196948446,0.0,0.0,0.0,0.018794024214139143,0.0,0.006533340711184993,0.0,0.0038689083123797066,0.5478260869565217,0.5478260869565217,0.0,0.6390041493775933,0.0,0.0,0.6390041493775933,0.0,zero_day_buffer_overflow,1
0.01176513440664384,0.0,ssh,0.0,0.0,0.0,0.0,0.0,0.0,0.0,0.0,0.0,0.0,0.015378586719954615,0.0,0.009418251548318277,0.8782608695652173,0.8782608695652174,0.0,0.05394190871369292,0.0,0.0,0.05394190871369292,0.0,evasion_anti_forensics,1
0.05623952793764114,0.0,ssh,0.2,0.19999999999999996,0.3061224489795918,0.09643143544506816,0.022499352656641363,0.0,0.0,0.08940969471825445,0.021452771959455597,0.06175757051569386,0.05505196202430925,0.0,0.042095176091875616,0.6869565217391304,0.6869565217391302,0.031379641696835534,0.05394190871369292,0.0,0.0,0.05394190871369292,0.0,evasion_anti_forensics,1
0.0051358636264296625,0.0,ssh,0.0,0.0,0.0,0.0,0.0,0.0,0.0,0.0,0.0,0.0,0.005985987824500766,0.0,0.005442391665090148,0.408695652173913,0.40869565217391296,0.0,0.38174273858921165,0.0,0.0,0.38174273858921165,0.0,brute_force_only,1
0.008960442922707073,0.0,ssh,0.0,0.40000000000000013,0.0,0.003408179631114675,0.003765797214384271,0.0,0.0,0.0,0.0038145767902958206,0.0,0.007194427366534736,0.0,0.0035432426295194624,0.3652173913043478,0.36521739130434777,0.0,0.6390041493775933,0.0,0.0,0.6390041493775933,0.0,zero_day_buffer_overflow,1
0.005900779485685145,0.0,ssh,0.0,0.0,0.0,0.0,0.0,0.0,0.0,0.0,0.0,0.0,0.010317361014487698,0.0,0.004633482517822055,0.4608695652173913,0.46086956521739125,0.0,0.3402489626556016,0.0,0.0,0.3402489626556016,0.0,brute_force_only,1
0.46656224958111747,0.0,ssh,0.1,0.19999999999999996,0.49999999999999994,0.04490777866880513,0.0015112690955591498,0.0,0.0,0.01836075617853658,0.0012560785971734497,0.0,0.46892812420019536,0.0,0.4681486379624933,0.4956521739130434,0.49565217391304334,0.7346397711875774,0.5394190871369295,0.0,0.0,0.5394190871369295,0.0,zero_day_covert_tunnel,1
0.017083120856705766,0.0,ssh,0.2,0.19999999999999996,0.6530612244897959,0.6914595028067362,0.45977545819791055,0.0,0.0,0.5669724620040134,0.4572461463095011,0.01612581258013988,0.015459178556030817,0.0,0.009347641307079942,0.27826086956521734,0.27826086956521734,0.005213494322654628,0.6887966804979253,0.0,0.0,0.6887966804979253,0.0,zero_day_obfuscated_memory_attack,1
0.22863699278793617,0.0,ssh,0.2,0.19999999999999996,0.11224489795918366,0.43364073777064954,0.024408707068110706,0.0,0.0,0.008359717528127902,0.024599769226522517,0.3254125508052712,0.22965913887331155,0.0,0.21745141734146078,0.6695652173913043,0.6695652173913043,0.11661254590499052,1.0,0.0,0.0,1.0,0.0,reconnaissance,0
0.09790922998470167,0.0,ssh,0.30000000000000004,0.40000000000000013,0.5306122448979591,0.07237369687249398,0.010658008564262404,0.0,0.0,0.09083302599299595,0.009436751477886569,0.08724497061112998,0.07645668648709969,0.00948730188520974,0.045999093465162795,0.6260869565217391,0.6260869565217391,0.02007224149920719,1.0,0.0,0.0,1.0,0.0,botnet_malware_download,1
0.00866904640489546,0.0,ssh,0.0,0.40000000000000013,0.0,0.018444266238973536,0.020898844260108334,0.0,0.0,0.0,0.021169545456785697,0.0,0.004676370488262428,0.0,0.002092476027304995,0.5043478260869564,0.5043478260869565,0.0,0.6390041493775933,0.0,0.0,0.6390041493775933,0.0,zero_day_buffer_overflow,1
0.005172288191156114,0.0,ssh,0.0,0.0,0.0,0.0,0.0,0.0,0.0,0.0,0.0,0.0,0.010609360420560907,0.0,0.006021558476085924,0.1565217391304348,0.15652173913043477,0.0,0.6887966804979253,0.0,0.0,0.6887966804979253,0.0,zero_day_obfuscated_memory_attack,1
0.009980330735047714,0.0,ssh,0.0,0.40000000000000013,0.0,0.0026062550120288693,0.0026493537144455636,0.0,0.0,0.0,0.002683667660307936,0.0,0.006176517436963534,0.0,0.0032958107254735993,0.4869565217391303,0.48695652173913034,0.0,0.6390041493775933,0.0,0.0,0.6390041493775933,0.0,zero_day_buffer_overflow,1
0.0057550812267793405,0.0,ssh,0.0,0.0,0.0,0.0,0.0,0.0,0.0,0.0,0.0,0.0,0.007932601865087808,0.0,0.005254319733238357,0.4782608695652174,0.47826086956521735,0.0,0.3402489626556016,0.0,0.0,0.3402489626556016,0.0,botnet_malware_download,1
0.5187586508341225,0.0,ssh,0.1,0.19999999999999996,0.49999999999999994,0.06495589414595028,0.0018581903553678586,0.0,0.0,0.016523111420030646,0.0016349937078975803,0.0,0.5204769693498443,0.0,0.5162041621850627,0.1391304347826087,0.13913043478260867,0.8118213446224709,0.5394190871369295,0.0,0.0,0.5394190871369295,0.0,zero_day_covert_tunnel,1
0.41294529030378085,0.0,ssh,0.5,0.19999999999999996,0.3469387755102041,0.3979550922213312,0.012618291647217122,0.0,0.0,0.01438328638283447,0.012566492119274224,0.17348847021665845,0.4118066163853423,0.17061302055390973,0.41467892176237237,0.29565217391304344,0.29565217391304344,0.16354224181870672,1.0,0.0,0.0,1.0,0.0,reconnaissance,0
0.010053179864500618,0.0,ssh,0.0,0.0,0.0,0.0,0.0,0.0,0.0,0.0,0.0,0.0,0.015767967927953236,0.0,0.007239992219550777,0.7391304347826086,0.7391304347826086,0.0,1.0,0.0,0.0,1.0,0.0,brute_force_only,1
0.02429518467254316,0.0,ssh,0.2,0.19999999999999996,0.6530612244897959,0.6503608660785886,0.3175709879701485,0.0,0.0,0.41588159844012934,0.31546079565005797,0.014787174462316704,0.023691517811452775,0.0,0.011367360660236843,0.6,0.5999999999999999,0.013046827213840583,0.6887966804979253,0.0,0.0,0.6887966804979253,0.0,zero_day_obfuscated_memory_attack,1
0.013367815254607706,0.0,ssh,0.0,0.40000000000000013,0.0,0.0018043303929430633,0.0014491132911720968,0.0,0.0,0.0,0.0014678852303994486,0.0,0.009607802457729802,0.0,0.008399732125172862,0.34782608695652173,0.34782608695652173,0.0,0.6390041493775933,0.0,0.0,0.6390041493775933,0.0,zero_day_buffer_overflow,1
0.20692795221097107,0.0,ssh,0.1,0.40000000000000013,0.1530612244897959,0.24619085805934243,0.01540065193549851,0.0,0.0,0.012579800609297314,0.015411875505108195,0.0,0.1639729964789252,0.0,0.12257686228219995,0.7217391304347825,0.7217391304347824,0.3154352073961491,0.2987551867219917,0.0,0.0,0.2987551867219917,0.0,privilege_escalation,1
0.4960661470095432,0.0,ssh,0.1,0.19999999999999996,0.49999999999999994,0.045308740978348035,0.0014323011232881993,0.0,0.0,0.017274790144034435,0.0011923391770296157,0.0,0.49636000840374295,0.0,0.48902573262196103,0.417391304347826,0.41739130434782606,0.7701398612126287,0.5394190871369295,0.0,0.0,0.5394190871369295,0.0,zero_day_covert_tunnel,1
0.006301449697676112,0.0,ssh,0.0,0.0,0.0,0.0,0.0,0.0,0.0,0.0,0.0,0.0,0.011387976836855114,0.0,0.0076150998742634405,0.09565217391304345,0.09565217391304348,0.0,1.0,0.0,0.0,1.0,0.0,botnet_malware_download,1
0.10934654330880746,0.0,ssh,0.5,0.19999999999999996,0.6632653061224489,0.1569767441860465,0.019651305794731292,0.0,0.0,0.10195847462388753,0.01838004221665892,0.04178874346918567,0.10794911443150126,0.027572225940326735,0.09806267406460674,0.23478260869565218,0.23478260869565215,0.0433337689446215,0.3402489626556016,0.0,0.0,0.3402489626556016,0.0,botnet_malware_download,1
0.0786770598091353,0.0,ssh,0.30000000000000004,0.19999999999999996,0.47959183673469385,0.2806736166800321,0.046159472449721455,0.0,0.0,0.1014856201234805,0.0452386456715853,0.0276619265404862,0.07759650616870646,0.019473832221824597,0.0656167501110964,0.33043478260869563,0.33043478260869563,0.0720330171056825,0.05394190871369292,0.0,0.0,0.05394190871369292,0.0,evasion_anti_forensics,1
0.06734902017920887,0.0,ssh,0.2,0.19999999999999996,0.26530612244897955,0.23356054530874099,0.044131141814109806,0.0,0.0,0.06521101109448828,0.04372688596487493,0.04266878169625724,0.06760268049614787,0.0,0.06236734674543039,0.617391304347826,0.6173913043478261,0.06846436870754592,1.0,0.0,0.0,1.0,0.0,evasion_anti_forensics,1
0.14435055001092736,0.0,ssh,0.5,0.40000000000000013,0.8673469387755102,0.21752205292702487,0.020662182860778745,0.0,0.0,0.1016069871177777,0.01940927209651739,0.054079845381624504,0.11474423261023088,0.053003608204183685,0.08716789871915687,0.4695652173913043,0.46956521739130436,0.061794094887211465,1.0,0.0,0.0,1.0,0.0,botnet_malware_download,1
0.6416915567858964,0.0,ssh,0.8,0.19999999999999996,0.5510204081632653,0.4190056134723336,0.008643458627993858,0.0,0.0,0.014735679162397547,0.00853489476891688,0.16730995071325522,0.6419980701759253,0.1286521827553307,0.6370540341540404,0.16521739130434784,0.16521739130434782,0.18235465164226802,0.0,0.0,0.0,0.0,0.0,reconnaissance,0
0.0057550812267793405,0.0,ssh,0.0,0.0,0.0,0.0,0.0,0.0,0.0,0.0,0.0,0.0,0.007202603349904788,0.0,0.00340461266952009,0.7478260869565218,0.7478260869565216,0.0,0.3402489626556016,0.0,0.0,0.3402489626556016,0.0,brute_force_only,1
0.6192540249144023,0.0,ssh,0.8,0.40000000000000013,0.5306122448979591,0.5982357658380112,0.012681025213843714,0.0,0.0,0.014701821935246513,0.012625267787142284,0.1847121640291281,0.4966429558282278,0.14449125769360982,0.33454332937501496,0.4956521739130434,0.49565217391304334,0.05793864662993153,0.004149377593360981,0.0,0.0,0.004149377593360981,0.0,reconnaissance,0
0.017010271727252863,0.0,ssh,0.2,0.19999999999999996,0.6530612244897959,0.5892141138732959,0.3944751364585249,0.0,0.0,0.5690608071575023,0.3910687552114376,0.015288526583830385,0.0176412901176159,0.0,0.008652345074173319,0.5043478260869564,0.5043478260869565,0.01017138901214548,0.6887966804979253,0.0,0.0,0.6887966804979253,0.0,zero_day_obfuscated_memory_attack,1
0.0013841334596051582,0.0,ssh,0.0,0.0,0.0,0.0,0.0,0.0,0.0,0.0,0.0,0.0,0.0031633755656941005,0.0,0.0016550478032813483,0.27826086956521734,0.27826086956521734,0.0,0.004149377593360981,0.0,0.0,0.004149377593360981,0.0,reconnaissance,0
0.0056822320973264374,0.0,ssh,0.0,0.0,0.0,0.0,0.0,0.0,0.0,0.0,0.0,0.0,0.007007985745756994,0.0,0.004549771634341387,0.5826086956521739,0.5826086956521739,0.0,0.38174273858921165,0.0,0.0,0.38174273858921165,0.0,botnet_malware_download,1
0.008122677933998687,0.0,ssh,0.0,0.0,0.0,0.0,0.0,0.0,0.0,0.0,0.0,0.0,0.010901359826634113,0.0,0.00803158187368494,0.4695652173913043,0.46956521739130436,0.0,0.6390041493775933,0.0,0.0,0.6390041493775933,0.0,zero_day_buffer_overflow,1
0.35834486777883,0.0,ssh,0.1,0.19999999999999996,0.49999999999999994,0.04310344827586207,0.001899411194655531,0.0,0.0,0.023863008227306196,0.0015669055855689112,0.0,0.360276605197385,0.0,0.3572591028739404,0.24347826086956517,0.2434782608695652,0.5571986649302193,0.5394190871369295,0.0,0.0,0.5394190871369295,0.0,zero_day_covert_tunnel,1
0.004006702119909666,0.0,ssh,0.0,0.0,0.0,0.0,0.0,0.0,0.0,0.0,0.0,0.0,0.005255989309317746,0.0,0.0026284181203938654,0.5478260869565217,0.5478260869565217,0.0,0.38174273858921165,0.0,0.0,0.38174273858921165,0.0,brute_force_only,1
0.5347490347490348,0.0,ssh,0.1,0.19999999999999996,0.49999999999999994,0.030673616680032077,0.0009763753876196166,0.0,0.0,0.01603160828648694,0.0007491120444617164,0.0,0.5377071243037091,0.0,0.5326126055711924,0.5304347826086956,0.5304347826086957,0.8369117474214253,0.5394190871369295,0.0,0.0,0.5394190871369295,0.0,zero_day_covert_tunnel,1
0.5601733809280979,0.0,ssh,0.2,0.6000000000000001,0.17346938775510204,0.5783881315156375,0.013393448852399424,0.0,0.0,0.005310756537628384,0.013487459635768547,0.18376684643431598,0.3727467318331475,0.0,0.4049058426495923,0.7652173913043477,0.7652173913043478,0.3357581464597432,0.02074688796680496,0.0,0.0,0.02074688796680496,0.0,privilege_escalation,1
0.007066365556931594,0.0,ssh,0.0,0.0,0.0,0.0,0.0,0.0,0.0,0.0,0.0,0.0,0.008662600380270826,0.0,0.007105951185082617,0.4695652173913043,0.46956521739130436,0.0,0.3402489626556016,0.0,0.0,0.3402489626556016,0.0,botnet_malware_download,1
0.007284912945290304,0.0,ssh,0.0,0.0,0.0,0.0,0.0,0.0,0.0,0.0,0.0,0.0,0.011582594441002908,0.0,0.006771107651159947,0.3913043478260869,0.39130434782608686,0.0,0.0,0.0,0.0,0.0,0.0,reconnaissance,0
0.0084140744518103,0.0,ssh,0.0,0.0,0.0,0.0,0.0,0.0,0.0,0.0,0.0,0.0,0.014161971194550592,0.0,0.009273700394085082,0.19130434782608693,0.19130434782608696,0.0,0.6390041493775933,0.0,0.0,0.6390041493775933,0.0,zero_day_buffer_overflow,1
0.03820936839804764,0.0,ssh,0.2,0.19999999999999996,0.2040816326530612,0.04490777866880513,0.015470397110538285,0.0,0.0,0.08583332141389952,0.014386291671089842,0.03664104602211869,0.03676053522907135,0.0,0.02904627028416107,0.8521739130434782,0.8521739130434782,0.028055462352169463,1.0,0.0,0.0,1.0,0.0,botnet_malware_download,1
0.015844685656006413,0.0,ssh,0.2,0.19999999999999996,0.6530612244897959,0.6808340016038492,0.4829690884790657,0.0,0.0,0.6046966552378911,0.4801756616657173,0.01119565821498913,0.01576840592706235,0.0,0.011659941670315602,0.3217391304347825,0.3217391304347826,0.014696863564122347,0.6887966804979253,0.0,0.0,0.6887966804979253,0.0,zero_day_obfuscated_memory_attack,1
0.01176513440664384,0.0,ssh,0.0,0.0,0.0,0.0,0.0,0.0,0.0,0.0,0.0,0.0,0.016059967334026447,0.0,0.009751096679187032,0.7913043478260868,0.7913043478260868,0.0,1.0,0.0,0.0,1.0,0.0,botnet_malware_download,1
0.009798207911415457,0.0,ssh,0.0,0.0,0.0,0.0,0.0,0.0,0.0,0.0,0.0,0.0,0.015086587313881407,0.0,0.010121837453152252,0.3913043478260869,0.39130434782608686,0.0,0.3402489626556016,0.0,0.0,0.3402489626556016,0.0,brute_force_only,1
0.3375464413200262,0.0,ssh,0.1,0.19999999999999996,0.49999999999999994,0.09182036888532477,0.003870664627294353,0.0,0.0,0.02532140376046971,0.003541869360179765,0.0,0.33751641949160277,0.0,0.33085509150169473,0.4956521739130434,0.49565217391304334,0.5230245556736025,0.5394190871369295,0.0,0.0,0.5394190871369295,0.0,zero_day_covert_tunnel,1
0.1486122240839222,0.0,ssh,0.5,0.19999999999999996,0.8673469387755102,0.14775461106655974,0.014107834029422707,0.0,0.0,0.0987465644118055,0.0128128372922619,0.05607366143587643,0.1490373728579836,0.07461285278659696,0.1356523394490388,0.7913043478260868,0.7913043478260868,0.06200286534570715,0.3402489626556016,0.0,0.0,0.3402489626556016,0.0,botnet_malware_download,1
0.010854520288482552,0.0,ssh,0.0,0.40000000000000013,0.0,0.008620689655172414,0.008200892752506243,0.0,0.0,0.0,0.008307114896471568,0.0,0.007789522156111934,0.0,0.008368201765877756,0.25217391304347825,0.25217391304347825,0.0,0.6390041493775933,0.0,0.0,0.6390041493775933,0.0,zero_day_buffer_overflow,1
0.017301668245064475,0.0,ssh,0.2,0.19999999999999996,0.6530612244897959,0.3151563753007217,0.2117853111411576,0.0,0.0,0.5607985574045061,0.20613621819992448,0.008907180631792466,0.018682268000266886,0.0,0.010125094109980854,0.617391304347826,0.6173913043478261,0.011275046543701251,0.6887966804979253,0.0,0.0,0.6887966804979253,0.0,zero_day_obfuscated_memory_attack,1
0.5090697166168864,0.0,ssh,0.2,0.8,0.31632653061224486,0.7632317562149158,0.019481885934070138,0.0,0.0,0.010651266396086467,0.019574834368794244,0.6892631389937507,0.2906878907408302,0.0,0.17755196810134244,0.22608695652173913,0.2260869565217391,0.14953478213879912,0.02074688796680496,0.0,0.0,0.02074688796680496,0.0,privilege_escalation,1
0.0008377649887083851,0.0,ssh,0.0,0.0,0.0,0.0,0.0,0.0,0.0,0.0,0.0,0.0,0.002579376753547684,0.0,0.0017850920316416776,0.1391304347826087,0.13913043478260867,0.0,0.3402489626556016,0.0,0.0,0.3402489626556016,0.0,brute_force_only,1
0.008341225322357397,0.0,ssh,0.0,0.0,0.0,0.0,0.0,0.0,0.0,0.0,0.0,0.0,0.009587362499304678,0.0,0.008422454708045157,0.5478260869565217,0.5478260869565217,0.0,0.38174273858921165,0.0,0.0,0.38174273858921165,0.0,botnet_malware_download,1
0.007503460333649011,0.0,ssh,0.0,0.0,0.0,0.0,0.0,0.0,0.0,0.0,0.0,0.0,0.013237355075219776,0.0,0.006841569862542436,0.3565217391304347,0.3565217391304347,0.0,0.38174273858921165,0.0,0.0,0.38174273858921165,0.0,brute_force_only,1
0.7306039192831646,0.0,ssh,0.8,0.40000000000000013,0.5510204081632653,0.338813151563753,0.006178460998031629,0.0,0.0,0.012949152178217682,0.006064709098543742,0.17988371064369404,0.5842160597045345,0.1929972837385799,0.5425773833472926,0.31304347826086953,0.31304347826086953,0.2714492326186194,0.0,0.0,0.0,0.0,0.0,reconnaissance,0
0.13353245428717125,0.0,ssh,0.2,0.40000000000000013,0.2755102040816326,0.392542101042502,0.0378373637527863,0.0,0.0,0.03483679337899895,0.03780613381074394,0.16200127467420336,0.10682827471128925,0.0,0.09109572291416311,0.3217391304347825,0.3217391304347826,0.0868572767866051,0.2987551867219917,0.0,0.0,0.2987551867219917,0.0,evasion_anti_forensics,1
0.30625774022000435,0.0,ssh,0.1,0.19999999999999996,0.49999999999999994,0.033279871692060946,0.0018075969286387597,0.0,0.0,0.027885198531598175,0.0014137111487477413,0.0,0.3055432145251017,0.0,0.2923310616671655,0.6869565217391304,0.6869565217391302,0.4669113241133686,0.5394190871369295,0.0,0.0,0.5394190871369295,0.0,zero_day_covert_tunnel,1
0.06367013914183726,0.0,ssh,0.2,0.19999999999999996,0.26530612244897955,0.1281074578989575,0.02600524245763851,0.0,0.0,0.06882196584475682,0.025312170638023282,0.07290858553586797,0.061704438493172115,0.0,0.057985144907906176,0.9217391304347825,0.9217391304347824,0.04416135349694555,0.05394190871369292,0.0,0.0,0.05394190871369292,0.0,evasion_anti_forensics,1
0.00502658993225031,0.0,ssh,0.0,0.0,0.0,0.0,0.0,0.0,0.0,0.0,0.0,0.0,0.006618604537758371,0.0,0.0056458587019498786,0.30434782608695654,0.3043478260869565,0.0,0.0580912863070539,0.0,0.0,0.0580912863070539,0.0,privilege_escalation,1
0.587856050120201,0.0,ssh,0.8,0.6000000000000001,0.49999999999999994,0.4945870088211708,0.011067713320767789,0.0,0.0,0.014590050839553618,0.010992729763822184,0.1315357061698375,0.39180115307645463,0.20076074631108043,0.31913764023238317,0.33043478260869563,0.33043478260869563,0.27389709508017995,0.04564315352697096,0.0,0.0,0.04564315352697096,0.0,reconnaissance,0
0.004407372331900633,0.0,ssh,0.0,0.0,0.0,0.0,0.0,0.0,0.0,0.0,0.0,0.0,0.009781980103452471,0.0,0.006022742714932689,0.017391304347826098,0.017391304347826098,0.0,0.3402489626556016,0.0,0.0,0.3402489626556016,0.0,botnet_malware_download,1
0.02174546514169156,0.0,ssh,0.2,0.19999999999999996,0.6530612244897959,0.3151563753007217,0.17339332416988154,0.0,0.0,0.459138219504551,0.1687682863547793,0.014580401653919377,0.02150853025164947,0.0,0.010492134137549933,0.5304347826086956,0.5304347826086957,0.009396516117021724,0.6887966804979253,0.0,0.0,0.6887966804979253,0.0,zero_day_obfuscated_memory_attack,1
0.01821228236322576,0.0,ssh,0.2,0.19999999999999996,0.6530612244897959,0.43945469125902165,0.2793706326078537,0.0,0.0,0.5364583493642174,0.27496120847014366,0.016258837790472633,0.016562498311878435,0.0,0.012896805130833227,0.6347826086956521,0.6347826086956521,0.01199622736786935,0.6887966804979253,0.0,0.0,0.6887966804979253,0.0,zero_day_obfuscated_memory_attack,1
0.014023457419683834,0.0,ssh,0.2,0.19999999999999996,0.6530612244897959,0.9611066559743384,0.7516587589561528,0.0,0.0,0.6702820270810743,0.751364144749624,0.007429844411477725,0.01366674020185043,0.0,0.005114431519464298,0.417391304347826,0.41739130434782606,0.009000371288456297,0.6887966804979253,0.0,0.0,0.6887966804979253,0.0,zero_day_obfuscated_memory_attack,1
0.4284257303125227,0.0,ssh,0.1,0.19999999999999996,0.49999999999999994,0.07177225340817964,0.002452336790762435,0.0,0.0,0.019984635698951675,0.0021850336364346843,0.0,0.43024856887441093,0.0,0.4228768151790998,0.3826086956521738,0.38260869565217387,0.6645277306570422,0.5394190871369295,0.0,0.0,0.5394190871369295,0.0,zero_day_covert_tunnel,1
0.005390835579514825,0.0,ssh,0.0,0.0,0.0,0.0,0.0,0.0,0.0,0.0,0.0,0.0,0.008759982182196242,0.0,0.00566821121018256,0.29565217391304344,0.29565217391304344,0.0,1.0,0.0,0.0,1.0,0.0,reconnaissance,0
0.0060100531798645,0.0,ssh,0.0,0.0,0.0,0.0,0.0,0.0,0.0,0.0,0.0,0.0,0.006569986636647181,0.0,0.004097022320237724,0.826086956521739,0.826086956521739,0.0,0.5394190871369295,0.0,0.0,0.5394190871369295,0.0,zero_day_covert_tunnel,1
0.007649158592554817,0.0,ssh,0.0,0.0,0.0,0.0,0.0,0.0,0.0,0.0,0.0,0.0,0.009295363093231469,0.0,0.007595189858652211,0.5217391304347825,0.5217391304347825,0.0,0.2987551867219917,0.0,0.0,0.2987551867219917,0.0,evasion_anti_forensics,1
0.01107306767684126,0.0,ssh,0.0,0.0,0.0,0.0,0.0,0.0,0.0,0.0,0.0,0.0,0.014015971491513986,0.0,0.0097263016783329,0.7826086956521738,0.7826086956521738,0.0,0.3402489626556016,0.0,0.0,0.3402489626556016,0.0,brute_force_only,1
0.0034603336490128945,0.0,ssh,0.0,0.0,0.0,0.0,0.0,0.0,0.0,0.0,0.0,0.0,0.0032119934668052895,0.0,0.0040663061251497695,0.34782608695652173,0.34782608695652173,0.0,1.0,0.0,0.0,1.0,0.0,brute_force_only,1
0.008122677933998687,0.0,ssh,0.0,0.40000000000000013,0.0,0.012830793905372895,0.015267673893131304,0.0,0.0,0.0,0.015465435439826218,0.0,0.004222165412115552,0.0,0.002374991007186257,0.6434782608695652,0.6434782608695653,0.0,0.6390041493775933,0.0,0.0,0.6390041493775933,0.0,zero_day_buffer_overflow,1
0.014861222408392218,0.0,ssh,0.0,0.40000000000000013,0.0,0.01744186046511628,0.012821478500989166,0.0,0.0,0.0,0.012987550353850645,0.0,0.009431288816758547,0.0,0.00780605838830422,0.4608695652173913,0.46086956521739125,0.0,0.6390041493775933,0.0,0.0,0.6390041493775933,0.0,zero_day_buffer_overflow,1
0.0028046914839367667,0.0,ssh,0.0,0.0,0.0,0.0,0.0,0.0,0.0,0.0,0.0,0.0,0.003552610773989686,0.0,0.003072877762570177,0.30434782608695654,0.3043478260869565,0.0,0.38174273858921165,0.0,0.0,0.38174273858921165,0.0,brute_force_only,1
0.00626502513294966,0.0,ssh,0.0,0.0,0.0,0.0,0.0,0.0,0.0,0.0,0.0,0.0,0.009197981291306055,0.0,0.005012068874147089,0.5304347826086956,0.5304347826086957,0.0,0.3402489626556016,0.0,0.0,0.3402489626556016,0.0,brute_force_only,1
0.006374298827129015,0.0,ssh,0.0,0.0,0.0,0.0,0.0,0.0,0.0,0.0,0.0,0.0,0.01075536012359751,0.0,0.006728549067604347,0.24347826086956517,0.2434782608695652,0.0,1.0,0.0,0.0,1.0,0.0,brute_force_only,1
0.0034603336490128945,0.0,ssh,0.0,0.0,0.0,0.0,0.0,0.0,0.0,0.0,0.0,0.0,0.0058399881214641625,0.0,0.003925159657601022,0.24347826086956517,0.2434782608695652,0.0,0.6390041493775933,0.0,0.0,0.6390041493775933,0.0,zero_day_buffer_overflow,1
0.04061338966999344,0.0,ssh,0.2,0.19999999999999996,0.13265306122448978,0.2305533279871692,0.06965175587864876,0.0,0.0,0.052699950916073365,0.06976529618986647,0.06988444072025013,0.04140799777613253,0.0,0.03676069819169688,0.7130434782608696,0.7130434782608694,0.010695449000087546,1.0,0.0,0.0,1.0,0.0,botnet_malware_download,1
0.01103664311211481,0.0,ssh,0.0,0.0,0.0,0.0,0.0,0.0,0.0,0.0,0.0,0.0,0.0139673535904028,0.0,0.011092913307499161,0.5826086956521739,0.5826086956521739,0.0,0.38174273858921165,0.0,0.0,0.38174273858921165,0.0,brute_force_only,1
0.006993516427478691,0.0,ssh,0.0,0.40000000000000013,0.0,0.016639935846030473,0.02209059657146757,0.0,0.0,0.0,0.02237673163593712,0.0,0.005223431375540584,0.0,0.0012983698656214575,0.25217391304347825,0.25217391304347825,0.0,0.6390041493775933,0.0,0.0,0.6390041493775933,0.0,zero_day_buffer_overflow,1
0.09648867196037007,0.0,ssh,0.5,0.40000000000000013,0.673469387755102,0.0797914995990377,0.012145503813594558,0.0,0.0,0.11693809480615047,0.010552854247829138,0.04213520097001523,0.07678080582784096,0.017729625474561223,0.04146752950309041,0.6956521739130435,0.6956521739130435,0.01813805817406127,0.38174273858921165,0.0,0.0,0.38174273858921165,0.0,botnet_malware_download,1
0.003751730166824506,0.0,ssh,0.0,0.0,0.0,0.0,0.0,0.0,0.0,0.0,0.0,0.0,0.004185373486950328,0.0,0.003584246899588684,0.4260869565217391,0.42608695652173906,0.0,0.02074688796680496,0.0,0.0,0.02074688796680496,0.0,privilege_escalation,1
0.24546514169155678,0.0,ssh,0.2,0.19999999999999996,0.14285714285714285,0.30954290296712106,0.0163066901201045,0.0,0.0,0.009918357008346439,0.016369476886196763,0.2578983924174644,0.24345085482096132,0.0,0.2421507168937889,0.7304347826086957,0.7304347826086954,0.20346791953548227,1.0,0.0,0.0,1.0,0.0,reconnaissance,0
0.1781889706418008,0.0,ssh,0.30000000000000004,0.19999999999999996,0.25510204081632654,0.3173616680032077,0.02308705811299514,0.0,0.0,0.024296091047334392,0.023022510749334757,0.15198944217218166,0.18034189918457708,0.2816512950369239,0.17592667429908604,0.03478260869565217,0.034782608695652195,0.06497005874062507,0.04564315352697096,0.0,0.0,0.04564315352697096,0.0,reconnaissance,0
0.13473446492314417,0.0,ssh,0.2,0.40000000000000013,0.24489795918367346,0.29270248596631915,0.02804019952683698,0.0,0.0,0.030695348385133985,0.02794404403604753,0.15835212513117536,0.10728379378476345,0.0,0.0967416556310409,0.6347826086956521,0.6347826086956521,0.08858643829408468,0.05394190871369292,0.0,0.0,0.05394190871369292,0.0,evasion_anti_forensics,1
0.06647483062577403,0.0,ssh,0.30000000000000004,0.19999999999999996,0.4897959183673469,0.26623897353648757,0.051629803795224576,0.0,0.0,0.12190949450194237,0.050474185963389866,0.050671094920804786,0.06608457558397327,0.03585211613118921,0.05223847787412547,0.27826086956521734,0.27826086956521734,0.020006553777597635,1.0,0.0,0.0,1.0,0.0,evasion_anti_forensics,1
0.176914110876375,0.0,ssh,0.2,0.19999999999999996,0.12244897959183673,0.5158380112269446,0.037377785989134445,0.0,0.0,0.011744897079159343,0.03768617285145037,0.10790531499021469,0.1769174761498535,0.0,0.1722467260976932,0.6,0.5999999999999999,0.19692469580356384,0.04564315352697096,0.0,0.0,0.04564315352697096,0.0,reconnaissance,0
0.014751948714212862,0.0,ssh,0.0,0.40000000000000013,0.0,0.009823576583801123,0.007266330232148149,0.0,0.0,0.0,0.007360449846588851,0.0,0.01156054848584438,0.0,0.007048145526374923,0.5391304347826086,0.5391304347826087,0.0,0.6390041493775933,0.0,0.0,0.6390041493775933,0.0,zero_day_buffer_overflow,1
0.09710788956071975,0.0,ssh,0.5,0.19999999999999996,0.8673469387755102,0.1339214113873296,0.01958807292740386,0.0,0.0,0.14966837721103232,0.017602014689507752,0.027021383021510623,0.09694935080502048,0.03112400478679973,0.08716982310728286,0.7130434782608696,0.7130434782608694,0.06692725295332343,1.0,0.0,0.0,1.0,0.0,botnet_malware_download,1
0.5986377212792307,0.0,ssh,0.6000000000000001,0.40000000000000013,0.39795918367346933,0.5030072173215717,0.011007540453449776,0.0,0.0,0.011404333206051885,0.010979451545853038,0.24611513767698193,0.480050819576633,0.20086047130545295,0.34774648229252053,0.4608695652173913,0.46086956521739125,0.07004202745412269,0.0,0.0,0.0,0.0,0.0,reconnaissance,0
0.0053544110147883735,0.0,ssh,0.0,0.0,0.0,0.0,0.0,0.0,0.0,0.0,0.0,0.0,0.006959367844645804,0.0,0.0035507181372396632,0.6608695652173913,0.6608695652173913,0.0,1.0,0.0,0.0,1.0,0.0,evasion_anti_forensics,1
0.012092955489181902,0.0,ssh,0.0,0.40000000000000013,0.0,0.015637530072173216,0.013636365776223784,0.0,0.0,0.0,0.013812993636911228,0.0,0.008340963034481189,0.0,0.005262387360381941,0.9130434782608695,0.9130434782608694,0.0,0.6390041493775933,0.0,0.0,0.6390041493775933,0.0,zero_day_buffer_overflow,1
0.42412763167480144,0.0,ssh,0.1,0.19999999999999996,0.49999999999999994,0.07016840417000803,0.0024283418256536393,0.0,0.0,0.020185847811824306,0.0021577131294583055,0.0,0.4251201833055472,0.0,0.4205040446197512,0.4608695652173913,0.46086956521739125,0.6613266797457706,0.5394190871369295,0.0,0.0,0.5394190871369295,0.0,zero_day_covert_tunnel,1
0.00936111313469804,0.0,ssh,0.0,0.0,0.0,0.0,0.0,0.0,0.0,0.0,0.0,0.0,0.01586534972987865,0.0,0.006760079426899452,0.6347826086956521,0.6347826086956521,0.0,0.2987551867219917,0.0,0.0,0.2987551867219917,0.0,evasion_anti_forensics,1
0.35867268886136805,0.0,ssh,0.1,0.19999999999999996,0.49999999999999994,0.0876102646351243,0.0034934714792806115,0.0,0.0,0.023841402367555622,0.0031819386149645095,0.0,0.35718754348053655,0.0,0.3585168385441323,0.4260869565217391,0.42608695652173906,0.5624103714395554,0.5394190871369295,0.0,0.0,0.5394190871369295,0.0,zero_day_covert_tunnel,1
0.38504407372331895,0.0,ssh,0.5,0.19999999999999996,0.846938775510204,0.6222935044105854,0.021351032373387792,0.0,0.0,0.03763825260738369,0.021064338474416626,0.1922755269459089,0.38438174016754045,0.09191491300540658,0.3824904217281775,0.3913043478260869,0.39130434782608686,0.0628822388128735,0.0580912863070539,0.0,0.0,0.0580912863070539,0.0,privilege_escalation,1
0.4446346616157936,0.0,ssh,0.8,0.19999999999999996,0.5510204081632653,0.5739775461106655,0.016939325506666457,0.0,0.0,0.0212260070095927,0.016841092057616944,0.1337886665151703,0.4442382604193783,0.14099650766388844,0.4369275130362492,0.4434782608695652,0.44347826086956516,0.03165779084637274,0.004149377593360981,0.0,0.0,0.004149377593360981,0.0,reconnaissance,0
0.008049828804545784,0.0,ssh,0.0,0.0,0.0,0.0,0.0,0.0,0.0,0.0,0.0,0.0,0.01153397653989172,0.0,0.0052872563761639955,0.7913043478260868,0.7913043478260868,0.0,0.3402489626556016,0.0,0.0,0.3402489626556016,0.0,brute_force_only,1
0.008159102498725139,0.0,ssh,0.0,0.0,0.0,0.0,0.0,0.0,0.0,0.0,0.0,0.0,0.013723972085440779,0.0,0.006085803433522901,0.5652173913043478,0.5652173913043477,0.0,0.5394190871369295,0.0,0.0,0.5394190871369295,0.0,zero_day_covert_tunnel,1
0.2524950826837619,0.0,ssh,0.5,0.19999999999999996,0.7551020408163265,0.4007618283881315,0.021099363421564474,0.0,0.0,0.05098192295652171,0.020609718916228887,0.10202334797980911,0.2537499658725694,0.02067656694971869,0.24791847818202759,0.28695652173913044,0.28695652173913044,0.10775237378355162,0.2987551867219917,0.0,0.0,0.2987551867219917,0.0,evasion_anti_forensics,1
0.41804472936548404,0.0,ssh,0.30000000000000004,0.19999999999999996,0.47959183673469385,0.7433841218925421,0.0231835158755297,0.0,0.0,0.019641838817992897,0.023189870304549894,0.26938854772974147,0.41815920946416796,0.00970923148690721,0.4133732244188866,0.8086956521739129,0.8086956521739128,0.2740681484447927,0.02074688796680496,0.0,0.0,0.02074688796680496,0.0,privilege_escalation,1
0.8540467691411088,0.0,ssh,0.9,0.19999999999999996,0.6326530612244897,0.18384121892542102,0.0029686137154279024,0.0,0.0,0.012725549635268342,0.0028166313746077545,0.21845058022998728,0.8559940689080638,0.13908921057030627,0.8542209381125659,0.4521739130434782,0.45217391304347815,0.11099656290005927,0.0,0.0,0.0,0.0,0.0,reconnaissance,0
0.0084140744518103,0.0,ssh,0.0,0.0,0.0,0.0,0.0,0.0,0.0,0.0,0.0,0.0,0.013383354778256381,0.0,0.007928701123872272,0.4608695652173913,0.46086956521739125,0.0,0.5394190871369295,0.0,0.0,0.5394190871369295,0.0,zero_day_covert_tunnel,1
0.18824215050630144,0.0,ssh,0.30000000000000004,0.19999999999999996,0.16326530612244897,0.47273456295108257,0.032291053106350096,0.0,0.0,0.014731092443567816,0.03248886049679586,0.10308121904368521,0.18860139438476384,0.07764066052042869,0.17378801295675722,0.4869565217391303,0.48695652173913034,0.13677313998497545,0.04564315352697096,0.0,0.0,0.04564315352697096,0.0,reconnaissance,0
0.009688934217236104,0.0,ssh,0.0,0.0,0.0,0.0,0.0,0.0,0.0,0.0,0.0,0.0,0.01567058612602782,0.0,0.0082565872545702,0.5478260869565217,0.5478260869565217,0.0,0.38174273858921165,0.0,0.0,0.38174273858921165,0.0,brute_force_only,1
0.015953959350185766,0.0,ssh,0.1,0.40000000000000013,0.4081632653061224,0.9328388131515637,0.6512557505353325,0.0,0.0,0.3757295825077993,0.6540685932455375,0.0,0.01205066948893826,0.0,0.006813814264571393,0.3999999999999999,0.39999999999999997,0.01970602812587913,0.6887966804979253,0.0,0.0,0.6887966804979253,0.0,zero_day_obfuscated_memory_attack,1
0.0084140744518103,0.0,ssh,0.0,0.0,0.0,0.0,0.0,0.0,0.0,0.0,0.0,0.0,0.012701974164184551,0.0,0.007835738374401257,0.4521739130434782,0.45217391304347815,0.0,0.04564315352697096,0.0,0.0,0.04564315352697096,0.0,reconnaissance,0
0.0031325125664748306,0.0,ssh,0.0,0.0,0.0,0.0,0.0,0.0,0.0,0.0,0.0,0.0,0.004379991091098122,0.0,0.0018884168710218828,0.5043478260869564,0.5043478260869565,0.0,0.3402489626556016,0.0,0.0,0.3402489626556016,0.0,brute_force_only,1
0.004990165367523858,0.0,ssh,0.0,0.0,0.0,0.0,0.0,0.0,0.0,0.0,0.0,0.0,0.005207371408206556,0.0,0.003376338967053587,0.7043478260869565,0.7043478260869565,0.0,0.04564315352697096,0.0,0.0,0.04564315352697096,0.0,reconnaissance,0
0.010745246594303197,0.0,ssh,0.0,0.0,0.0,0.0,0.0,0.0,0.0,0.0,0.0,0.0,0.015037969412770217,0.0,0.00900317583252731,0.7217391304347825,0.7217391304347824,0.0,0.3402489626556016,0.0,0.0,0.3402489626556016,0.0,brute_force_only,1
0.4558534275515407,0.0,ssh,0.1,0.19999999999999996,0.49999999999999994,0.03187650360866079,0.0011783282553738772,0.0,0.0,0.018789433334425693,0.000912410101499242,0.0,0.45742378560002006,0.0,0.4506079882239289,0.11304347826086955,0.11304347826086955,0.7076385996508112,0.5394190871369295,0.0,0.0,0.5394190871369295,0.0,zero_day_covert_tunnel,1
0.018831499963575433,0.0,ssh,0.1,0.40000000000000013,0.24489795918367346,0.3360064153969527,0.20448354482498435,0.0,0.0,0.19540472331855865,0.20420796752487835,0.0,0.014681876137063938,0.0,0.010675173054302977,0.5217391304347825,0.5217391304347825,0.013664199522734583,0.6887966804979253,0.0,0.0,0.6887966804979253,0.0,zero_day_obfuscated_memory_attack,1
0.7573759743571065,0.0,ssh,0.9,0.19999999999999996,0.6326530612244897,0.4735364875701684,0.008285046319198745,0.0,0.0,0.014343937163400468,0.008177708718600839,0.1850467002348413,0.7571862878830904,0.10996015828061435,0.7593290635601713,0.6086956521739131,0.6086956521739129,0.15478587821254192,1.0,0.0,0.0,1.0,0.0,reconnaissance,0
0.05900779485685145,0.0,ssh,0.30000000000000004,0.19999999999999996,0.7346938775510203,0.2582197273456295,0.05719752017599237,0.0,0.0,0.20496754926603744,0.054871063459386304,0.04974353594492461,0.059422609134413024,0.015611261411043796,0.052328109951839966,0.14782608695652175,0.14782608695652172,0.017240691230914085,0.38174273858921165,0.0,0.0,0.38174273858921165,0.0,botnet_malware_download,1
0.0017848036715961244,0.0,ssh,0.0,0.0,0.0,0.0,0.0,0.0,0.0,0.0,0.0,0.0,0.003941991981988309,0.0,0.0009952787357776615,0.5217391304347825,0.5217391304347825,0.0,1.0,0.0,0.0,1.0,0.0,botnet_malware_download,1
0.530414511546587,0.0,ssh,0.1,0.19999999999999996,0.49999999999999994,0.09061748195669607,0.0024412951124067822,0.0,0.0,0.016161907312189402,0.002231054014384483,0.0,0.5298632902580676,0.0,0.529691384395936,0.8434782608695651,0.843478260869565,0.8304583757266164,0.5394190871369295,0.0,0.0,0.5394190871369295,0.0,zero_day_covert_tunnel,1
0.32891381947985715,0.0,ssh,0.1,0.19999999999999996,0.49999999999999994,0.09623095429029671,0.004143739313449268,0.0,0.0,0.025980442834425663,0.003808614146095554,0.0,0.32880943520160877,0.0,0.31992619527447247,0.6869565217391304,0.6869565217391302,0.5036153045586126,0.5394190871369295,0.0,0.0,0.5394190871369295,0.0,zero_day_covert_tunnel,1
0.008450499016536751,0.0,ssh,0.0,0.0,0.0,0.0,0.0,0.0,0.0,0.0,0.0,0.0,0.009976597707600263,0.0,0.007361746775983755,0.6869565217391304,0.6869565217391302,0.0,0.3402489626556016,0.0,0.0,0.3402489626556016,0.0,brute_force_only,1
0.006592846215487724,0.0,ssh,0.0,0.0,0.0,0.0,0.0,0.0,0.0,0.0,0.0,0.0,0.009976597707600263,0.0,0.004813930912097799,0.617391304347826,0.6173913043478261,0.0,0.6887966804979253,0.0,0.0,0.6887966804979253,0.0,zero_day_obfuscated_memory_attack,1
0.6621985867268886,0.0,ssh,0.4,0.40000000000000013,0.5408163265306122,0.37650360866078586,0.007544676107130472,0.0,0.0,0.014016771337400908,0.007432643721800648,0.3786053696144111,0.5297466364953414,0.44090019232893013,0.37337333692157704,0.7043478260869565,0.7043478260869565,0.2442955202357976,0.2987551867219917,0.0,0.0,0.2987551867219917,0.0,privilege_escalation,1
0.0028046914839367667,0.0,ssh,0.0,0.0,0.0,0.0,0.0,0.0,0.0,0.0,0.0,0.0,0.0024333770505110793,0.0,0.0021914339859377555,0.5130434782608695,0.5130434782608695,0.0,0.6887966804979253,0.0,0.0,0.6887966804979253,0.0,zero_day_obfuscated_memory_attack,1
0.13615502294747578,0.0,ssh,0.6000000000000001,0.19999999999999996,0.9999999999999999,0.12349639133921411,0.013353083957170329,0.0,0.0,0.12405776875803542,0.011669530522628898,0.05058937238738651,0.13526025688063753,0.03277482307488517,0.13018981572355368,0.7217391304347825,0.7217391304347824,0.033631075378938564,0.38174273858921165,0.0,0.0,0.38174273858921165,0.0,botnet_malware_download,1
0.007357762074743207,0.0,ssh,0.0,0.0,0.0,0.0,0.0,0.0,0.0,0.0,0.0,0.0,0.013285972976330966,0.0,0.004869738167751578,0.5739130434782608,0.5739130434782609,0.0,0.38174273858921165,0.0,0.0,0.38174273858921165,0.0,brute_force_only,1
0.006884242733299337,0.0,ssh,0.0,0.0,0.0,0.0,0.0,0.0,0.0,0.0,0.0,0.0,0.010609360420560907,0.0,0.007419552434691447,0.3217391304347825,0.3217391304347826,0.0,0.02074688796680496,0.0,0.0,0.02074688796680496,0.0,privilege_escalation,1
0.24892547534056966,0.0,ssh,0.1,0.19999999999999996,0.49999999999999994,0.026263031275060144,0.001858054830891917,0.0,0.0,0.03423707989201174,0.0013697671293281478,0.0,0.24949684852341011,0.0,0.24375084562055152,0.5826086956521739,0.5826086956521739,0.3861989347170162,0.5394190871369295,0.0,0.0,0.5394190871369295,0.0,zero_day_covert_tunnel,1
0.01537116631456254,0.0,ssh,0.0,0.40000000000000013,0.0,0.007618283881315156,0.00544274854821545,0.0,0.0,0.0,0.005513249406801121,0.0,0.012107317373716462,0.0,0.005459341083584466,0.8695652173913043,0.8695652173913042,0.0,0.6390041493775933,0.0,0.0,0.6390041493775933,0.0,zero_day_buffer_overflow,1
0.007357762074743207,0.0,ssh,0.0,0.0,0.0,0.0,0.0,0.0,0.0,0.0,0.0,0.0,0.013139973273294364,0.0,0.005475846412511247,0.4956521739130434,0.49565217391304334,0.0,0.3402489626556016,0.0,0.0,0.3402489626556016,0.0,brute_force_only,1
0.02236468274204123,0.0,ssh,0.2,0.19999999999999996,0.6530612244897959,0.981355252606255,0.5126360596192998,0.0,0.0,0.44782610348760216,0.5125744656431037,0.0055020476674218464,0.021502544263824967,0.0,0.00801374427605555,0.6695652173913043,0.6695652173913043,0.014659377155828924,0.6887966804979253,0.0,0.0,0.6887966804979253,0.0,zero_day_obfuscated_memory_attack,1
0.0023311721424928975,0.0,ssh,0.0,0.0,0.0,0.0,0.0,0.0,0.0,0.0,0.0,0.0,0.00442860899220931,0.0,0.0011330205166419605,0.4608695652173913,0.46086956521739125,0.0,0.38174273858921165,0.0,0.0,0.38174273858921165,0.0,brute_force_only,1
0.007248488380563852,0.0,ssh,0.0,0.0,0.0,0.0,0.0,0.0,0.0,0.0,0.0,0.0,0.008954599786344036,0.0,0.006087283732081355,0.6521739130434782,0.6521739130434783,0.0,0.04564315352697096,0.0,0.0,0.04564315352697096,0.0,reconnaissance,0
0.2305674947184381,0.0,ssh,0.1,0.19999999999999996,0.49999999999999994,0.02586206896551724,0.001981974131972508,0.0,0.0,0.03693069087633427,0.0014549773069050217,0.0,0.230035818107146,0.0,0.22071984254360294,0.5739130434782608,0.5739130434782609,0.3489328888329604,0.5394190871369295,0.0,0.0,0.5394190871369295,0.0,zero_day_covert_tunnel,1
0.0057550812267793405,0.0,ssh,0.0,0.0,0.0,0.0,0.0,0.0,0.0,0.0,0.0,0.0,0.007202603349904788,0.0,0.005271417181588521,0.5304347826086956,0.5304347826086957,0.0,0.5394190871369295,0.0,0.0,0.5394190871369295,0.0,zero_day_covert_tunnel,1
0.015844685656006413,0.0,ssh,0.2,0.19999999999999996,0.6530612244897959,0.42702485966319165,0.30625265422902914,0.0,0.0,0.6046966552378911,0.3011702467764577,0.01156669824850688,0.016128879193859726,0.0,0.009163862241047673,0.27826086956521734,0.27826086956521734,0.005663388893573087,0.6887966804979253,0.0,0.0,0.6887966804979253,0.0,zero_day_obfuscated_memory_attack,1
0.3115757266700663,0.0,ssh,0.1,0.19999999999999996,0.49999999999999994,0.057738572574178026,0.0027853703582207197,0.0,0.0,0.027413430359335016,0.002411210404751631,0.0,0.31161373617766064,0.0,0.3098321134192913,0.6,0.5999999999999999,0.4880371643712104,0.5394190871369295,0.0,0.0,0.5394190871369295,0.0,zero_day_covert_tunnel,1
0.6196911196911197,0.0,ssh,0.7000000000000001,0.19999999999999996,0.3469387755102041,0.31495589414595027,0.006699195964668855,0.0,0.0,0.009605977315416403,0.0066422149423753475,0.206340270924175,0.6193067963299762,0.1551904973697344,0.6218513679587009,0.5217391304347825,0.5217391304347825,0.10893613688606057,0.004149377593360981,0.0,0.0,0.004149377593360981,0.0,reconnaissance,0
0.5448022146135354,0.0,ssh,0.7000000000000001,0.19999999999999996,0.5510204081632653,0.39695268644747395,0.009650933316408466,0.0,0.0,0.017343108113971994,0.00951640452887086,0.19195850271164244,0.547027599345863,0.1393983429658726,0.5492584888460984,0.31304347826086953,0.31304347826086953,0.05249342863262616,1.0,0.0,0.0,1.0,0.0,reconnaissance,0
0.41210752531507244,0.0,ssh,0.8,0.19999999999999996,0.5306122448979591,0.3997594226142743,0.01281286199746615,0.0,0.0,0.022042382609721103,0.012648959408266396,0.12185709442027483,0.41416962157898973,0.1706015544426052,0.4141583747742914,0.34782608695652173,0.34782608695652173,0.050578565225600704,1.0,0.0,0.0,1.0,0.0,reconnaissance,0
0.010635972900123842,0.0,ssh,0.0,0.40000000000000013,0.0,0.019847634322373697,0.019188960478623375,0.0,0.0,0.0,0.019437514727051547,0.0,0.007354881040171965,0.0,0.004011313033703142,0.6,0.5999999999999999,0.0,0.6390041493775933,0.0,0.0,0.6390041493775933,0.0,zero_day_buffer_overflow,1
0.011473737888832228,0.0,ssh,0.0,0.0,0.0,0.0,0.0,0.0,0.0,0.0,0.0,0.0,0.014307970897587197,0.0,0.010322861997390529,0.7739130434782607,0.7739130434782608,0.0,0.5394190871369295,0.0,0.0,0.5394190871369295,0.0,zero_day_covert_tunnel,1
0.26775697530414505,0.0,ssh,0.1,0.19999999999999996,0.49999999999999994,0.06495589414595028,0.003582282808225206,0.0,0.0,0.03185379664745857,0.003151990823532121,0.0,0.26879275327553986,0.0,0.2660505071946951,0.4695652173913043,0.46956521739130436,0.4157646379522317,0.5394190871369295,0.0,0.0,0.5394190871369295,0.0,zero_day_covert_tunnel,1
0.6166314562540978,0.0,ssh,0.9,0.19999999999999996,0.6224489795918366,0.5258620689655172,0.011258225069605728,0.0,0.0,0.017319329597933655,0.011144870216126281,0.1633032445325652,0.6187708314201289,0.09580826127284699,0.618325740882027,0.34782608695652173,0.34782608695652173,0.049566374530280885,1.0,0.0,0.0,1.0,0.0,reconnaissance,0
0.11626721060683323,0.0,ssh,0.4,0.19999999999999996,0.8673469387755102,0.08299919807538092,0.010891374578966467,0.0,0.0,0.12557850745634513,0.009153172743887052,0.05011605586335335,0.1159484381608768,0.06699482878380164,0.1041642426777772,0.7652173913043477,0.7652173913043478,0.06130325362415712,0.3402489626556016,0.0,0.0,0.3402489626556016,0.0,botnet_malware_download,1
0.008304800757630945,0.0,ssh,0.0,0.0,0.0,0.0,0.0,0.0,0.0,0.0,0.0,0.0,0.01119335923270732,0.0,0.010740454220730871,0.1217391304347826,0.12173913043478263,0.0,1.0,0.0,0.0,1.0,0.0,brute_force_only,1
0.009215414875792234,0.0,ssh,0.0,0.0,0.0,0.0,0.0,0.0,0.0,0.0,0.0,0.0,0.015913967630989845,0.0,0.0062485622600251,0.6695652173913043,0.6695652173913043,0.0,1.0,0.0,0.0,1.0,0.0,brute_force_only,1
0.6461353536825235,0.0,ssh,0.9,0.19999999999999996,0.6224489795918366,0.5066158781074579,0.010361973178736142,0.0,0.0,0.016531862396745263,0.01024879461674852,0.16100794303561228,0.6480818778014605,0.10512975715379737,0.650435489032912,0.6434782608695652,0.6434782608695653,0.11469993168246266,0.004149377593360981,0.0,0.0,0.004149377593360981,0.0,reconnaissance,0
0.0031325125664748306,0.0,ssh,0.0,0.0,0.0,0.0,0.0,0.0,0.0,0.0,0.0,0.0,0.004331373189986932,0.0,0.0044619899298249666,0.1565217391304348,0.15652173913043477,0.0,1.0,0.0,0.0,1.0,0.0,botnet_malware_download,1
0.002549719530851606,0.0,ssh,0.0,0.0,0.0,0.0,0.0,0.0,0.0,0.0,0.0,0.0,0.0034066110709530814,0.0,0.001631214996490212,0.5130434782608695,0.5130434782608695,0.0,0.6390041493775933,0.0,0.0,0.6390041493775933,0.0,zero_day_buffer_overflow,1
0.6686457346834705,0.0,ssh,0.8,0.19999999999999996,0.47959183673469385,0.26303127506014434,0.005258813302894251,0.0,0.0,0.012310632635868417,0.005142700241733923,0.20137492818447392,0.6704496163054804,0.14473370559974702,0.6713032578114615,0.408695652173913,0.40869565217391296,0.061080007644920435,0.04564315352697096,0.0,0.0,0.04564315352697096,0.0,reconnaissance,0
0.6703941137903403,0.0,ssh,0.7000000000000001,0.19999999999999996,0.4183673469387755,0.21732157177225342,0.004342011621751644,0.0,0.0,0.010711195498690703,0.004237963364276709,0.20638466747150483,0.6702370407378592,0.17922060013626567,0.6682052889883254,0.5652173913043478,0.5652173913043477,0.17809060153458975,0.0,0.0,0.0,0.0,0.0,reconnaissance,0
0.015516864573468346,0.0,ssh,0.2,0.19999999999999996,0.6530612244897959,0.601242983159583,0.43521856581465856,0.0,0.0,0.6155378480044664,0.43164439997330234,0.01464354341012182,0.014900583692212773,0.0,0.011349152987967837,0.07826086956521738,0.07826086956521741,0.01079181790510033,0.6887966804979253,0.0,0.0,0.6887966804979253,0.0,zero_day_obfuscated_memory_attack,1
0.43410796240984917,0.0,ssh,0.1,0.19999999999999996,0.49999999999999994,0.0966319165998396,0.0031578700796465933,0.0,0.0,0.019724701514745785,0.00290359728988916,0.0,0.4364942901706138,0.0,0.4332967107469971,0.5478260869565217,0.5478260869565217,0.6792406268696346,0.5394190871369295,0.0,0.0,0.5394190871369295,0.0,zero_day_covert_tunnel,1
0.024732279449260583,0.0,ssh,0.2,0.19999999999999996,0.6530612244897959,0.6790296712109062,0.3260334358283546,0.0,0.0,0.4092715330908528,0.32413177454159214,0.014659575496657598,0.025423804287982084,0.0,0.01299021196987178,0.5130434782608695,0.5130434782608695,0.01546966028894062,0.6887966804979253,0.0,0.0,0.6887966804979253,0.0,zero_day_obfuscated_memory_attack,1
0.010308151817585778,0.0,ssh,0.0,0.0,0.0,0.0,0.0,0.0,0.0,0.0,0.0,0.0,0.015767967927953236,0.0,0.006701089529344994,0.8869565217391303,0.8869565217391304,0.0,0.6887966804979253,0.0,0.0,0.6887966804979253,0.0,zero_day_obfuscated_memory_attack,1
0.38752094412471766,0.0,ssh,0.1,0.19999999999999996,0.49999999999999994,0.061748195669607056,0.0023765144129067575,0.0,0.0,0.022079136711922492,0.002076882361412951,0.0,0.38847659383860816,0.0,0.3839397080318335,0.25217391304347825,0.25217391304347825,0.605677472248812,0.5394190871369295,0.0,0.0,0.5394190871369295,0.0,zero_day_covert_tunnel,1
0.26123697821811026,0.0,ssh,0.5,0.19999999999999996,0.7551020408163265,0.1164795509222133,0.006445957782071478,0.0,0.0,0.049293769020926845,0.005791770460170299,0.11727257539766975,0.2620331130246481,0.12154002547890627,0.2557933704533,0.4521739130434782,0.45217391304347815,0.07516947605189457,0.2987551867219917,0.0,0.0,0.2987551867219917,0.0,evasion_anti_forensics,1
0.13699278793618416,0.0,ssh,0.6000000000000001,0.19999999999999996,0.9999999999999999,0.06896551724137931,0.008216649256051228,0.0,0.0,0.12331411679198366,0.006477687688313199,0.0428573025907523,0.1379457754182928,0.06395253754095363,0.12650616677576468,0.6608695652173913,0.6608695652173913,0.05461221810076785,0.38174273858921165,0.0,0.0,0.38174273858921165,0.0,botnet_malware_download,1
0.0012020106359728997,0.0,ssh,0.0,0.0,0.0,0.0,0.0,0.0,0.0,0.0,0.0,0.0,0.0010219979212562286,0.0,0.002317407393262332,0.1739130434782609,0.17391304347826086,0.0,0.05394190871369292,0.0,0.0,0.05394190871369292,0.0,evasion_anti_forensics,1
0.009397537699424491,0.0,ssh,0.0,0.0,0.0,0.0,0.0,0.0,0.0,0.0,0.0,0.0,0.014064589392625176,0.0,0.007723901818309932,0.6434782608695652,0.6434782608695653,0.0,0.3402489626556016,0.0,0.0,0.3402489626556016,0.0,brute_force_only,1
0.01413273111386319,0.0,ssh,0.1,0.40000000000000013,0.4081632653061224,1.0,0.7729322427978335,0.0,0.0,0.4162176962975342,0.7767152396590412,0.0,0.0091151994596843,0.0,0.0036151111245324844,0.27826086956521734,0.27826086956521734,0.017426220116267842,0.6887966804979253,0.0,0.0,0.6887966804979253,0.0,zero_day_obfuscated_memory_attack,1
0.2939462373424637,0.0,ssh,0.1,0.19999999999999996,0.49999999999999994,0.0611467522052927,0.003099722946600546,0.0,0.0,0.029042258707961136,0.0027052585376559466,0.0,0.2951170837318517,0.0,0.2952263776176489,0.5217391304347825,0.5217391304347825,0.46162597122958526,0.5394190871369295,0.0,0.0,0.5394190871369295,0.0,zero_day_covert_tunnel,1
0.5489910395570773,0.0,ssh,0.1,0.19999999999999996,0.49999999999999994,0.03588612670408982,0.001073603499806892,0.0,0.0,0.015617777615230899,0.0008537897766791143,0.0,0.5479444774809328,0.0,0.549005727867242,0.5391304347826086,0.5391304347826087,0.8633528143468904,0.5394190871369295,0.0,0.0,0.5394190871369295,0.0,zero_day_covert_tunnel,1
0.02331172142492897,0.0,ssh,0.2,0.19999999999999996,0.6530612244897959,0.6966720128307939,0.35255889255332806,0.0,0.0,0.4315642539861755,0.35066720213896974,0.014844232247218392,0.023249576710360972,0.0,0.01089603359922456,0.6434782608695652,0.6434782608695653,0.01501895831845892,0.6887966804979253,0.0,0.0,0.6887966804979253,0.0,zero_day_obfuscated_memory_attack,1
0.006665695344940627,0.0,ssh,0.0,0.0,0.0,0.0,0.0,0.0,0.0,0.0,0.0,0.0,0.00837060097419762,0.0,0.004704980938195462,0.7217391304347825,0.7217391304347824,0.0,0.6887966804979253,0.0,0.0,0.6887966804979253,0.0,zero_day_obfuscated_memory_attack,1
0.5211262475413418,0.0,ssh,0.4,0.19999999999999996,0.7448979591836734,0.5451082598235766,0.013846186196449804,0.0,0.0,0.024504847105650658,0.013658817468153417,0.2268279620636436,0.5230661280834955,0.1600264806823181,0.523888392002006,0.23478260869565218,0.23478260869565215,0.34226872818074766,0.02074688796680496,0.0,0.0,0.02074688796680496,0.0,privilege_escalation,1
0.01748379106869673,0.0,ssh,0.2,0.19999999999999996,0.6530612244897959,0.8179631114675221,0.531629522474944,0.0,0.0,0.5557553996996544,0.5301987919294493,0.00907720296490009,0.01648701646540851,0.0,0.006448624610200382,0.6347826086956521,0.6347826086956521,0.011781920455225714,0.6887966804979253,0.0,0.0,0.6887966804979253,0.0,zero_day_obfuscated_memory_attack,1
0.15866540394842282,0.0,ssh,0.5,0.19999999999999996,0.7551020408163265,0.12469927826784283,0.011201433181319095,0.0,0.0,0.08061399749504801,0.010140141186292775,0.07739732311840034,0.15729263406678232,0.06141882868241708,0.14769086747567944,0.817391304347826,0.817391304347826,0.01879089839234059,1.0,0.0,0.0,1.0,0.0,evasion_anti_forensics,1
0.0040795512493625695,0.0,ssh,0.0,0.0,0.0,0.0,0.0,0.0,0.0,0.0,0.0,0.0,0.008127365468938637,0.0,0.0018098870324958101,0.5304347826086956,0.5304347826086957,0.0,0.6390041493775933,0.0,0.0,0.6390041493775933,0.0,zero_day_buffer_overflow,1
0.10085961972754426,0.0,ssh,0.5,0.19999999999999996,0.9285714285714285,0.2078989574979952,0.028280755471633095,0.0,0.0,0.15443210717665184,0.02633600234696612,0.036584728179672496,0.1002257301408649,0.025191499145774707,0.09369801376500023,0.23478260869565218,0.23478260869565215,0.049423118779202635,0.38174273858921165,0.0,0.0,0.38174273858921165,0.0,botnet_malware_download,1
0.5758359437604721,0.0,ssh,1.0,0.19999999999999996,0.6428571428571428,0.15817963111467523,0.0038257489628204864,0.0,0.0,0.019148344082852074,0.0035887495438367205,0.12335679334591126,0.577744184868328,0.11100885485532483,0.5820797424991051,0.7739130434782607,0.7739130434782608,0.12791660116157114,1.0,0.0,0.0,1.0,0.0,reconnaissance,0
0.0019305019305019305,0.0,ssh,0.0,0.0,0.0,0.0,0.0,0.0,0.0,0.0,0.0,0.0,0.0006813806140718312,0.0,0.0016206308617972543,0.4608695652173913,0.46086956521739125,0.0,0.004149377593360981,0.0,0.0,0.004149377593360981,0.0,reconnaissance,0
0.14821155387193122,0.0,ssh,0.2,0.40000000000000013,0.31632653061224486,0.3169607056936648,0.027739884421017828,0.0,0.0,0.03610900433861355,0.027558824887680588,0.10328634753551479,0.11746595907423926,0.0,0.12435618114946366,0.5130434782608695,0.5130434782608695,0.09912957713370617,1.0,0.0,0.0,1.0,0.0,evasion_anti_forensics,1
0.0050630144969767595,0.0,ssh,0.0,0.0,0.0,0.0,0.0,0.0,0.0,0.0,0.0,0.0,0.008029983667013223,0.0,0.0022800298546613268,0.6869565217391304,0.6869565217391302,0.0,1.0,0.0,0.0,1.0,0.0,brute_force_only,1
0.011145916806294164,0.0,ssh,0.0,0.0,0.0,0.0,0.0,0.0,0.0,0.0,0.0,0.0,0.016546584344247446,0.0,0.008773803570894606,0.7478260869565218,0.7478260869565216,0.0,0.3402489626556016,0.0,0.0,0.3402489626556016,0.0,brute_force_only,1
0.01744736650397028,0.0,ssh,0.2,0.19999999999999996,0.6530612244897959,0.6339214113873296,0.4146059349820043,0.0,0.0,0.5567567528420607,0.41164443142123797,0.009748577419521393,0.0168375617523994,0.0,0.0074713628842373965,0.4608695652173913,0.46086956521739125,0.008462239479554856,0.6887966804979253,0.0,0.0,0.6887966804979253,0.0,zero_day_obfuscated_memory_attack,1
0.10905514679099584,0.0,ssh,0.5,0.19999999999999996,0.673469387755102,0.09242181234963913,0.012244365352360285,0.0,0.0,0.10379684360115606,0.01084965430089071,0.04869470862217124,0.10947247533298518,0.04680768374292495,0.10075422691851874,0.7130434782608696,0.7130434782608694,0.02705561333588779,1.0,0.0,0.0,1.0,0.0,botnet_malware_download,1
0.18088438843155824,0.0,ssh,0.2,0.19999999999999996,0.1020408163265306,0.23035284683239776,0.016396257532967508,0.0,0.0,0.009575801533641862,0.01646533438465775,0.22327500503983028,0.18034642517537122,0.0,0.17710484392176087,0.33043478260869563,0.33043478260869563,0.12562502818689547,0.04564315352697096,0.0,0.0,0.04564315352697096,0.0,reconnaissance,0
0.08064398630436366,0.0,ssh,0.30000000000000004,0.19999999999999996,0.2755102040816326,0.27325581395348836,0.04329556922412623,0.0,0.0,0.05692546563796219,0.043004483893084935,0.04292965251973427,0.08212103696581083,0.07543977062949554,0.07894380401794476,0.24347826086956517,0.2434782608695652,0.06249157276705865,0.3402489626556016,0.0,0.0,0.3402489626556016,0.0,botnet_malware_download,1
0.6824142201500691,0.0,ssh,0.7000000000000001,0.40000000000000013,0.4081632653061224,0.25421010425020046,0.004959753581694347,0.0,0.0,0.01026658553002463,0.004870355880834546,0.23739096947918245,0.547750005876488,0.2560065827548479,0.3783032492257298,0.1217391304347826,0.12173913043478263,0.0775753537361665,0.004149377593360981,0.0,0.0,0.004149377593360981,0.0,reconnaissance,0
0.023639542507467033,0.0,ssh,0.2,0.19999999999999996,0.6530612244897959,0.7688452285485164,0.38360067390758246,0.0,0.0,0.4262069060414872,0.3821912359966337,0.014566424963093315,0.022495342244473873,0.0,0.010954357362427712,0.4869565217391303,0.48695652173913034,0.011080924620138691,0.6887966804979253,0.0,0.0,0.6887966804979253,0.0,zero_day_obfuscated_memory_attack,1
0.22506738544474392,0.0,ssh,0.1,0.40000000000000013,0.061224489795918366,0.2528067361668003,0.014448193051448985,0.0,0.0,0.004631318635192843,0.014566028093333221,0.0,0.17950575888528641,0.0,0.12643947932570626,0.7478260869565218,0.7478260869565216,0.34692061843576943,1.0,0.0,0.0,1.0,0.0,reconnaissance,0
0.008778320099074815,0.0,ssh,0.0,0.0,0.0,0.0,0.0,0.0,0.0,0.0,0.0,0.0,0.013480590580478761,0.0,0.005360901229447165,0.8347826086956521,0.834782608695652,0.0,0.3402489626556016,0.0,0.0,0.3402489626556016,0.0,brute_force_only,1
0.11083995046259197,0.0,ssh,0.2,0.19999999999999996,0.3469387755102041,0.21732157177225342,0.025567633924823488,0.0,0.0,0.05263102943050032,0.025111188344503457,0.15677349901028587,0.10975162676519117,0.0,0.1059637676203638,0.591304347826087,0.5913043478260869,0.06148047782828896,0.2987551867219917,0.0,0.0,0.2987551867219917,0.0,evasion_anti_forensics,1
0.3486923581263203,0.0,ssh,0.1,0.19999999999999996,0.49999999999999994,0.04671210906174819,0.0020846374889317517,0.0,0.0,0.024518426207449203,0.001744724604959039,0.0,0.3501401378149597,0.0,0.34099010361201726,0.6,0.5999999999999999,0.5361075428535969,0.5394190871369295,0.0,0.0,0.5394190871369295,0.0,zero_day_covert_tunnel,1
0.392948204268959,0.0,ssh,0.1,0.19999999999999996,0.49999999999999994,0.054931836407377706,0.002120686999532184,0.0,0.0,0.02177635291759676,0.0018222760090099727,0.0,0.39302565258582267,0.0,0.39031801846050723,0.1565217391304348,0.15652173913043477,0.6169021139912079,0.5394190871369295,0.0,0.0,0.5394190871369295,0.0,zero_day_covert_tunnel,1
0.1353901070882203,0.0,ssh,0.4,0.19999999999999996,0.5918367346938775,0.3382117080994386,0.03281532597509611,0.0,0.0,0.07382842979897075,0.03213553995953301,0.06615291091717677,0.134887227639379,0.05932912989716105,0.13250315229578022,0.4608695652173913,0.46086956521739125,0.0692446050426255,0.2987551867219917,0.0,0.0,0.2987551867219917,0.0,evasion_anti_forensics,1
0.1624899832447002,0.0,ssh,0.2,0.19999999999999996,0.08163265306122448,0.27325581395348836,0.021554247758628454,0.0,0.0,0.00851331225736031,0.021706031704390748,0.11888655432476633,0.16139697771854733,0.0,0.154092344576793,0.7913043478260868,0.7913043478260868,0.16406451399333016,0.0,0.0,0.0,0.0,0.0,reconnaissance,0
0.014861222408392218,0.0,ssh,0.0,0.40000000000000013,0.0,0.013231756214915798,0.009726634435522512,0.0,0.0,0.0,0.00985262468665964,0.0,0.010807336017878541,0.0,0.006460615028523873,0.6956521739130435,0.6956521739130435,0.0,0.6390041493775933,0.0,0.0,0.6390041493775933,0.0,zero_day_buffer_overflow,1
0.01875865083412253,0.0,ssh,0.2,0.19999999999999996,0.6530612244897959,0.6094627105052125,0.37462639290094835,0.0,0.0,0.5228426745181637,0.3716545591015636,0.015764720661857152,0.0202597947915774,0.0,0.009271479946247399,0.6782608695652174,0.6782608695652173,0.007976819327853704,0.6887966804979253,0.0,0.0,0.6887966804979253,0.0,zero_day_obfuscated_memory_attack,1
0.020252057987907045,0.0,ssh,0.2,0.19999999999999996,0.6530612244897959,0.4607056936647955,0.26657962571534993,0.0,0.0,0.48892406982700043,0.26271587003932334,0.014929654492914148,0.020169128975991664,0.0,0.011977317681248496,0.5478260869565217,0.5478260869565217,0.011937344871149988,0.6887966804979253,0.0,0.0,0.6887966804979253,0.0,zero_day_obfuscated_memory_attack,1
0.18988125591899174,0.0,ssh,0.5,0.40000000000000013,0.6632653061224489,0.266439454691259,0.01879980551239101,0.0,0.0,0.05933602778923954,0.018155356560970667,0.07800703570173019,0.15253859173650441,0.005128821760506729,0.10602668030909816,0.591304347826087,0.5913043478260869,0.07109164688633855,0.3402489626556016,0.0,0.0,0.3402489626556016,0.0,botnet_malware_download,1
0.16467545712828732,0.0,ssh,0.30000000000000004,0.19999999999999996,0.4387755102040816,0.07117080994386528,0.006175507991029535,0.0,0.0,0.045161919925666184,0.0055796531408484375,0.11429652684165922,0.1624002876778149,0.01852501151137227,0.1573387873453421,0.5304347826086956,0.5304347826086957,0.09290464184389759,0.05394190871369292,0.0,0.0,0.05394190871369292,0.0,evasion_anti_forensics,1
0.010417425511765133,0.0,ssh,0.0,0.40000000000000013,0.0,0.01884522854851644,0.018521809147899273,0.0,0.0,0.0,0.018761720085427373,0.0,0.007287575177072091,0.0,0.0070605800342659515,0.29565217391304344,0.29565217391304344,0.0,0.6390041493775933,0.0,0.0,0.6390041493775933,0.0,zero_day_buffer_overflow,1
0.006046477744590951,0.0,ssh,0.0,0.0,0.0,0.0,0.0,0.0,0.0,0.0,0.0,0.0,0.009781980103452471,0.0,0.0056989274052705145,0.3565217391304347,0.3565217391304347,0.0,1.0,0.0,0.0,1.0,0.0,evasion_anti_forensics,1
0.18733153638814015,0.0,ssh,0.4,0.19999999999999996,0.6530612244897959,0.24077786688051322,0.017288900193056757,0.0,0.0,0.05920675474011741,0.016626815289297377,0.11190141532904256,0.1884085287770525,0.10842792372259977,0.18511022451096115,0.7826086956521738,0.7826086956521738,0.056268944333145055,0.2987551867219917,0.0,0.0,0.2987551867219917,0.0,evasion_anti_forensics,1
0.11502877540613389,0.0,ssh,0.30000000000000004,0.19999999999999996,0.4387755102040816,0.07718524458700882,0.009439907441633281,0.0,0.0,0.0641958374440292,0.008601498100717643,0.09519844763361471,0.11534283139268096,0.1108558727913403,0.10363932880894881,0.7826086956521738,0.7826086956521738,0.036232920471489044,1.0,0.0,0.0,1.0,0.0,evasion_anti_forensics,1
0.16922852771909377,0.0,ssh,0.6000000000000001,0.19999999999999996,0.9999999999999999,0.18664795509222132,0.015543665921952539,0.0,0.0,0.1002024855308635,0.014245479520240446,0.05943365791046171,0.16829955167871188,0.02970069828617845,0.1595237820325506,0.5391304347826086,0.5391304347826087,0.04645252277183961,0.38174273858921165,0.0,0.0,0.38174273858921165,0.0,botnet_malware_download,1
0.006519997086034821,0.0,ssh,0.0,0.0,0.0,0.0,0.0,0.0,0.0,0.0,0.0,0.0,0.011679976242928323,0.0,0.004230841309922116,0.5652173913043478,0.5652173913043477,0.0,0.38174273858921165,0.0,0.0,0.38174273858921165,0.0,brute_force_only,1
0.12165804618634807,0.0,ssh,0.30000000000000004,0.6000000000000001,0.4693877551020408,0.28829190056134724,0.030987043731708387,0.0,0.0,0.06501571343484346,0.03041545980660255,0.07262707853946541,0.0786205480858052,0.06731708685941401,0.05373565183614752,0.5391304347826086,0.5391304347826087,0.08184978469537217,0.3402489626556016,0.0,0.0,0.3402489626556016,0.0,botnet_malware_download,1
0.021126247541341882,0.0,ssh,0.2,0.19999999999999996,0.6530612244897959,0.945870088211708,0.5199599164250516,0.0,0.0,0.4710365906098157,0.5196458455595802,0.012905665229643608,0.0197823757626477,0.0,0.011482157813445078,0.417391304347826,0.41739130434782606,0.011938613641892226,0.6887966804979253,0.0,0.0,0.6887966804979253,0.0,zero_day_obfuscated_memory_attack,1
0.00794055511036643,0.0,ssh,0.0,0.0,0.0,0.0,0.0,0.0,0.0,0.0,0.0,0.0,0.01119335923270732,0.0,0.009568575866929448,0.19130434782608693,0.19130434782608696,0.0,0.2987551867219917,0.0,0.0,0.2987551867219917,0.0,privilege_escalation,1
0.010016755299774166,0.0,ssh,0.0,0.0,0.0,0.0,0.0,0.0,0.0,0.0,0.0,0.0,0.012847973867221156,0.0,0.01066466293453794,0.4434782608695652,0.44347826086956516,0.0,0.38174273858921165,0.0,0.0,0.38174273858921165,0.0,brute_force_only,1
0.0,0.0,ssh,0.0,0.0,0.0,0.0,0.0,0.0,0.0,0.0,0.0,0.0,0.002043995842512457,0.0,0.0017998210022983116,0.008695652173913049,0.008695652173913049,0.0,1.0,0.0,0.0,1.0,0.0,brute_force_only,1
0.5004370947767174,0.0,ssh,0.7000000000000001,0.40000000000000013,0.4183673469387755,0.17201283079390536,0.004641656238058243,0.0,0.0,0.014328849272513199,0.004487347661428863,0.15176063552177618,0.40011642016320137,0.2820657346126295,0.3156487985748869,0.8086956521739129,0.8086956521739128,0.13600985904072396,1.0,0.0,0.0,1.0,0.0,reconnaissance,0
0.003278210825380637,0.0,ssh,0.0,0.0,0.0,0.0,0.0,0.0,0.0,0.0,0.0,0.0,0.0036013746748039116,0.0,0.003994585659992593,0.28695652173913044,0.28695652173913044,0.0,1.0,0.0,0.0,1.0,0.0,evasion_anti_forensics,1
0.012420776571719966,0.0,ssh,0.0,0.40000000000000013,0.0,0.013231756214915798,0.011289431363408042,0.0,0.0,0.0,0.011435660660810308,0.0,0.009622256428330426,0.0,0.007033564585574135,0.26086956521739124,0.2608695652173913,0.0,0.6390041493775933,0.0,0.0,0.6390041493775933,0.0,zero_day_buffer_overflow,1
0.012311502877540612,0.0,ssh,0.0,0.40000000000000013,0.0,0.0018043303929430633,0.0015506211236522608,0.0,0.0,0.0,0.001570707877614219,0.0,0.010167127320063033,0.0,0.0050267238298758,0.28695652173913044,0.28695652173913044,0.0,0.6390041493775933,0.0,0.0,0.6390041493775933,0.0,zero_day_buffer_overflow,1
0.22656079259852846,0.0,ssh,0.30000000000000004,0.6000000000000001,0.44897959183673464,0.3500400962309543,0.020279276286173997,0.0,0.0,0.03374165390683734,0.02003700883742355,0.16855552051334247,0.15046729394952413,0.36960949442294383,0.11707089179402413,0.21739130434782608,0.21739130434782605,0.10780416269839393,1.0,0.0,0.0,1.0,0.0,evasion_anti_forensics,1
0.01176513440664384,0.0,ssh,0.2,0.19999999999999996,0.6530612244897959,0.679831595829992,0.6176455164459023,0.0,0.0,0.7744360915868773,0.6140563912658802,0.009579212813040878,0.011176715266561148,0.0,0.007390760627729485,0.14782608695652175,0.14782608695652172,0.009210064489309971,0.6887966804979253,0.0,0.0,0.6887966804979253,0.0,zero_day_obfuscated_memory_attack,1
0.012420776571719966,0.0,ssh,0.0,0.40000000000000013,0.0,0.009222133119486768,0.00786839415008457,0.0,0.0,0.0,0.007970308589624022,0.0,0.007576654589084566,0.0,0.007516141915630679,0.6956521739130435,0.6956521739130435,0.0,0.6390041493775933,0.0,0.0,0.6390041493775933,0.0,zero_day_buffer_overflow,1
0.3874480949952647,0.0,ssh,0.5,0.19999999999999996,0.4081632653061224,0.18123496391339214,0.006285282816542129,0.0,0.0,0.018027193086800817,0.0060969229115299724,0.16786482533904987,0.3878813530493279,0.20062798081176447,0.3856509331654082,0.4956521739130434,0.49565217391304334,0.133790317641369,0.0,0.0,0.0,0.0,0.0,reconnaissance,0
0.09448532090041524,0.0,ssh,0.5,0.19999999999999996,0.9285714285714285,0.28167602245388934,0.03996542613695656,0.0,0.0,0.16455409036041288,0.03802055237475261,0.04169863492127177,0.09574295525882902,0.03111902608057538,0.08197908219713017,0.417391304347826,0.41739130434782606,0.01639932321461753,1.0,0.0,0.0,1.0,0.0,botnet_malware_download,1
0.0006192176003496758,0.0,ssh,0.0,0.0,0.0,0.0,0.0,0.0,0.0,0.0,0.0,0.0,0.004769372299096745,0.0,0.0031637680940593545,0.060869565217391286,0.060869565217391314,0.0,0.38174273858921165,0.0,0.0,0.38174273858921165,0.0,brute_force_only,1
0.6958184599694033,0.0,ssh,0.7000000000000001,0.40000000000000013,0.4897959183673469,0.45188452285485164,0.008561373592776256,0.0,0.0,0.012083529702233229,0.008491439357572468,0.23118720971646395,0.5561684947532817,0.21010185527715702,0.5092727382000221,0.6782608695652174,0.6782608695652173,0.12290784029959598,0.004149377593360981,0.0,0.0,0.004149377593360981,0.0,reconnaissance,0
0.0021854738835870914,0.0,ssh,0.0,0.0,0.0,0.0,0.0,0.0,0.0,0.0,0.0,0.0,0.006715986339683785,0.0,0.000943616316087559,0.4434782608695652,0.44347826086956516,0.0,0.2987551867219917,0.0,0.0,0.2987551867219917,0.0,evasion_anti_forensics,1
0.22342828003205362,0.0,ssh,0.4,0.40000000000000013,0.5918367346938775,0.31635926222935046,0.018791260337539542,0.0,0.0,0.045093601955728625,0.018359834073068952,0.12519086404560414,0.17771405052962125,0.19054972158471314,0.11309310752267003,0.617391304347826,0.6173913043478261,0.07554837713264502,1.0,0.0,0.0,1.0,0.0,evasion_anti_forensics,1
0.08330297952939462,0.0,ssh,0.1,0.40000000000000013,0.17346938775510204,0.2646351242983159,0.040358204599703566,0.0,0.0,0.034734738885037454,0.0403611539452757,0.0,0.0657855681921543,0.0,0.06122958927340137,0.5043478260869564,0.5043478260869565,0.047484206399472005,1.0,0.0,0.0,1.0,0.0,evasion_anti_forensics,1
0.0682232097326437,0.0,ssh,0.1,0.40000000000000013,0.17346938775510204,0.13833199679230151,0.025874482736956448,0.0,0.0,0.042112958935166665,0.02557941577305857,0.0,0.052514195186126995,0.0,0.034722031016991756,0.4521739130434782,0.45217391304347815,0.09616324880974887,0.05394190871369292,0.0,0.0,0.05394190871369292,0.0,evasion_anti_forensics,1
0.10242587601078167,0.0,ssh,0.30000000000000004,0.19999999999999996,0.5102040816326531,0.12670408981555734,0.016844237254625624,0.0,0.0,0.08358945028114473,0.015811506333799838,0.09631008784925696,0.10209292034300003,0.08091272659902465,0.09499357106336062,0.4347826086956521,0.43478260869565216,0.01892844467507877,1.0,0.0,0.0,1.0,0.0,evasion_anti_forensics,1
0.000764915859255482,0.0,ssh,0.0,0.0,0.0,0.0,0.0,0.0,0.0,0.0,0.0,0.0,0.0,0.0,0.0014707506327536187,0.24347826086956517,0.2434782608695652,0.0,0.6390041493775933,0.0,0.0,0.6390041493775933,0.0,zero_day_buffer_overflow,1
0.00550010927369418,0.0,ssh,0.0,0.0,0.0,0.0,0.0,0.0,0.0,0.0,0.0,0.0,0.008613982479159638,0.0,0.00537644436431095,0.3739130434782608,0.3739130434782609,0.0,0.38174273858921165,0.0,0.0,0.38174273858921165,0.0,brute_force_only,1
0.0008741895534348366,0.0,ssh,0.0,0.0,0.0,0.0,0.0,0.0,0.0,0.0,0.0,0.0,0.002141377644437871,0.0,0.0019776788740967586,0.1391304347826087,0.13913043478260867,0.0,0.6390041493775933,0.0,0.0,0.6390041493775933,0.0,zero_day_buffer_overflow,1
0.4261309827347563,0.0,ssh,0.1,0.19999999999999996,0.49999999999999994,0.09623095429029671,0.0032044904993704603,0.0,0.0,0.020091578669560645,0.002945327670875725,0.0,0.42536677680397594,0.0,0.4190153823744403,0.5217391304347825,0.5217391304347825,0.6601591223059239,0.5394190871369295,0.0,0.0,0.5394190871369295,0.0,zero_day_covert_tunnel,1
0.0057550812267793405,0.0,ssh,0.0,0.0,0.0,0.0,0.0,0.0,0.0,0.0,0.0,0.0,0.008613982479159638,0.0,0.0060306623122204275,0.30434782608695654,0.3043478260869565,0.0,0.38174273858921165,0.0,0.0,0.38174273858921165,0.0,brute_force_only,1
0.006847818168572885,0.0,ssh,0.0,0.0,0.0,0.0,0.0,0.0,0.0,0.0,0.0,0.0,0.009635980400415866,0.0,0.007397125911530845,0.3217391304347825,0.3217391304347826,0.0,0.02074688796680496,0.0,0.0,0.02074688796680496,0.0,privilege_escalation,1
0.009288264005245137,0.0,ssh,0.0,0.0,0.0,0.0,0.0,0.0,0.0,0.0,0.0,0.0,0.013431972679367571,0.0,0.008818508587359967,0.5130434782608695,0.5130434782608695,0.0,0.38174273858921165,0.0,0.0,0.38174273858921165,0.0,botnet_malware_download,1
0.7459022364682741,0.0,ssh,0.9,0.19999999999999996,0.6224489795918366,0.28167602245388934,0.005087467568101299,0.0,0.0,0.014328849272513199,0.004938935320710162,0.17395668935933153,0.7482787000011243,0.13315549797019655,0.7475922943946718,0.4260869565217391,0.42608695652173906,0.1956788782774799,0.04564315352697096,0.0,0.0,0.04564315352697096,0.0,reconnaissance,0
0.005609382967873534,0.0,ssh,0.0,0.0,0.0,0.0,0.0,0.0,0.0,0.0,0.0,0.0,0.00983059800456366,0.0,0.00559456635689939,0.31304347826086953,0.31304347826086953,0.0,0.0580912863070539,0.0,0.0,0.0580912863070539,0.0,privilege_escalation,1
0.012238653748087708,0.0,ssh,0.2,0.19999999999999996,0.6530612244897959,0.45970328789093823,0.4080623282485834,0.0,0.0,0.7499999849121091,0.4021241911835034,0.009999417911935008,0.01107174148007783,0.0,0.007373811209235168,0.16521739130434784,0.16521739130434782,0.009614456327699953,0.6887966804979253,0.0,0.0,0.6887966804979253,0.0,zero_day_obfuscated_memory_attack,1
0.0024404458366722513,0.0,ssh,0.0,0.0,0.0,0.0,0.0,0.0,0.0,0.0,0.0,0.0,0.006764604240794975,0.0,0.0017204769995650883,0.3826086956521738,0.38260869565217387,0.0,1.0,0.0,0.0,1.0,0.0,botnet_malware_download,1
0.002768266919210315,0.0,ssh,0.0,0.0,0.0,0.0,0.0,0.0,0.0,0.0,0.0,0.0,0.004136609586136103,0.0,0.00232214434864939,0.3999999999999999,0.39999999999999997,0.0,0.6887966804979253,0.0,0.0,0.6887966804979253,0.0,zero_day_obfuscated_memory_attack,1
0.40511400888759375,0.0,ssh,0.4,0.19999999999999996,0.17346938775510204,0.19647153167602244,0.006350662676883158,0.0,0.0,0.007329697393035755,0.0063232297344917,0.2344469850962435,0.40581829256559293,0.11191618634724092,0.4011153161458828,0.8956521739130433,0.8956521739130434,0.13636511484855088,0.0,0.0,0.0,0.0,0.0,reconnaissance,0
0.06778611495592628,0.0,ssh,0.1,0.40000000000000013,0.32653061224489793,0.10324779470729752,0.020142895866173946,0.0,0.0,0.07976249728493402,0.019210159338516285,0.0,0.053892724382198616,0.0,0.03583654780165302,0.6521739130434782,0.6521739130434783,0.0995203008509184,0.38174273858921165,0.0,0.0,0.38174273858921165,0.0,botnet_malware_download,1
0.009069716616886428,0.0,ssh,0.0,0.40000000000000013,0.0,0.002004811547714515,0.0021947261605991574,0.0,0.0,0.0,0.002223155904185857,0.0,0.005479076855557676,0.0,0.00437642867314623,0.8086956521739129,0.8086956521739128,0.0,0.6390041493775933,0.0,0.0,0.6390041493775933,0.0,zero_day_buffer_overflow,1
0.11062140307423327,0.0,ssh,0.4,0.19999999999999996,0.5918367346938775,0.18945469125902165,0.022981898252531715,0.0,0.0,0.08995545390742879,0.02193340425291387,0.04872512847867502,0.11040935542737107,0.05596729623664123,0.10870306010278599,0.3565217391304347,0.3565217391304347,0.07070374906759767,0.38174273858921165,0.0,0.0,0.38174273858921165,0.0,botnet_malware_download,1
0.04316310920084504,0.0,ssh,0.2,0.19999999999999996,0.2040816326530612,0.1210906174819567,0.035296665003710016,0.0,0.0,0.07657611578423325,0.03460789772310543,0.040899168206021026,0.042159604247364965,0.0,0.03048645275168258,0.9130434782608695,0.9130434782608694,0.02546751606638624,0.3402489626556016,0.0,0.0,0.3402489626556016,0.0,botnet_malware_download,1
0.021417644059153494,0.0,ssh,0.1,0.40000000000000013,0.4081632653061224,0.8604651162790697,0.46535512926402983,0.0,0.0,0.2908509021261192,0.46703023400467614,0.0,0.015219009044535605,0.0,0.009124930388960287,0.6260869565217391,0.6260869565217391,0.015783219676465766,0.6887966804979253,0.0,0.0,0.6887966804979253,0.0,zero_day_obfuscated_memory_attack,1
0.008341225322357397,0.0,ssh,0.0,0.0,0.0,0.0,0.0,0.0,0.0,0.0,0.0,0.0,0.01148535863878053,0.0,0.007107801558280687,0.6260869565217391,0.6260869565217391,0.0,1.0,0.0,0.0,1.0,0.0,brute_force_only,1
0.2958403147082392,0.0,ssh,0.4,0.40000000000000013,0.5816326530612245,0.1297113071371291,0.006125321137728261,0.0,0.0,0.03356953124759537,0.005702295574033345,0.1614246128538857,0.2355592788724268,0.0524588170473315,0.15669663383068405,0.6521739130434782,0.6521739130434783,0.1130268267732311,0.2987551867219917,0.0,0.0,0.2987551867219917,0.0,evasion_anti_forensics,1
0.14223792525679319,0.0,ssh,0.4,0.40000000000000013,0.6122448979591836,0.101242983159583,0.010123257513665967,0.0,0.0,0.07276750966334147,0.009165424072056791,0.06748135427227976,0.11319254776635786,0.05165377533784293,0.12244037875511035,0.11304347826086955,0.11304347826086955,0.03640801083391802,1.0,0.0,0.0,1.0,0.0,botnet_malware_download,1
0.006993516427478691,0.0,ssh,0.0,0.0,0.0,0.0,0.0,0.0,0.0,0.0,0.0,0.0,0.008954599786344036,0.0,0.006973390449172913,0.4521739130434782,0.45217391304347815,0.0,0.6887966804979253,0.0,0.0,0.6887966804979253,0.0,zero_day_obfuscated_memory_attack,1
0.29999271508705466,0.0,ssh,0.1,0.40000000000000013,0.21428571428571427,0.29310344827586204,0.012726226193003773,0.0,0.0,0.012198076969849383,0.0127085262418902,0.0,0.24084914011284903,0.0,0.16459002983393714,0.6608695652173913,0.6608695652173913,0.4706145198815798,0.0580912863070539,0.0,0.0,0.0580912863070539,0.0,privilege_escalation,1
0.005900779485685145,0.0,ssh,0.0,0.0,0.0,0.0,0.0,0.0,0.0,0.0,0.0,0.0,0.007981365765902033,0.0,0.003905397671845639,0.6782608695652174,0.6782608695652173,0.0,0.6887966804979253,0.0,0.0,0.6887966804979253,0.0,zero_day_obfuscated_memory_attack,1
0.5603555037517302,0.0,ssh,0.6000000000000001,0.40000000000000013,0.42857142857142855,0.20529270248596632,0.004918261693454791,0.0,0.0,0.013116507063939282,0.004785682178667389,0.18878669826823868,0.44793088490858013,0.19656233913498447,0.4489211140016407,0.3826086956521738,0.38260869565217387,0.21418955134997783,0.004149377593360981,0.0,0.0,0.004149377593360981,0.0,reconnaissance,0
0.012420776571719966,0.0,ssh,0.0,0.40000000000000013,0.0,0.011627906976744186,0.00992101219835836,0.0,0.0,0.0,0.01004951929044144,0.0,0.007964137800943714,0.0,0.008122472205174118,0.3739130434782608,0.3739130434782609,0.0,0.6390041493775933,0.0,0.0,0.6390041493775933,0.0,zero_day_buffer_overflow,1
0.005827930356232242,0.0,ssh,0.0,0.0,0.0,0.0,0.0,0.0,0.0,0.0,0.0,0.0,0.008127365468938637,0.0,0.0046606459963697165,0.5391304347826086,0.5391304347826087,0.0,0.38174273858921165,0.0,0.0,0.38174273858921165,0.0,brute_force_only,1
0.25657463393312446,0.0,ssh,0.1,0.19999999999999996,0.49999999999999994,0.05112269446672013,0.003045491757622492,0.0,0.0,0.03322727753070853,0.002587698170347274,0.0,0.2552904087393086,0.0,0.2544562907803749,0.8782608695652173,0.8782608695652174,0.39985154228887854,0.5394190871369295,0.0,0.0,0.5394190871369295,0.0,zero_day_covert_tunnel,1
0.009761783346689005,0.0,ssh,0.0,0.0,0.0,0.0,0.0,0.0,0.0,0.0,0.0,0.0,0.012555974461147949,0.0,0.008504907337751137,0.7130434782608696,0.7130434782608694,0.0,0.02074688796680496,0.0,0.0,0.02074688796680496,0.0,privilege_escalation,1
0.37069279522109705,0.0,ssh,0.1,0.19999999999999996,0.49999999999999994,0.03969526864474739,0.001718343361930567,0.0,0.0,0.023074032237029075,0.0013953002880960556,0.0,0.3716810800006833,0.0,0.36521452338679283,0.3565217391304347,0.3565217391304347,0.5748145662724519,0.5394190871369295,0.0,0.0,0.5394190871369295,0.0,zero_day_covert_tunnel,1
0.20470605376265752,0.0,ssh,0.5,0.40000000000000013,0.9285714285714285,0.2395749799518845,0.01610405249710338,0.0,0.0,0.07713472985644354,0.015158327653008565,0.08003234041825495,0.16469321301400472,0.010022889979041156,0.14526991319825314,0.5652173913043478,0.5652173913043477,0.08260989371276806,0.3402489626556016,0.0,0.0,0.3402489626556016,0.0,botnet_malware_download,1
0.008996867487433525,0.0,ssh,0.0,0.0,0.0,0.0,0.0,0.0,0.0,0.0,0.0,0.0,0.012215357153963552,0.0,0.011431161528106281,0.13043478260869565,0.13043478260869562,0.0,0.38174273858921165,0.0,0.0,0.38174273858921165,0.0,botnet_malware_download,1
0.006046477744590951,0.0,ssh,0.0,0.0,0.0,0.0,0.0,0.0,0.0,0.0,0.0,0.0,0.007981365765902033,0.0,0.007712799579121514,0.18260869565217389,0.18260869565217386,0.0,0.04564315352697096,0.0,0.0,0.04564315352697096,0.0,reconnaissance,0
0.01034457638231223,0.0,ssh,0.2,0.19999999999999996,0.6530612244897959,0.543504410585405,0.5498251741393222,0.0,0.0,0.8583333348421223,0.5441020705845556,0.009477840696637735,0.010938443751205411,0.0,0.007644927890216322,0.5391304347826086,0.5391304347826087,0.0057904389819891065,0.6887966804979253,0.0,0.0,0.6887966804979253,0.0,zero_day_obfuscated_memory_attack,1
0.009652509652509652,0.0,ssh,0.0,0.0,0.0,0.0,0.0,0.0,0.0,0.0,0.0,0.0,0.013772589986551969,0.0,0.007676310219655581,0.7130434782608696,0.7130434782608694,0.0,0.5394190871369295,0.0,0.0,0.5394190871369295,0.0,zero_day_covert_tunnel,1
0.005864354920958693,0.0,ssh,0.0,0.0,0.0,0.0,0.0,0.0,0.0,0.0,0.0,0.0,0.010901359826634113,0.0,0.002942019370002697,0.6434782608695652,0.6434782608695653,0.0,0.2987551867219917,0.0,0.0,0.2987551867219917,0.0,evasion_anti_forensics,1
0.0033146353901070884,0.0,ssh,0.0,0.0,0.0,0.0,0.0,0.0,0.0,0.0,0.0,0.0,0.0033579931698418924,0.0,0.0023336906774053443,0.5652173913043478,0.5652173913043477,0.0,0.3402489626556016,0.0,0.0,0.3402489626556016,0.0,brute_force_only,1
0.6133168208639908,0.0,ssh,0.2,0.6000000000000001,0.520408163265306,0.3400160384923817,0.007367338763927476,0.0,0.0,0.014558004159309055,0.007244908035746036,0.3887570512405218,0.4076127749156158,0.0,0.3501340558374537,0.043478260869565216,0.043478260869565216,0.23702154222774688,0.2987551867219917,0.0,0.0,0.2987551867219917,0.0,privilege_escalation,1
0.07995191957456108,0.0,ssh,0.2,0.19999999999999996,0.14285714285714285,0.23897353648757017,0.03787863452214405,0.0,0.0,0.029763882353317485,0.037923855843201335,0.07217538477829845,0.07913957703010033,0.0,0.06649678760409829,0.6086956521739131,0.6086956521739129,0.06259278606945089,1.0,0.0,0.0,1.0,0.0,botnet_malware_download,1
0.2198222481241349,0.0,ssh,0.5,0.19999999999999996,0.7551020408163265,0.19827586206896552,0.01240752255565951,0.0,0.0,0.05846527543035342,0.01169330704053502,0.10808314782701922,0.21965903521352237,0.06855376731156503,0.20856104025908775,0.4695652173913043,0.46956521739130436,0.032847436431413884,0.05394190871369292,0.0,0.0,0.05394190871369292,0.0,evasion_anti_forensics,1
0.0023311721424928975,0.0,ssh,0.0,0.0,0.0,0.0,0.0,0.0,0.0,0.0,0.0,0.0,0.003990609883099499,0.0,0.0014498044081514712,0.3826086956521738,0.38260869565217387,0.0,0.3402489626556016,0.0,0.0,0.3402489626556016,0.0,brute_force_only,1
0.00794055511036643,0.0,ssh,0.0,0.40000000000000013,0.0,0.01623897353648757,0.019651776563963507,0.0,0.0,0.0,0.019906322885721896,0.0,0.0058202781615542196,0.0,0.004702538445574011,0.31304347826086953,0.31304347826086953,0.0,0.6390041493775933,0.0,0.0,0.6390041493775933,0.0,zero_day_buffer_overflow,1
0.13590005099439062,0.0,ssh,0.5,0.19999999999999996,0.673469387755102,0.07919005613472334,0.008637381425177957,0.0,0.0,0.08370273016592636,0.007496655895435618,0.059426669565048676,0.13539209461247956,0.030247299881657662,0.12671296448438094,0.23478260869565218,0.23478260869565215,0.036974689984519846,0.3402489626556016,0.0,0.0,0.3402489626556016,0.0,botnet_malware_download,1
0.005245137320609019,0.0,ssh,0.0,0.0,0.0,0.0,0.0,0.0,0.0,0.0,0.0,0.0,0.008662600380270826,0.0,0.005289402809073756,0.3999999999999999,0.39999999999999997,0.0,0.6887966804979253,0.0,0.0,0.6887966804979253,0.0,zero_day_obfuscated_memory_attack,1
0.09678006847818169,0.0,ssh,0.2,0.40000000000000013,0.2040816326530612,0.17121090617481957,0.022810559650605917,0.0,0.0,0.03533203830948269,0.022577279510817085,0.06104969223326802,0.07649552240810742,0.0,0.04732418271976438,0.6086956521739131,0.6086956521739129,0.09389843536345495,0.38174273858921165,0.0,0.0,0.38174273858921165,0.0,botnet_malware_download,1
0.006629270780214176,0.0,ssh,0.0,0.0,0.0,0.0,0.0,0.0,0.0,0.0,0.0,0.0,0.011777358044853739,0.0,0.004376502688074152,0.5478260869565217,0.5478260869565217,0.0,0.05394190871369292,0.0,0.0,0.05394190871369292,0.0,evasion_anti_forensics,1
0.3015225468055656,0.0,ssh,0.1,0.40000000000000013,0.3061224489795918,0.5535284683239775,0.023830302870526808,0.0,0.0,0.01733827998888807,0.023879504024798836,0.0,0.2407656282827121,0.0,0.2583123945102239,0.9217391304347825,0.9217391304347824,0.3327059454250953,0.02074688796680496,0.0,0.0,0.02074688796680496,0.0,privilege_escalation,1
0.01059954833539739,0.0,ssh,0.0,0.0,0.0,0.0,0.0,0.0,0.0,0.0,0.0,0.0,0.014989351511659027,0.0,0.010209619157668671,0.5130434782608695,0.5130434782608695,0.0,0.3402489626556016,0.0,0.0,0.3402489626556016,0.0,brute_force_only,1
0.008159102498725139,0.0,ssh,0.0,0.0,0.0,0.0,0.0,0.0,0.0,0.0,0.0,0.0,0.01119335923270732,0.0,0.007147843634286912,0.591304347826087,0.5913043478260869,0.0,0.5394190871369295,0.0,0.0,0.5394190871369295,0.0,zero_day_covert_tunnel,1
0.010963793982661906,0.0,ssh,0.0,0.0,0.0,0.0,0.0,0.0,0.0,0.0,0.0,0.0,0.018103963176538902,0.0,0.008949440994855371,0.591304347826087,0.5913043478260869,0.0,0.6390041493775933,0.0,0.0,0.6390041493775933,0.0,zero_day_buffer_overflow,1
0.10217090405769651,0.0,ssh,0.2,0.19999999999999996,0.3469387755102041,0.3005212510024058,0.03795447829860119,0.0,0.0,0.056978937123266675,0.03759341137606095,0.09279947197706376,0.10256610538054166,0.0,0.1009532530597031,0.07826086956521738,0.07826086956521741,0.0965018952551319,1.0,0.0,0.0,1.0,0.0,evasion_anti_forensics,1
0.5492460115101624,0.0,ssh,0.1,0.19999999999999996,0.49999999999999994,0.04310344827586207,0.0012425454583686714,0.0,0.0,0.015610595779168557,0.0010250283923062702,0.0,0.5477402238963847,0.0,0.5422149322452546,0.3826086956521738,0.38260869565217387,0.8536872611611167,0.5394190871369295,0.0,0.0,0.5394190871369295,0.0,zero_day_covert_tunnel,1
0.29842645880381724,0.0,ssh,0.1,0.19999999999999996,0.49999999999999994,0.045308740978348035,0.002372156231075166,0.0,0.0,0.02861026221607682,0.001974735275825233,0.0,0.30026255126597073,0.0,0.29238161386293676,0.27826086956521734,0.27826086956521734,0.46047075546877675,0.5394190871369295,0.0,0.0,0.5394190871369295,0.0,zero_day_covert_tunnel,1
0.006192176003496757,0.0,ssh,0.0,0.0,0.0,0.0,0.0,0.0,0.0,0.0,0.0,0.0,0.007640602459014599,0.0,0.005399166947183243,0.5652173913043478,0.5652173913043477,0.0,0.6887966804979253,0.0,0.0,0.6887966804979253,0.0,zero_day_obfuscated_memory_attack,1
0.015953959350185766,0.0,ssh,0.2,0.19999999999999996,0.6530612244897959,0.9977947072975141,0.6995483140405683,0.0,0.0,0.6011672958015408,0.6996130208690895,0.004603428663134456,0.016152093146642545,0.0,0.009025454325832068,0.4608695652173913,0.46086956521739125,0.006259192099849028,0.6887966804979253,0.0,0.0,0.6887966804979253,0.0,zero_day_obfuscated_memory_attack,1
0.007576309463101914,0.0,ssh,0.0,0.0,0.0,0.0,0.0,0.0,0.0,0.0,0.0,0.0,0.008029983667013223,0.0,0.005147072102678245,0.9652173913043477,0.9652173913043478,0.0,0.5394190871369295,0.0,0.0,0.5394190871369295,0.0,zero_day_covert_tunnel,1
0.00626502513294966,0.0,ssh,0.0,0.0,0.0,0.0,0.0,0.0,0.0,0.0,0.0,0.0,0.01148535863878053,0.0,0.006624928168512451,0.19999999999999998,0.2,0.0,0.6390041493775933,0.0,0.0,0.6390041493775933,0.0,zero_day_buffer_overflow,1
0.33230130399941715,0.0,ssh,0.30000000000000004,0.19999999999999996,0.18367346938775508,0.42080994386527665,0.016415131099459145,0.0,0.0,0.00944737340640942,0.016486375239237214,0.23546999664888282,0.3331548243630872,0.06330153398464869,0.32268991268310915,0.6521739130434782,0.6521739130434783,0.17880757234674952,0.0,0.0,0.0,0.0,0.0,reconnaissance,0
0.008996867487433525,0.0,ssh,0.0,0.0,0.0,0.0,0.0,0.0,0.0,0.0,0.0,0.0,0.013431972679367571,0.0,0.010757329624297266,0.1565217391304348,0.15652173913043477,0.0,0.38174273858921165,0.0,0.0,0.38174273858921165,0.0,brute_force_only,1
0.32672834559627006,0.0,ssh,0.4,0.19999999999999996,0.6938775510204082,0.6072574178027266,0.02442017671849565,0.0,0.0,0.036293680123073734,0.02419335207421367,0.12507658404414398,0.3267147774621426,0.05650258259070147,0.3203089264667612,0.3826086956521738,0.38260869565217387,0.24338188995859078,0.02074688796680496,0.0,0.0,0.02074688796680496,0.0,privilege_escalation,1
0.00987105704086836,0.0,ssh,0.0,0.40000000000000013,0.0,0.01082598235765838,0.011100139334853576,0.0,0.0,0.0,0.011243917666013407,0.0,0.005407391001366703,0.0,0.005855542992755123,0.5478260869565217,0.5478260869565217,0.0,0.6390041493775933,0.0,0.0,0.6390041493775933,0.0,zero_day_buffer_overflow,1
0.15629780724120346,0.0,ssh,0.4,0.19999999999999996,0.5918367346938775,0.3813151563753007,0.03201378429430815,0.0,0.0,0.06412438119278709,0.031468836498841864,0.08881134657358959,0.15671257724661788,0.07165188041207997,0.15677405344529127,0.591304347826087,0.5913043478260869,0.05696994016823208,1.0,0.0,0.0,1.0,0.0,evasion_anti_forensics,1
0.3463976105485539,0.0,ssh,0.1,0.19999999999999996,0.49999999999999994,0.03909382518043304,0.001815585739852152,0.0,0.0,0.02467956488212525,0.0014697737322205266,0.0,0.3471287479401267,0.0,0.3351716420981515,0.7217391304347825,0.7217391304347824,0.5305420223213683,0.5394190871369295,0.0,0.0,0.5394190871369295,0.0,zero_day_covert_tunnel,1
0.597690682596343,0.0,ssh,0.30000000000000004,0.40000000000000013,0.4693877551020408,0.23696872493985566,0.005313415400964356,0.0,0.0,0.013472460585751755,0.005180622008574392,0.4948891352440511,0.47734792707431634,0.8081668282986041,0.36292368735265473,0.3652173913043478,0.36521739130434777,0.2495316794176204,0.0580912863070539,0.0,0.0,0.0580912863070539,0.0,privilege_escalation,1
0.03387484519559991,0.0,ssh,0.2,0.19999999999999996,0.4081632653061224,0.2676423416198877,0.0974919712090662,0.0,0.0,0.1919731937667215,0.09588190357634659,0.024415387909077185,0.032416022065811116,0.0,0.023206122396413884,0.417391304347826,0.41739130434782606,0.02653708980209368,0.38174273858921165,0.0,0.0,0.38174273858921165,0.0,botnet_malware_download,1
0.17028484009616085,0.0,ssh,0.5,0.19999999999999996,0.7551020408163265,0.11427425821972734,0.00966862995981956,0.0,0.0,0.07520124681502166,0.008668484371194702,0.07838218652666737,0.16953178917234082,0.05266354748207213,0.15752449079950037,0.6608695652173913,0.6608695652173913,0.03582737520515158,0.05394190871369292,0.0,0.0,0.05394190871369292,0.0,evasion_anti_forensics,1
0.011947257230276098,0.0,ssh,0.2,0.19999999999999996,0.6530612244897959,0.6637931034482758,0.595876897497803,0.0,0.0,0.7648514787249573,0.5921492417943813,0.0047555279456533645,0.0109826816612255,0.0,0.00796933531930188,0.26086956521739124,0.2608695652173913,0.011595065127732342,0.6887966804979253,0.0,0.0,0.6887966804979253,0.0,zero_day_obfuscated_memory_attack,1
0.4482042689589859,0.0,ssh,0.2,0.40000000000000013,0.22448979591836732,0.6303127506014434,0.01823976844773076,0.0,0.0,0.008579155813192355,0.01834763874064905,0.13162811676094632,0.3597063303573241,0.0,0.39552800325191984,0.25217391304347825,0.25217391304347825,0.26702589411139277,0.2987551867219917,0.0,0.0,0.2987551867219917,0.0,privilege_escalation,1
0.0239673635900051,0.0,ssh,0.2,0.19999999999999996,0.6530612244897959,0.7016840417000801,0.3463424847020328,0.0,0.0,0.42098094345064524,0.34452865361269486,0.009501847718527206,0.023116570980894625,0.0,0.00916408428583144,0.6086956521739131,0.6086956521739129,0.014288607742108274,0.6887966804979253,0.0,0.0,0.6887966804979253,0.0,zero_day_obfuscated_memory_attack,1
0.00214904931886064,0.0,ssh,0.0,0.0,0.0,0.0,0.0,0.0,0.0,0.0,0.0,0.0,0.0025306128527334574,0.0,0.004014791735315513,0.07826086956521738,0.07826086956521741,0.0,0.6390041493775933,0.0,0.0,0.6390041493775933,0.0,zero_day_buffer_overflow,1
0.0021854738835870914,0.0,ssh,0.0,0.0,0.0,0.0,0.0,0.0,0.0,0.0,0.0,0.0,0.004477372893023536,0.0,0.0005886407217698923,0.4434782608695652,0.44347826086956516,0.0,0.6887966804979253,0.0,0.0,0.6887966804979253,0.0,zero_day_obfuscated_memory_attack,1
0.008814744663801267,0.0,ssh,0.0,0.40000000000000013,0.0,0.018644747393744988,0.0208602697145351,0.0,0.0,0.0,0.021130471261287316,0.0,0.005036259756247656,0.0,0.004061495154834788,0.24347826086956517,0.2434782608695652,0.0,0.6390041493775933,0.0,0.0,0.6390041493775933,0.0,zero_day_buffer_overflow,1
0.009652509652509652,0.0,ssh,0.0,0.0,0.0,0.0,0.0,0.0,0.0,0.0,0.0,0.0,0.013529354481292987,0.0,0.009250681751501096,0.5043478260869564,0.5043478260869565,0.0,0.0580912863070539,0.0,0.0,0.0580912863070539,0.0,privilege_escalation,1
0.5991840897501275,0.0,ssh,0.5,0.40000000000000013,0.24489795918367346,0.2814755412991179,0.006163460578405054,0.0,0.0,0.007011705004695653,0.00613836518535206,0.2875289769687156,0.4786245484776684,0.33834487890277765,0.32282040100103704,0.4782608695652174,0.47826086956521735,0.1265483472588612,0.04564315352697096,0.0,0.0,0.04564315352697096,0.0,reconnaissance,0
0.0016391054126903182,0.0,ssh,0.0,0.0,0.0,0.0,0.0,0.0,0.0,0.0,0.0,0.0,0.004769372299096745,0.0,0.0020311916669849307,0.22608695652173913,0.2260869565217391,0.0,0.6887966804979253,0.0,0.0,0.6887966804979253,0.0,zero_day_obfuscated_memory_attack,1
0.11710497559554163,0.0,ssh,0.30000000000000004,0.6000000000000001,0.4693877551020408,0.27666399358460303,0.03090692023495836,0.0,0.0,0.0674851787121447,0.030297344900739053,0.08727095081290077,0.07638500063290872,0.01341504848656383,0.044956297145658713,0.3913043478260869,0.39130434782608686,0.052719788867321066,0.3402489626556016,0.0,0.0,0.3402489626556016,0.0,botnet_malware_download,1
0.009397537699424491,0.0,ssh,0.0,0.40000000000000013,0.0,0.013231756214915798,0.01409488787553672,0.0,0.0,0.0,0.014277455802868502,0.0,0.006386319010227135,0.0,0.0032738282918805327,0.3391304347826086,0.3391304347826086,0.0,0.6390041493775933,0.0,0.0,0.6390041493775933,0.0,zero_day_buffer_overflow,1
0.4155678589640853,0.0,ssh,0.2,0.40000000000000013,0.22448979591836732,0.5719727345629511,0.01785545669829651,0.0,0.0,0.009248454652951653,0.017948333951726615,0.3626220370648687,0.33317730831735487,0.0,0.3745952493666543,0.21739130434782608,0.21739130434782605,0.09692739482496096,0.0580912863070539,0.0,0.0,0.0580912863070539,0.0,privilege_escalation,1
0.014059881984410287,0.0,ssh,0.0,0.40000000000000013,0.0,0.0026062550120288693,0.0020070818243574547,0.0,0.0,0.0,0.0020330810408397135,0.0,0.00908512352085876,0.0,0.004768485746353211,0.6521739130434782,0.6521739130434783,0.0,0.6390041493775933,0.0,0.0,0.6390041493775933,0.0,zero_day_buffer_overflow,1
0.39469658337582864,0.0,ssh,0.30000000000000004,0.19999999999999996,0.32653061224489793,0.5591419406575782,0.01844008075603941,0.0,0.0,0.014158718214868343,0.01846704967717407,0.25866924802443586,0.3959392226596211,0.09083860724163381,0.3909229424664201,0.6869565217391304,0.6869565217391302,0.2497301843673834,0.2987551867219917,0.0,0.0,0.2987551867219917,0.0,privilege_escalation,1
0.006155751438770306,0.0,ssh,0.0,0.0,0.0,0.0,0.0,0.0,0.0,0.0,0.0,0.0,0.011387976836855114,0.0,0.0032015897222278963,0.617391304347826,0.6173913043478261,0.0,0.6887966804979253,0.0,0.0,0.6887966804979253,0.0,zero_day_obfuscated_memory_attack,1
0.2526407809426677,0.0,ssh,0.30000000000000004,0.19999999999999996,0.14285714285714285,0.504410585404972,0.025736097981285896,0.0,0.0,0.009639713839440338,0.02592519855986771,0.2140867284907772,0.2537293799144412,0.2567084294625954,0.2478978280171371,0.7304347826086957,0.7304347826086954,0.09046243117927973,0.0,0.0,0.0,0.0,0.0,reconnaissance,0
0.2970787499089385,0.0,ssh,0.30000000000000004,0.19999999999999996,0.3877551020408163,0.46992782678428224,0.02063956453903083,0.0,0.0,0.022287289254603267,0.0205733776745854,0.15063510083113626,0.29682250626302226,0.1625070833411283,0.28991477033019836,0.21739130434782608,0.21739130434782605,0.24624279496814752,0.02074688796680496,0.0,0.0,0.02074688796680496,0.0,privilege_escalation,1
0.14336708676331317,0.0,ssh,0.6000000000000001,0.19999999999999996,0.9999999999999999,0.10505212510024058,0.011058433460599376,0.0,0.0,0.11793528369067192,0.009436777669446976,0.04464541464237595,0.14322089068870833,0.03814775231027056,0.1382139220895184,0.7999999999999999,0.7999999999999998,0.0653261796194126,0.38174273858921165,0.0,0.0,0.38174273858921165,0.0,botnet_malware_download,1
0.25642893567421865,0.0,ssh,0.30000000000000004,0.19999999999999996,0.16326530612244897,0.14995990376904572,0.007658110093493486,0.0,0.0,0.010855797844954298,0.007594847152244608,0.2046779490899859,0.25752741618923547,0.046136161882180275,0.2490361035936616,0.26086956521739124,0.2608695652173913,0.10608763122693936,0.0,0.0,0.0,0.0,0.0,reconnaissance,0
0.01693742259779996,0.0,ssh,0.2,0.19999999999999996,0.6530612244897959,0.8482357658380112,0.5662784518123253,0.0,0.0,0.571164541959696,0.565065929201678,0.011221638416759928,0.016620752193390043,0.0,0.009538303761409031,0.4434782608695652,0.44347826086956516,0.010488927726089468,0.6887966804979253,0.0,0.0,0.6887966804979253,0.0,zero_day_obfuscated_memory_attack,1
0.010235302688132875,0.0,ssh,0.0,0.40000000000000013,0.0,0.01222935044105854,0.012187808848689762,0.0,0.0,0.0,0.012345679201897202,0.0,0.007786164162942094,0.0,0.0033889215048004597,0.3999999999999999,0.39999999999999997,0.0,0.6390041493775933,0.0,0.0,0.6390041493775933,0.0,zero_day_buffer_overflow,1
0.18398047643330662,0.0,ssh,0.4,0.19999999999999996,0.6122448979591836,0.21210906174819566,0.015554015712194176,0.0,0.0,0.056502340825919595,0.014909934119365604,0.09538417318994456,0.1848508080134565,0.07164539300699976,0.17404743527912658,0.19130434782608693,0.19130434782608696,0.07848575441512033,0.05394190871369292,0.0,0.0,0.05394190871369292,0.0,evasion_anti_forensics,1
0.004771617979165149,0.0,ssh,0.0,0.0,0.0,0.0,0.0,0.0,0.0,0.0,0.0,0.0,0.007056603646868182,0.0,0.0063083663217867085,0.1391304347826087,0.13913043478260867,0.0,0.38174273858921165,0.0,0.0,0.38174273858921165,0.0,botnet_malware_download,1
0.28738981569170247,0.0,ssh,0.1,0.19999999999999996,0.49999999999999994,0.05673616680032077,0.0029727721769791595,0.0,0.0,0.02969846125843028,0.0025668442693196837,0.0,0.28676590071815794,0.0,0.2812692346293939,0.4260869565217391,0.42608695652173906,0.4454893412300086,0.5394190871369295,0.0,0.0,0.5394190871369295,0.0,zero_day_covert_tunnel,1
0.49417206964376775,0.0,ssh,0.4,0.19999999999999996,0.6938775510204082,0.31716118684843625,0.008626567998571259,0.0,0.0,0.024064522097996574,0.008378185244057626,0.22757629053363662,0.49406270307646194,0.298872941606716,0.4953140408982806,0.21739130434782608,0.21739130434782605,0.29999991926004366,0.0580912863070539,0.0,0.0,0.0580912863070539,0.0,privilege_escalation,1
0.0060100531798645,0.0,ssh,0.0,0.0,0.0,0.0,0.0,0.0,0.0,0.0,0.0,0.0,0.007737984260940014,0.0,0.007652551427792368,0.19999999999999998,0.2,0.0,0.0,0.0,0.0,0.0,0.0,reconnaissance,0
0.04443796896627085,0.0,ssh,0.2,0.19999999999999996,0.3469387755102041,0.17963111467522053,0.051184926870778795,0.0,0.0,0.12666374927208468,0.0499524013095885,0.04155303068919556,0.04540897363814763,0.0,0.03365717824896667,0.6347826086956521,0.6347826086956521,0.030200780663103416,0.05394190871369292,0.0,0.0,0.05394190871369292,0.0,evasion_anti_forensics,1
0.3481459896554236,0.0,ssh,0.2,0.40000000000000013,0.2857142857142857,0.6672012830793905,0.0248473142023274,0.0,0.0,0.01403234204079657,0.02495916439948531,0.4347328002020537,0.2766326453291994,0.0,0.2127194209545735,0.6,0.5999999999999999,0.22918820933656092,0.02074688796680496,0.0,0.0,0.02074688796680496,0.0,privilege_escalation,1
0.008013404239819333,0.0,ssh,0.0,0.0,0.0,0.0,0.0,0.0,0.0,0.0,0.0,0.0,0.010949977727745301,0.0,0.00846323693333061,0.3913043478260869,0.39130434782608686,0.0,0.38174273858921165,0.0,0.0,0.38174273858921165,0.0,botnet_malware_download,1
0.012092955489181902,0.0,ssh,0.0,0.40000000000000013,0.0,0.008420208500400962,0.007342659043571818,0.0,0.0,0.0,0.007437765526596121,0.0,0.009433186812898023,0.0,0.003834047281328076,0.5826086956521739,0.5826086956521739,0.0,0.6390041493775933,0.0,0.0,0.6390041493775933,0.0,zero_day_buffer_overflow,1
0.0026589932250309606,0.0,ssh,0.0,0.0,0.0,0.0,0.0,0.0,0.0,0.0,0.0,0.0,0.006034605725611956,0.0,0.001343148897014741,0.6347826086956521,0.6347826086956521,0.0,0.6390041493775933,0.0,0.0,0.6390041493775933,0.0,zero_day_buffer_overflow,1
0.0031325125664748306,0.0,ssh,0.0,0.0,0.0,0.0,0.0,0.0,0.0,0.0,0.0,0.0,0.003455374971767308,0.0,0.001286897551793426,0.7652173913043477,0.7652173913043478,0.0,0.38174273858921165,0.0,0.0,0.38174273858921165,0.0,brute_force_only,1
0.016682450644714797,0.0,ssh,0.2,0.19999999999999996,0.6530612244897959,0.8744987971130713,0.5911998123085868,0.0,0.0,0.5786516965820314,0.5901980446029467,0.014398540241523797,0.01418868914020629,0.0,0.008950403188918366,0.817391304347826,0.817391304347826,0.00891594036270003,0.6887966804979253,0.0,0.0,0.6887966804979253,0.0,zero_day_obfuscated_memory_attack,1
0.02134479492970059,0.0,ssh,0.2,0.19999999999999996,0.6530612244897959,0.6064554931836408,0.33283121514997016,0.0,0.0,0.46676738135591733,0.33015718365532365,0.016165440609423185,0.019832891659898363,0.0,0.00885929081264542,0.5739130434782608,0.5739130434782609,0.00811690315207636,0.6887966804979253,0.0,0.0,0.6887966804979253,0.0,zero_day_obfuscated_memory_attack,1
0.009470386828877395,0.0,ssh,0.0,0.0,0.0,0.0,0.0,0.0,0.0,0.0,0.0,0.0,0.011436594737966304,0.0,0.008676473940676147,0.6782608695652174,0.6782608695652173,0.0,1.0,0.0,0.0,1.0,0.0,evasion_anti_forensics,1
0.4419392438260362,0.0,ssh,0.1,0.19999999999999996,0.49999999999999994,0.04290296712109062,0.0015365265781543474,0.0,0.0,0.019377378266520834,0.0012664468424656425,0.0,0.4417029755761477,0.0,0.43199523225440284,0.6608695652173913,0.6608695652173913,0.6816456971543433,0.5394190871369295,0.0,0.0,0.5394190871369295,0.0,zero_day_covert_tunnel,1
0.3086617614919502,0.0,ssh,0.4,0.19999999999999996,0.18367346938775508,0.24198075380914194,0.010219608283193201,0.0,0.0,0.010164470684499586,0.010199866975593533,0.16069798936258728,0.3094409685970699,0.17034070041042643,0.29912281948321595,0.4260869565217391,0.42608695652173906,0.1342643765277874,0.0,0.0,0.0,0.0,0.0,reconnaissance,0
0.16358272018649378,0.0,ssh,0.30000000000000004,0.8,0.26530612244897955,0.2479951884522855,0.01972588705370203,0.0,0.0,0.027486576454356502,0.019570054860598575,0.1250461641876402,0.09130135229304943,0.19986427745092655,0.061730004201087305,0.7826086956521738,0.7826086956521738,0.023768286014144026,1.0,0.0,0.0,1.0,0.0,botnet_malware_download,1
0.6066875500837765,0.0,ssh,0.7000000000000001,0.6000000000000001,0.4183673469387755,0.11327185244587008,0.0025833818261306856,0.0,0.0,0.011830837705653234,0.002439798041357361,0.18979597977753712,0.40231342369449624,0.19757346910818394,0.28316742147090157,0.7565217391304346,0.7565217391304346,0.149853993323267,0.0,0.0,0.0,0.0,0.0,reconnaissance,0
0.006811393603846434,0.0,ssh,0.0,0.40000000000000013,0.0,0.0,0.0,0.0,0.0,0.0,0.0,0.0,0.004647754546467252,0.0,0.00279769026055327,0.6956521739130435,0.6956521739130435,0.0,0.6390041493775933,0.0,0.0,0.6390041493775933,0.0,zero_day_buffer_overflow,1
0.0056822320973264374,0.0,ssh,0.0,0.0,0.0,0.0,0.0,0.0,0.0,0.0,0.0,0.0,0.010073979509525679,0.0,0.0024345730241640976,0.6869565217391304,0.6869565217391302,0.0,1.0,0.0,0.0,1.0,0.0,evasion_anti_forensics,1
0.004771617979165149,0.0,ssh,0.0,0.0,0.0,0.0,0.0,0.0,0.0,0.0,0.0,0.0,0.007737984260940014,0.0,0.0028835475769436987,0.5652173913043478,0.5652173913043477,0.0,0.3402489626556016,0.0,0.0,0.3402489626556016,0.0,botnet_malware_download,1
0.4795293946237342,0.0,ssh,0.30000000000000004,0.40000000000000013,0.673469387755102,0.3652766639935846,0.010170569821503852,0.0,0.0,0.024065849832394653,0.009942164600118984,0.3940818415819378,0.3827258115356993,0.724049625329726,0.2576968863696181,0.26086956521739124,0.2608695652173913,0.19461530236709942,0.02074688796680496,0.0,0.0,0.02074688796680496,0.0,privilege_escalation,1
0.17363590005099439,0.0,ssh,0.2,0.8,0.26530612244897955,0.1164795509222133,0.008940014712822422,0.0,0.0,0.025920151622440133,0.008667922607381832,0.12279797236035396,0.09752765562874846,0.0,0.09019755176382015,0.408695652173913,0.40869565217391296,0.09373764750757485,0.2987551867219917,0.0,0.0,0.2987551867219917,0.0,evasion_anti_forensics,1
0.31725795876739266,0.0,ssh,0.30000000000000004,0.40000000000000013,0.061224489795918366,0.4905773857257418,0.019914551389946872,0.0,0.0,0.0032971266198133335,0.0201231573953888,0.2670578934265815,0.25217200108214977,0.11894777910476224,0.2755331517303061,0.591304347826087,0.5913043478260869,0.06483418492841077,0.0,0.0,0.0,0.0,0.0,reconnaissance,0
0.12184016900998032,0.0,ssh,0.2,0.40000000000000013,0.31632653061224486,0.3807137129109864,0.04024096166227988,0.0,0.0,0.04375090036988869,0.040107468813273255,0.1855270051042875,0.0976199274410676,0.0,0.05969318739958024,0.591304347826087,0.5913043478260869,0.05101450331835453,0.2987551867219917,0.0,0.0,0.2987551867219917,0.0,evasion_anti_forensics,1
0.012238653748087708,0.0,ssh,0.0,0.40000000000000013,0.0,0.007818765036086608,0.006751986314481637,0.0,0.0,0.0,0.006839443714341653,0.0,0.00926616315262415,0.0,0.006048351879993972,0.417391304347826,0.41739130434782606,0.0,0.6390041493775933,0.0,0.0,0.6390041493775933,0.0,zero_day_buffer_overflow,1
0.0048808916733445035,0.0,ssh,0.0,0.0,0.0,0.0,0.0,0.0,0.0,0.0,0.0,0.0,0.008078601568124412,0.0,0.007078121572183651,0.0,0.0,0.0,0.04564315352697096,0.0,0.0,0.04564315352697096,0.0,reconnaissance,0
0.11309827347563196,0.0,ssh,0.2,0.8,0.2040816326530612,0.17782678428227747,0.020337979782858118,0.0,0.0,0.030355991543297507,0.02014713531736288,0.016648458601206208,0.06271315044145201,0.0,0.04612499285755945,0.5739130434782608,0.5739130434782609,0.01979795633329408,1.0,0.0,0.0,1.0,0.0,botnet_malware_download,1
0.12533692722371967,0.0,ssh,0.30000000000000004,0.19999999999999996,0.12244897959183673,0.20930232558139533,0.02141685447149242,0.0,0.0,0.016473562786356852,0.021447737760913903,0.10713906346963294,0.12359984459791609,0.0032133776931028923,0.11332107350067219,0.5652173913043478,0.5652173913043477,0.03714130265153477,0.0,0.0,0.0,0.0,0.0,reconnaissance,0
0.010745246594303197,0.0,ssh,0.0,0.40000000000000013,0.0,0.011828388131515637,0.011343370104832747,0.0,0.0,0.0,0.01149030257792032,0.0,0.007870113992188142,0.0,0.002124820550807251,0.6521739130434782,0.6521739130434783,0.0,0.6390041493775933,0.0,0.0,0.6390041493775933,0.0,zero_day_buffer_overflow,1
0.009761783346689005,0.0,ssh,0.0,0.0,0.0,0.0,0.0,0.0,0.0,0.0,0.0,0.0,0.01318859117440555,0.0,0.006231242766891168,0.9652173913043477,0.9652173913043478,0.0,1.0,0.0,0.0,1.0,0.0,brute_force_only,1
0.006774969039119982,0.0,ssh,0.0,0.0,0.0,0.0,0.0,0.0,0.0,0.0,0.0,0.0,0.01148535863878053,0.0,0.003529475852925825,0.7565217391304346,0.7565217391304346,0.0,0.6390041493775933,0.0,0.0,0.6390041493775933,0.0,zero_day_buffer_overflow,1
0.013622787207692869,0.0,ssh,0.2,0.19999999999999996,0.6530612244897959,0.7149157979149959,0.575384619532652,0.0,0.0,0.6866666920143234,0.5725615600136287,0.01256109869286699,0.012394790788995537,0.0,0.008241488209273952,0.591304347826087,0.5913043478260869,0.008812304861618058,0.6887966804979253,0.0,0.0,0.6887966804979253,0.0,zero_day_obfuscated_memory_attack,1
0.11786989145479711,0.0,ssh,0.30000000000000004,0.40000000000000013,0.4897959183673469,0.3620689655172414,0.039928549213766165,0.0,0.0,0.06997280981007423,0.03939859874664117,0.1024071314667271,0.09385649309589304,0.17212971551370893,0.05635259764271336,0.8521739130434782,0.8521739130434782,0.02613050645060347,0.05394190871369292,0.0,0.0,0.05394190871369292,0.0,evasion_anti_forensics,1
0.0020762001894077367,0.0,ssh,0.0,0.0,0.0,0.0,0.0,0.0,0.0,0.0,0.0,0.0,0.005888606022575351,0.0,0.0024628467266306006,0.22608695652173913,0.2260869565217391,0.0,0.6887966804979253,0.0,0.0,0.6887966804979253,0.0,zero_day_obfuscated_memory_attack,1
0.4889997814526116,0.0,ssh,0.1,0.19999999999999996,0.49999999999999994,0.06916599839615076,0.002081584621789491,0.0,0.0,0.017523016124911802,0.0018463180551491864,0.0,0.4900974971416908,0.0,0.48612271911897365,0.6434782608695652,0.6434782608695653,0.7637052327219666,0.5394190871369295,0.0,0.0,0.5394190871369295,0.0,zero_day_covert_tunnel,1
0.01518904349093028,0.0,ssh,0.0,0.40000000000000013,0.0,0.00681635926222935,0.0049192174976535365,0.0,0.0,0.0,0.004982936239036847,0.0,0.010777552078459074,0.0,0.007139479947431637,0.6869565217391304,0.6869565217391302,0.0,0.6390041493775933,0.0,0.0,0.6390041493775933,0.0,zero_day_buffer_overflow,1
0.11816128797260872,0.0,ssh,0.5,0.19999999999999996,0.9285714285714285,0.15056134723336007,0.018089985370346808,0.0,0.0,0.1323371583550795,0.016343882312735484,0.05418064198722892,0.11843992309319644,0.054040235188047236,0.1115898643365583,0.27826086956521734,0.27826086956521734,0.027043213985452272,0.38174273858921165,0.0,0.0,0.38174273858921165,0.0,botnet_malware_download,1
0.003824579296277409,0.0,ssh,0.0,0.0,0.0,0.0,0.0,0.0,0.0,0.0,0.0,0.0,0.008711364281085052,0.0,0.005177418223126585,0.06956521739130433,0.06956521739130433,0.0,0.38174273858921165,0.0,0.0,0.38174273858921165,0.0,botnet_malware_download,1
0.9322867341735266,0.0,ssh,0.9,0.19999999999999996,0.5816326530612245,0.3382117080994386,0.004845827427497651,0.0,0.0,0.010720368936350163,0.004748163219962837,0.24125568892424537,0.9350905760257685,0.15076216448800495,0.9359775314363603,0.5478260869565217,0.5478260869565217,0.10903458196137884,0.04564315352697096,0.0,0.0,0.04564315352697096,0.0,reconnaissance,0
0.2614919501711954,0.0,ssh,0.1,0.19999999999999996,0.49999999999999994,0.04791499599037691,0.0028315200087123695,0.0,0.0,0.03260897576214821,0.0023802023067013823,0.0,0.264102804814895,0.0,0.25910664870176336,0.28695652173913044,0.28695652173913044,0.40812369684268707,0.5394190871369295,0.0,0.0,0.5394190871369295,0.0,zero_day_covert_tunnel,1
0.001966926495228382,0.0,ssh,0.0,0.0,0.0,0.0,0.0,0.0,0.0,0.0,0.0,0.0,0.006715986339683785,0.0,0.003466933238831073,0.07826086956521738,0.07826086956521741,0.0,1.0,0.0,0.0,1.0,0.0,brute_force_only,1
0.2068186785167917,0.0,ssh,0.1,0.19999999999999996,0.49999999999999994,0.02586206896551724,0.00220655245434184,0.0,0.0,0.04111540794126392,0.0016198441480952074,0.0,0.20623596851604004,0.0,0.1918071692043425,0.34782608695652173,0.34782608695652173,0.31161666883318884,0.5394190871369295,0.0,0.0,0.5394190871369295,0.0,zero_day_covert_tunnel,1
0.020907700152983173,0.0,ssh,0.2,0.19999999999999996,0.6530612244897959,0.6132718524458701,0.34270683378175526,0.0,0.0,0.47538461900570916,0.34003175957907616,0.005226871289805205,0.020385938535001022,0.0,0.0084560574853221,0.4782608695652174,0.47826086956521735,0.01262692176955686,0.6887966804979253,0.0,0.0,0.6887966804979253,0.0,zero_day_obfuscated_memory_attack,1
0.009251839440518685,0.0,ssh,0.0,0.0,0.0,0.0,0.0,0.0,0.0,0.0,0.0,0.0,0.014259352996476007,0.0,0.008308545733971993,0.5130434782608695,0.5130434782608695,0.0,0.04564315352697096,0.0,0.0,0.04564315352697096,0.0,reconnaissance,0
0.014351278502221896,0.0,ssh,0.0,0.40000000000000013,0.0,0.007016840417000802,0.005311710645714355,0.0,0.0,0.0,0.005380511481815157,0.0,0.010472266699409535,0.0,0.004919032109748151,0.408695652173913,0.40869565217391296,0.0,0.6390041493775933,0.0,0.0,0.6390041493775933,0.0,zero_day_buffer_overflow,1
0.466926495228382,0.0,ssh,0.7000000000000001,0.40000000000000013,0.4387755102040816,0.4184041700080192,0.011782091364923917,0.0,0.0,0.016099986607988045,0.011693767650735282,0.15631004838565934,0.37270293192223647,0.16362925355011929,0.26250252760978854,0.6521739130434782,0.6521739130434783,0.0647954297493751,0.04564315352697096,0.0,0.0,0.04564315352697096,0.0,reconnaissance,0
0.009907481605594811,0.0,ssh,0.0,0.0,0.0,0.0,0.0,0.0,0.0,0.0,0.0,0.0,0.016157349135951862,0.0,0.009077116745522171,0.4347826086956521,0.43478260869565216,0.0,0.38174273858921165,0.0,0.0,0.38174273858921165,0.0,brute_force_only,1
0.005463684708967728,0.0,ssh,0.0,0.0,0.0,0.0,0.0,0.0,0.0,0.0,0.0,0.0,0.006910603943831578,0.0,0.002574831312577771,0.8086956521739129,0.8086956521739128,0.0,0.6887966804979253,0.0,0.0,0.6887966804979253,0.0,zero_day_obfuscated_memory_attack,1
0.023238872295476068,0.0,ssh,0.2,0.19999999999999996,0.6530612244897959,0.8648757016840417,0.43736264148559134,0.0,0.0,0.4327730958040636,0.43655130572510636,0.013185199046164844,0.02185454954784622,0.0,0.009314112544730921,0.7478260869565218,0.7478260869565216,0.015305066120833804,0.6887966804979253,0.0,0.0,0.6887966804979253,0.0,zero_day_obfuscated_memory_attack,1
0.42667735120565303,0.0,ssh,0.30000000000000004,0.40000000000000013,0.5612244897959183,0.24057738572574178,0.007592658904480909,0.0,0.0,0.022523082813389526,0.007353952533293378,0.4041180921849909,0.34084419072291605,0.2978904769117779,0.24698011692582253,0.22608695652173913,0.2260869565217391,0.09556767628906243,0.02074688796680496,0.0,0.0,0.02074688796680496,0.0,privilege_escalation,1
0.007029940992205143,0.0,ssh,0.0,0.0,0.0,0.0,0.0,0.0,0.0,0.0,0.0,0.0,0.010463360717524302,0.0,0.0050085901725347185,0.6608695652173913,0.6608695652173913,0.0,0.6887966804979253,0.0,0.0,0.6887966804979253,0.0,zero_day_obfuscated_memory_attack,1
0.6809572375610111,0.0,ssh,0.7000000000000001,0.19999999999999996,0.37755102040816324,0.15216519647153168,0.003024749379936292,0.0,0.0,0.00951683805605441,0.0029215123172076215,0.212637016788801,0.6808358891798014,0.13048962709188638,0.6750113316854649,0.4869565217391303,0.48695652173913034,0.16673469969176943,0.04564315352697096,0.0,0.0,0.04564315352697096,0.0,reconnaissance,0
0.0032053616959277337,0.0,ssh,0.0,0.0,0.0,0.0,0.0,0.0,0.0,0.0,0.0,0.0,0.007153985448793598,0.0,0.0,0.617391304347826,0.6173913043478261,0.0,0.38174273858921165,0.0,0.0,0.38174273858921165,0.0,brute_force_only,1
0.1450061921760035,0.0,ssh,0.4,0.19999999999999996,0.5816326530612245,0.27325581395348836,0.0249659123845105,0.0,0.0,0.06783413145258549,0.024274160263327637,0.08259443227832887,0.14713295273157417,0.024355830849512115,0.13828815906222494,0.591304347826087,0.5913043478260869,0.04764989632412894,0.05394190871369292,0.0,0.0,0.05394190871369292,0.0,evasion_anti_forensics,1
0.06377941283601661,0.0,ssh,0.30000000000000004,0.19999999999999996,0.47959183673469385,0.1429430633520449,0.02967147911227588,0.0,0.0,0.12420466446371388,0.02819709334534217,0.05060491117895196,0.0631714435092839,0.005842587189215579,0.053334120852166426,0.9304347826086955,0.9304347826086956,0.016765190559561348,0.38174273858921165,0.0,0.0,0.38174273858921165,0.0,botnet_malware_download,1
0.6050484446710862,0.0,ssh,0.30000000000000004,0.6000000000000001,0.5306122448979591,0.16499599037690457,0.0037401902212984874,0.0,0.0,0.015045403386531426,0.0035634846227736716,0.48357442850955534,0.40260629909878765,0.30570010566926786,0.23363774192889417,0.591304347826087,0.5913043478260869,0.270361492392739,0.0580912863070539,0.0,0.0,0.0580912863070539,0.0,privilege_escalation,1
0.005572958403147083,0.0,ssh,0.0,0.0,0.0,0.0,0.0,0.0,0.0,0.0,0.0,0.0,0.0075919845579034105,0.0,0.0033622761307482577,0.6869565217391304,0.6869565217391302,0.0,1.0,0.0,0.0,1.0,0.0,reconnaissance,0
0.7873898156917025,0.0,ssh,0.6000000000000001,0.8,0.26530612244897955,0.5727746591820368,0.00947958044874836,0.0,0.0,0.005786688967776429,0.00951577141563481,0.2893392050781758,0.4497277032538516,0.3063755501470378,0.29370929364001563,0.4434782608695652,0.44347826086956516,0.22751447004195824,1.0,0.0,0.0,1.0,0.0,reconnaissance,0
0.02374881620164639,0.0,ssh,0.2,0.19999999999999996,0.6530612244897959,0.427626303127506,0.2152597378651349,0.0,0.0,0.4244505548390819,0.21169609039056475,0.013728810103470265,0.02523108467997376,0.0,0.012064877340981148,0.3739130434782608,0.3739130434782609,0.014087911279245021,0.6887966804979253,0.0,0.0,0.6887966804979253,0.0,zero_day_obfuscated_memory_attack,1
0.016354629562176735,0.0,ssh,0.0,0.40000000000000013,0.0,0.0018043303929430633,0.0012227802834826806,0.0,0.0,0.0,0.0012386160516399524,0.0,0.010537236567260824,0.0,0.007744403953344543,0.3565217391304347,0.3565217391304347,0.0,0.6390041493775933,0.0,0.0,0.6390041493775933,0.0,zero_day_buffer_overflow,1
0.007649158592554817,0.0,ssh,0.0,0.0,0.0,0.0,0.0,0.0,0.0,0.0,0.0,0.0,0.010463360717524302,0.0,0.0074094864044939495,0.4608695652173913,0.46086956521739125,0.0,0.6390041493775933,0.0,0.0,0.6390041493775933,0.0,zero_day_buffer_overflow,1
0.5010198878123406,0.0,ssh,0.1,0.19999999999999996,0.49999999999999994,0.03147554129911788,0.001062376366905214,0.0,0.0,0.017104900492643776,0.0008201616194308995,0.0,0.501613369718406,0.0,0.5002594223223693,0.5043478260869564,0.5043478260869565,0.7854762429022369,0.5394190871369295,0.0,0.0,0.5394190871369295,0.0,zero_day_covert_tunnel,1
0.008268376192904494,0.0,ssh,0.0,0.40000000000000013,0.0,0.009222133119486768,0.010828776536815816,0.0,0.0,0.0,0.010969039045855328,0.0,0.006585316605466025,0.0,0.0018531117504027152,0.7826086956521738,0.7826086956521738,0.0,0.6390041493775933,0.0,0.0,0.6390041493775933,0.0,zero_day_buffer_overflow,1
0.007357762074743207,0.0,ssh,0.0,0.0,0.0,0.0,0.0,0.0,0.0,0.0,0.0,0.0,0.008954599786344036,0.0,0.0050390103079109815,0.826086956521739,0.826086956521739,0.0,0.05394190871369292,0.0,0.0,0.05394190871369292,0.0,evasion_anti_forensics,1
0.008231951628178042,0.0,ssh,0.0,0.40000000000000013,0.0,0.007417802726543705,0.008738946320595358,0.0,0.0,0.0,0.008852137786454828,0.0,0.004654324533103901,0.0,0.0008644203432101812,0.826086956521739,0.826086956521739,0.0,0.6390041493775933,0.0,0.0,0.6390041493775933,0.0,zero_day_buffer_overflow,1
0.7117724193195891,0.0,ssh,0.6000000000000001,0.6000000000000001,0.44897959183673464,0.44125902165196473,0.008162967297844095,0.0,0.0,0.010829243156992702,0.00810663837101478,0.13510395533773112,0.4740375298076644,0.1300318878590175,0.33818960078420296,0.6434782608695652,0.6434782608695653,0.6414567495085531,0.004149377593360981,0.0,0.0,0.004149377593360981,0.0,reconnaissance,0
0.002476870401398703,0.0,ssh,0.0,0.0,0.0,0.0,0.0,0.0,0.0,0.0,0.0,0.0,0.003990609883099499,0.0,0.0013287900009977213,0.5043478260869564,0.5043478260869565,0.0,1.0,0.0,0.0,1.0,0.0,evasion_anti_forensics,1
0.5716471188169301,0.0,ssh,0.4,0.40000000000000013,0.2857142857142857,0.4949879711307137,0.01129408199279298,0.0,0.0,0.00857245678963841,0.011312087975652318,0.27316233646860655,0.457255885941528,0.06970294323007598,0.4383065591733065,0.6086956521739131,0.6086956521739129,0.32272735189437274,0.0,0.0,0.0,0.0,0.0,reconnaissance,0
0.2322066001311284,0.0,ssh,0.1,0.19999999999999996,0.49999999999999994,0.09943865276663993,0.006026060158401863,0.0,0.0,0.0366731104031068,0.005555305827556893,0.0,0.23123943965897975,0.0,0.2257421994927313,0.417391304347826,0.41739130434782606,0.36040811279694857,0.5394190871369295,0.0,0.0,0.5394190871369295,0.0,zero_day_covert_tunnel,1
0.47140671668973555,0.0,ssh,0.2,0.6000000000000001,0.36734693877551017,0.42662389735364875,0.011857064931588173,0.0,0.0,0.013351697107090046,0.011810838506811519,0.6978035548151016,0.31460921208486264,0.0,0.26312188452664637,0.6521739130434782,0.6521739130434783,0.18219732407023037,0.0580912863070539,0.0,0.0,0.0580912863070539,0.0,privilege_escalation,1
0.26334960297224447,0.0,ssh,0.2,0.19999999999999996,0.36734693877551017,0.4224137931034483,0.020922168735704575,0.0,0.0,0.02379040529635665,0.020837145654187334,0.17994241274516348,0.2623935862914455,0.0,0.2513843011969398,0.4869565217391303,0.48695652173913034,0.2744132540866817,0.02074688796680496,0.0,0.0,0.02074688796680496,0.0,privilege_escalation,1
0.006410723391855467,0.0,ssh,0.0,0.0,0.0,0.0,0.0,0.0,0.0,0.0,0.0,0.0,0.011728594144039513,0.0,0.0054634119046202195,0.3739130434782608,0.3739130434782609,0.0,0.004149377593360981,0.0,0.0,0.004149377593360981,0.0,reconnaissance,0
0.006155751438770306,0.0,ssh,0.0,0.0,0.0,0.0,0.0,0.0,0.0,0.0,0.0,0.0,0.010463360717524302,0.0,0.007104766946235853,0.19999999999999998,0.2,0.0,1.0,0.0,0.0,1.0,0.0,brute_force_only,1
0.5069935164274787,0.0,ssh,0.1,0.19999999999999996,0.49999999999999994,0.05753809141940658,0.0017125015437307741,0.0,0.0,0.016904472950097282,0.001481707149036358,0.0,0.5067965051759085,0.0,0.49955702065638213,0.6869565217391304,0.6869565217391302,0.7854766466020185,0.5394190871369295,0.0,0.0,0.5394190871369295,0.0,zero_day_covert_tunnel,1
0.6778975741239892,0.0,ssh,0.5,0.19999999999999996,0.846938775510204,0.6702085004009622,0.01307711332695056,0.0,0.0,0.021444540021203915,0.01292558292824194,0.2597942072042771,0.6780781007891431,0.19652175513576178,0.678879869923205,0.19999999999999998,0.2,0.33939029106638907,0.2987551867219917,0.0,0.0,0.2987551867219917,0.0,privilege_escalation,1
0.1280323450134771,0.0,ssh,0.30000000000000004,0.19999999999999996,0.44897959183673464,0.3813151563753007,0.03865374179725627,0.0,0.0,0.059158292434587506,0.03826911931458861,0.07648209651677844,0.12782726599934097,0.04934652217757144,0.12391135143264775,0.4869565217391303,0.48695652173913034,0.08907947107023927,0.2987551867219917,0.0,0.0,0.2987551867219917,0.0,evasion_anti_forensics,1
0.10603190791870037,0.0,ssh,0.6000000000000001,0.19999999999999996,0.9999999999999999,0.20930232558139533,0.02727062022376974,0.0,0.0,0.15840517130821488,0.025253329039675573,0.037987083564496836,0.10568407503859138,0.0572925373116314,0.10228581782202488,0.4434782608695652,0.44347826086956516,0.03167630336492996,0.38174273858921165,0.0,0.0,0.38174273858921165,0.0,botnet_malware_download,1
0.17920885845414147,0.0,ssh,0.5,0.19999999999999996,0.7551020408163265,0.17963111467522053,0.013848839623031396,0.0,0.0,0.07151346452435514,0.012958028852642816,0.08651752496154766,0.17976009036797622,0.04512231625104025,0.17925734605561128,0.13043478260869565,0.13043478260869562,0.040350023858657096,0.2987551867219917,0.0,0.0,0.2987551867219917,0.0,evasion_anti_forensics,1
0.29299919865957597,0.0,ssh,0.2,0.40000000000000013,0.12244897959183673,0.3085404971932638,0.013624482419543862,0.0,0.0,0.00713518430371707,0.013694177881017525,0.23677155542810277,0.2324836491282577,0.0,0.24980704308290533,0.9130434782608695,0.9130434782608694,0.20536259795342665,1.0,0.0,0.0,1.0,0.0,reconnaissance,0
0.010271727252859327,0.0,ssh,0.0,0.0,0.0,0.0,0.0,0.0,0.0,0.0,0.0,0.0,0.012312592956185928,0.0,0.00956302474733524,0.6869565217391304,0.6869565217391302,0.0,0.38174273858921165,0.0,0.0,0.38174273858921165,0.0,brute_force_only,1
0.00335105995483354,0.0,ssh,0.0,0.0,0.0,0.0,0.0,0.0,0.0,0.0,0.0,0.0,0.005985987824500766,0.0,0.002178407358623346,0.4260869565217391,0.42608695652173906,0.0,0.2987551867219917,0.0,0.0,0.2987551867219917,0.0,privilege_escalation,1
0.015953959350185766,0.0,ssh,0.2,0.19999999999999996,0.6530612244897959,0.7167201283079391,0.5049903393160542,0.0,0.0,0.6011672958015408,0.5025349704950401,0.0052938771899419135,0.014538066429572881,0.0,0.0075010428703344316,0.8869565217391303,0.8869565217391304,0.013490147245458349,0.6887966804979253,0.0,0.0,0.6887966804979253,0.0,zero_day_obfuscated_memory_attack,1
0.6521818314271145,0.0,ssh,0.4,0.40000000000000013,0.5408163265306122,0.4436647955092221,0.00898897471297307,0.0,0.0,0.01423114009112724,0.008892440275820578,0.27865542261073406,0.5224770192817428,0.20647584844697556,0.5834281464560024,0.6956521739130435,0.6956521739130435,0.2645794157633692,0.0580912863070539,0.0,0.0,0.0580912863070539,0.0,privilege_escalation,1
0.006811393603846434,0.0,ssh,0.0,0.0,0.0,0.0,0.0,0.0,0.0,0.0,0.0,0.0,0.008273365171975243,0.0,0.007932475885196334,0.3217391304347825,0.3217391304347826,0.0,1.0,0.0,0.0,1.0,0.0,brute_force_only,1
0.6271581554600423,0.0,ssh,0.7000000000000001,0.19999999999999996,0.4693877551020408,0.36627906976744184,0.007725144779014432,0.0,0.0,0.012842269559172262,0.007633020899959339,0.20369612766736922,0.629333325936015,0.1464151504746065,0.6237703529949548,0.5826086956521739,0.5826086956521739,0.12010489504440063,0.04564315352697096,0.0,0.0,0.04564315352697096,0.0,reconnaissance,0
0.4498433743716762,0.0,ssh,0.30000000000000004,0.19999999999999996,0.47959183673469385,0.6834402566158782,0.01983839376733492,0.0,0.0,0.01826183996587964,0.01982207005483576,0.36801260006899555,0.45051785364668573,0.191551950234663,0.4406089415362005,0.4782608695652174,0.47826086956521735,0.18054757607693547,0.2987551867219917,0.0,0.0,0.2987551867219917,0.0,privilege_escalation,1
0.19589130909885624,0.0,ssh,0.4,0.19999999999999996,0.6122448979591836,0.13452285485164395,0.009560188980464918,0.0,0.0,0.053114686860782634,0.008889160911826156,0.13427645302499985,0.19730312268544847,0.055284308264591984,0.19170813723078178,0.3217391304347825,0.3217391304347826,0.01966121745011914,0.05394190871369292,0.0,0.0,0.05394190871369292,0.0,evasion_anti_forensics,1
0.7985721570627231,0.0,ssh,0.9,0.19999999999999996,0.5816326530612245,0.5817963111467522,0.00959370632322539,0.0,0.0,0.01250924963150844,0.00953077195449004,0.19091000425220264,0.799675121460803,0.1452234292483602,0.8040872967587086,0.5043478260869564,0.5043478260869565,0.1872867095457351,0.04564315352697096,0.0,0.0,0.04564315352697096,0.0,reconnaissance,0
0.740729948277118,0.0,ssh,0.8,0.19999999999999996,0.49999999999999994,0.553728949478749,0.009822892477776733,0.0,0.0,0.011590155670219501,0.009776681805680604,0.200529091742012,0.7429643108105918,0.18038486304333526,0.7431483641072599,0.28695652173913044,0.28695652173913044,0.1791176137790348,0.004149377593360981,0.0,0.0,0.004149377593360981,0.0,reconnaissance,0
0.4748670503387484,0.0,ssh,0.8,0.19999999999999996,0.5714285714285714,0.13352044907778668,0.003927349522573663,0.0,0.0,0.020618870280288956,0.0036696570802487857,0.1284420889792313,0.47366844255838786,0.1936574903579056,0.47048477113252013,0.5391304347826086,0.5391304347826087,0.10839114218087158,1.0,0.0,0.0,1.0,0.0,reconnaissance,0
0.007503460333649011,0.0,ssh,0.0,0.0,0.0,0.0,0.0,0.0,0.0,0.0,0.0,0.0,0.008029983667013223,0.0,0.008076953024501605,0.4782608695652174,0.47826086956521735,0.0,0.2987551867219917,0.0,0.0,0.2987551867219917,0.0,evasion_anti_forensics,1
0.01107306767684126,0.0,ssh,0.0,0.0,0.0,0.0,0.0,0.0,0.0,0.0,0.0,0.0,0.015524586422991217,0.0,0.008374048945183656,0.8434782608695651,0.843478260869565,0.0,0.38174273858921165,0.0,0.0,0.38174273858921165,0.0,botnet_malware_download,1
0.1539302105339841,0.0,ssh,0.5,0.19999999999999996,0.7551020408163265,0.1814354450681636,0.016232165924071,0.0,0.0,0.08305002800614306,0.015199578457492504,0.07061385954971378,0.1534213059410637,0.08666298141826141,0.1449718550835081,0.7043478260869565,0.7043478260869565,0.03585984420187342,1.0,0.0,0.0,1.0,0.0,evasion_anti_forensics,1
0.008450499016536751,0.0,ssh,0.0,0.40000000000000013,0.0,0.011627906976744186,0.01343202339797266,0.0,0.0,0.0,0.01360600534764288,0.0,0.006677296418379086,0.0,0.0009638223914104788,0.5739130434782608,0.5739130434782609,0.0,0.6390041493775933,0.0,0.0,0.6390041493775933,0.0,zero_day_buffer_overflow,1
0.29514824797843664,0.0,ssh,0.2,0.40000000000000013,0.36734693877551017,0.6734161988773055,0.02960763281837314,0.0,0.0,0.021251052908465566,0.029673116022612932,0.31681014424931525,0.23579755038778252,0.0,0.21392009111533689,0.617391304347826,0.6173913043478261,0.2408863332514015,0.2987551867219917,0.0,0.0,0.2987551867219917,0.0,privilege_escalation,1
0.0023311721424928975,0.0,ssh,0.0,0.0,0.0,0.0,0.0,0.0,0.0,0.0,0.0,0.0,0.006229369329462784,0.0,0.0014531350799079966,0.3739130434782608,0.3739130434782609,0.0,0.38174273858921165,0.0,0.0,0.38174273858921165,0.0,brute_force_only,1
0.4275879653238143,0.0,ssh,0.30000000000000004,0.19999999999999996,0.4693877551020408,0.7034883720930233,0.021461991254848083,0.0,0.0,0.01879758079550482,0.021458680414220537,0.34314099652819,0.4285070844165903,0.3600250323314164,0.4233096544775922,0.22608695652173913,0.2260869565217391,0.18521867090728297,0.2987551867219917,0.0,0.0,0.2987551867219917,0.0,privilege_escalation,1
0.0051358636264296625,0.0,ssh,0.0,0.0,0.0,0.0,0.0,0.0,0.0,0.0,0.0,0.0,0.0064726048347217655,0.0,0.006773106054213863,0.18260869565217389,0.18260869565217386,0.0,0.6887966804979253,0.0,0.0,0.6887966804979253,0.0,zero_day_obfuscated_memory_attack,1
0.009652509652509652,0.0,ssh,0.0,0.0,0.0,0.0,0.0,0.0,0.0,0.0,0.0,0.0,0.012604592362259135,0.0,0.009850942816954866,0.4956521739130434,0.49565217391304334,0.0,0.38174273858921165,0.0,0.0,0.38174273858921165,0.0,brute_force_only,1
0.5394113790340206,0.0,ssh,0.8,0.19999999999999996,0.49999999999999994,0.25681635926222934,0.006373338061568313,0.0,0.0,0.015893704963777292,0.006218041718424991,0.15679980807537022,0.5413139009675254,0.14165128296733304,0.5375584310848486,0.5478260869565217,0.5478260869565217,0.07383893924306752,0.0,0.0,0.0,0.0,0.0,reconnaissance,0
0.0021854738835870914,0.0,ssh,0.0,0.0,0.0,0.0,0.0,0.0,0.0,0.0,0.0,0.0,0.0033579931698418924,0.0,0.000953164241789598,0.6,0.5999999999999999,0.0,0.04564315352697096,0.0,0.0,0.04564315352697096,0.0,reconnaissance,0
0.019341443869745754,0.0,ssh,0.2,0.19999999999999996,0.6530612244897959,0.8434242181234963,0.5018859229428658,0.0,0.0,0.5090609725207864,0.5007687082990112,0.005763576217525981,0.019269770805286184,0.0,0.010750076161360832,0.5217391304347825,0.5217391304347825,0.011063565529528967,0.6887966804979253,0.0,0.0,0.6887966804979253,0.0,zero_day_obfuscated_memory_attack,1
0.00579150579150579,0.0,ssh,0.0,0.0,0.0,0.0,0.0,0.0,0.0,0.0,0.0,0.0,0.005937369923389578,0.0,0.005225157851636781,0.5826086956521739,0.5826086956521739,0.0,0.6887966804979253,0.0,0.0,0.6887966804979253,0.0,zero_day_obfuscated_memory_attack,1
0.0008377649887083851,0.0,ssh,0.0,0.0,0.0,0.0,0.0,0.0,0.0,0.0,0.0,0.0,0.002141377644437871,0.0,0.0019927039044650837,0.11304347826086955,0.11304347826086955,0.0,0.6887966804979253,0.0,0.0,0.6887966804979253,0.0,zero_day_obfuscated_memory_attack,1
0.47865520507029935,0.0,ssh,0.1,0.19999999999999996,0.49999999999999994,0.05874097834803528,0.001845686439245469,0.0,0.0,0.01789954952989451,0.0016017259103942771,0.0,0.4799518317779742,0.0,0.47948343205444416,0.3739130434782608,0.3739130434782609,0.751019543798485,0.5394190871369295,0.0,0.0,0.5394190871369295,0.0,zero_day_covert_tunnel,1
0.015589713702921249,0.0,ssh,0.2,0.19999999999999996,0.6530612244897959,0.5689655172413793,0.4107059614035708,0.0,0.0,0.6130952391729446,0.4068508393913276,0.0051807482100792,0.01538165271371838,0.0,0.007073902721292052,0.3999999999999999,0.39999999999999997,0.014152733929893958,0.6887966804979253,0.0,0.0,0.6887966804979253,0.0,zero_day_obfuscated_memory_attack,1
0.00743061120419611,0.0,ssh,0.0,0.0,0.0,0.0,0.0,0.0,0.0,0.0,0.0,0.0,0.010901359826634113,0.0,0.00480571525509837,0.7391304347826086,0.7391304347826086,0.0,0.3402489626556016,0.0,0.0,0.3402489626556016,0.0,brute_force_only,1
0.005827930356232242,0.0,ssh,0.0,0.0,0.0,0.0,0.0,0.0,0.0,0.0,0.0,0.0,0.010171361311451094,0.0,0.006132432838114254,0.28695652173913044,0.28695652173913044,0.0,0.05394190871369292,0.0,0.0,0.05394190871369292,0.0,evasion_anti_forensics,1
0.004407372331900633,0.0,ssh,0.0,0.0,0.0,0.0,0.0,0.0,0.0,0.0,0.0,0.0,0.005742606319538747,0.0,0.0027502466917547663,0.7130434782608696,0.7130434782608694,0.0,1.0,0.0,0.0,1.0,0.0,brute_force_only,1
0.05817002986814307,0.0,ssh,0.1,0.40000000000000013,0.07142857142857142,0.1421411387329591,0.030526795478543988,0.0,0.0,0.02020135816365642,0.030619892160838064,0.0,0.046477399464969496,0.0,0.0394565439114284,0.23478260869565218,0.23478260869565215,0.047283913636390375,0.3402489626556016,0.0,0.0,0.3402489626556016,0.0,botnet_malware_download,1
0.009798207911415457,0.0,ssh,0.2,0.19999999999999996,0.6530612244897959,0.8678829190056134,0.9082517486687467,0.0,0.0,0.8956522069752043,0.9066128136513982,0.005502129883250235,0.010656226325235654,0.0,0.006167960003517189,0.5043478260869564,0.5043478260869565,0.008479310213177707,0.6887966804979253,0.0,0.0,0.6887966804979253,0.0,zero_day_obfuscated_memory_attack,1
0.22524950826837617,0.0,ssh,0.1,0.19999999999999996,0.49999999999999994,0.0876102646351243,0.005537658478577411,0.0,0.0,0.03779202839130674,0.005043830713826115,0.0,0.2257951107327448,0.0,0.2158586901074904,0.13043478260869565,0.13043478260869562,0.3425208098586716,0.5394190871369295,0.0,0.0,0.5394190871369295,0.0,zero_day_covert_tunnel,1
0.12511837983536098,0.0,ssh,0.4,0.19999999999999996,0.5918367346938775,0.19486768243785085,0.0209252430014483,0.0,0.0,0.0797582726754856,0.02000270782802005,0.05374243162191769,0.12576677219038537,0.054917241832960484,0.12322582517022693,0.7043478260869565,0.7043478260869565,0.08020049807325628,0.05394190871369292,0.0,0.0,0.05394190871369292,0.0,evasion_anti_forensics,1
0.6226415094339623,0.0,ssh,0.30000000000000004,0.6000000000000001,0.3877551020408163,0.7325581395348837,0.015337533194045556,0.0,0.0,0.010685425381055247,0.015376292012402001,0.4715793035793155,0.415347547183089,0.8105590212044606,0.3041573888954515,0.7217391304347825,0.7217391304347824,0.31669521208598717,0.0580912863070539,0.0,0.0,0.0580912863070539,0.0,privilege_escalation,1
0.16627813797625118,0.0,ssh,0.6000000000000001,0.19999999999999996,0.9999999999999999,0.15978348035284684,0.013755477524842028,0.0,0.0,0.10195135313938875,0.012407951894658239,0.05648926244838079,0.16685692861300722,0.03722186382242735,0.16213769322707158,0.23478260869565218,0.23478260869565215,0.060843843272671866,1.0,0.0,0.0,1.0,0.0,botnet_malware_download,1
0.012967145042616738,0.0,ssh,0.0,0.40000000000000013,0.0,0.010625501202886928,0.008750972334618376,0.0,0.0,0.0,0.008864321377830409,0.0,0.009156663375346697,0.0,0.007198173785274404,0.4260869565217391,0.42608695652173906,0.0,0.6390041493775933,0.0,0.0,0.6390041493775933,0.0,zero_day_buffer_overflow,1
0.1467909958475996,0.0,ssh,0.30000000000000004,0.19999999999999996,0.4183673469387755,0.10505212510024058,0.009815074855375056,0.0,0.0,0.048210699861475054,0.009220738841322091,0.1483163678230926,0.14688095724413297,0.009879563587734157,0.1404922496008375,0.7913043478260868,0.7913043478260868,0.016561322169842494,0.05394190871369292,0.0,0.0,0.05394190871369292,0.0,evasion_anti_forensics,1
0.12045603555037517,0.0,ssh,0.2,0.19999999999999996,0.4591836734693877,0.3554530874097835,0.03833151452353752,0.0,0.0,0.0642227542413721,0.03786692984139237,0.15490563760512527,0.12079592030109812,0.0,0.11467258608454221,0.29565217391304344,0.29565217391304344,0.07597353067408982,0.2987551867219917,0.0,0.0,0.2987551867219917,0.0,privilege_escalation,1
0.008996867487433525,0.0,ssh,0.0,0.0,0.0,0.0,0.0,0.0,0.0,0.0,0.0,0.0,0.012653356263073364,0.0,0.006175139451525699,0.817391304347826,0.817391304347826,0.0,1.0,0.0,0.0,1.0,0.0,brute_force_only,1
0.0108180957237561,0.0,ssh,0.0,0.40000000000000013,0.0,0.0032076984763432237,0.0030596718975262633,0.0,0.0,0.0,0.003099306048194597,0.0,0.007254579244185818,0.0,0.003935151672870598,0.417391304347826,0.41739130434782606,0.0,0.6390041493775933,0.0,0.0,0.6390041493775933,0.0,zero_day_buffer_overflow,1
0.001238435200699352,0.0,ssh,0.0,0.0,0.0,0.0,0.0,0.0,0.0,0.0,0.0,0.0,0.001313997327329436,0.0,0.0013227947918359759,0.3217391304347825,0.3217391304347826,0.0,0.3402489626556016,0.0,0.0,0.3402489626556016,0.0,brute_force_only,1
0.005718656662052889,0.0,ssh,0.0,0.0,0.0,0.0,0.0,0.0,0.0,0.0,0.0,0.0,0.008905981885232846,0.0,0.003341403921074033,0.6695652173913043,0.6695652173913043,0.0,0.3402489626556016,0.0,0.0,0.3402489626556016,0.0,brute_force_only,1
0.32279449260581333,0.0,ssh,0.1,0.40000000000000013,0.21428571428571427,0.3803127506014435,0.015306376830313329,0.0,0.0,0.011343800587812158,0.015334878639612089,0.0,0.25677566371829996,0.0,0.2842535905381684,0.591304347826087,0.5913043478260869,0.19808729350323634,0.2987551867219917,0.0,0.0,0.2987551867219917,0.0,privilege_escalation,1
0.2075835943760472,0.0,ssh,0.5,0.19999999999999996,0.7551020408163265,0.3364073777064956,0.021639449856792715,0.0,0.0,0.06186687060667021,0.020993910271639167,0.10631846728648632,0.20705969884057257,0.09035959535489727,0.20031636940791314,0.4869565217391303,0.48695652173913034,0.020601780269899832,1.0,0.0,0.0,1.0,0.0,evasion_anti_forensics,1
0.4726087273257084,0.0,ssh,0.4,0.6000000000000001,0.25510204081632654,0.2854851643945469,0.007919337087304254,0.0,0.0,0.00924857535607875,0.007883508855277613,0.26978597904417195,0.3145585501879089,0.5191772220267619,0.1986833780531528,0.7826086956521738,0.7826086956521738,0.16446607993324883,0.04564315352697096,0.0,0.0,0.04564315352697096,0.0,reconnaissance,0
0.02975886938151089,0.0,ssh,0.2,0.19999999999999996,0.2755102040816326,0.17361668003207698,0.07132867154814417,0.0,0.0,0.14597914648284063,0.07006801192295103,0.023647820935241225,0.029931837118643306,0.0,0.02172404747968808,0.4347826086956521,0.43478260869565216,0.021881739263229442,0.05394190871369292,0.0,0.0,0.05394190871369292,0.0,evasion_anti_forensics,1
0.3859546878414803,0.0,ssh,0.5,0.40000000000000013,0.3469387755102041,0.3582598235765838,0.012171053743743103,0.0,0.0,0.015381984056444644,0.012098515768436121,0.16981276496106093,0.308053533419113,0.2149171694154154,0.21226733777482112,0.6347826086956521,0.6347826086956521,0.13091366834032905,0.0,0.0,0.0,0.0,0.0,reconnaissance,0
0.2544984337437167,0.0,ssh,0.30000000000000004,0.19999999999999996,0.22448979591836732,0.3067361668003208,0.01567352690137309,0.0,0.0,0.015038764714541027,0.015651486737599477,0.1293328974798218,0.2546884519636887,0.14774069328936784,0.2445467281405052,0.5130434782608695,0.5130434782608695,0.20799766177086484,0.004149377593360981,0.0,0.0,0.004149377593360981,0.0,reconnaissance,0
0.013622787207692869,0.0,ssh,0.2,0.19999999999999996,0.6530612244897959,0.3582598235765838,0.29339859992374395,0.0,0.0,0.6866666920143234,0.2869230250658716,0.014632937568259693,0.013547458444469524,0.0,0.009751170694114955,0.29565217391304344,0.29565217391304344,0.007911419963231024,0.6887966804979253,0.0,0.0,0.6887966804979253,0.0,zero_day_obfuscated_memory_attack,1
0.48808916733445035,0.0,ssh,0.1,0.19999999999999996,0.49999999999999994,0.0677626303127506,0.0020483953909181396,0.0,0.0,0.017555545617664755,0.0018122121277128556,0.0,0.48820782298528803,0.0,0.4855473270693019,0.3913043478260869,0.39130434782608686,0.7636029813344215,0.5394190871369295,0.0,0.0,0.5394190871369295,0.0,zero_day_covert_tunnel,1
0.29299919865957597,0.0,ssh,0.1,0.19999999999999996,0.49999999999999994,0.02846832397754611,0.001677807277889757,0.0,0.0,0.02913526046739027,0.0012635305476878993,0.0,0.2935562009066874,0.0,0.2870092403196616,0.9826086956521739,0.9826086956521738,0.45102798689106066,0.5394190871369295,0.0,0.0,0.5394190871369295,0.0,zero_day_covert_tunnel,1
0.07689225613753915,0.0,ssh,0.2,0.19999999999999996,0.14285714285714285,0.1599839615076183,0.026483258682885553,0.0,0.0,0.030907061670064157,0.026363767207312164,0.0547880525273639,0.07700199537794142,0.0,0.06737312435070404,0.6782608695652174,0.6782608695652173,0.07377648111971094,0.3402489626556016,0.0,0.0,0.3402489626556016,0.0,botnet_malware_download,1
0.004115975814089021,0.0,ssh,0.0,0.0,0.0,0.0,0.0,0.0,0.0,0.0,0.0,0.0,0.0066673684385725965,0.0,0.004633482517822055,0.21739130434782608,0.21739130434782605,0.0,0.5394190871369295,0.0,0.0,0.5394190871369295,0.0,zero_day_covert_tunnel,1
0.007758432286734172,0.0,ssh,0.0,0.40000000000000013,0.0,0.006415396952686447,0.00789798128304274,0.0,0.0,0.0,0.008000285282088583,0.0,0.004384517081892256,0.0,0.004907855855631811,0.5565217391304347,0.5565217391304347,0.0,0.6390041493775933,0.0,0.0,0.6390041493775933,0.0,zero_day_buffer_overflow,1
0.011109492241567712,0.0,ssh,0.0,0.40000000000000013,0.0,0.0008019246190858059,0.0007488583239825011,0.0,0.0,0.0,0.0007585572630388726,0.0,0.009565900542958297,0.0,0.006858815340748444,0.6869565217391304,0.6869565217391302,0.0,0.6390041493775933,0.0,0.0,0.6390041493775933,0.0,zero_day_buffer_overflow,1
0.0077220077220077205,0.0,ssh,0.0,0.0,0.0,0.0,0.0,0.0,0.0,0.0,0.0,0.0,0.008857363984121656,0.0,0.005862722440763633,0.7999999999999999,0.7999999999999998,0.0,1.0,0.0,0.0,1.0,0.0,brute_force_only,1
0.003423909084286443,0.0,ssh,0.0,0.0,0.0,0.0,0.0,0.0,0.0,0.0,0.0,0.0,0.003065993763768685,0.0,0.0019835260534026584,0.7739130434782607,0.7739130434782608,0.0,0.38174273858921165,0.0,0.0,0.38174273858921165,0.0,brute_force_only,1
0.13600932468856997,0.0,ssh,0.5,0.19999999999999996,0.7551020408163265,0.08159582999198076,0.009005009398337092,0.0,0.0,0.09377462155194165,0.007718320490104499,0.06978504178372831,0.13664696206007917,0.0689938547678203,0.1332723894416817,0.4869565217391303,0.48695652173913034,0.01531452423000322,1.0,0.0,0.0,1.0,0.0,evasion_anti_forensics,1
0.003096088001748379,0.0,ssh,0.0,0.0,0.0,0.0,0.0,0.0,0.0,0.0,0.0,0.0,0.004331373189986932,0.0,0.003354060473748829,0.28695652173913044,0.28695652173913044,0.0,0.004149377593360981,0.0,0.0,0.004149377593360981,0.0,reconnaissance,0
0.30399941720696433,0.0,ssh,0.4,0.19999999999999996,0.26530612244897955,0.19526864474739375,0.008469323942143375,0.0,0.0,0.014905146352843363,0.008355973897675143,0.17565395292058578,0.303131591430343,0.21186627858908896,0.30527716073999533,0.6434782608695652,0.6434782608695653,0.10804718996693007,0.004149377593360981,0.0,0.0,0.004149377593360981,0.0,reconnaissance,0
0.6293436293436293,0.0,ssh,0.4,0.19999999999999996,0.6938775510204082,0.2888933440256616,0.006202313305797328,0.0,0.0,0.018918525328857176,0.005999537270992816,0.31813201033814714,0.6324984534981456,0.11983082054509893,0.6331083723614047,0.6434782608695652,0.6434782608695653,0.31911533460541053,0.0580912863070539,0.0,0.0,0.0580912863070539,0.0,privilege_escalation,1
0.007758432286734172,0.0,ssh,0.0,0.40000000000000013,0.0,0.013031275060144346,0.016042781168243522,0.0,0.0,0.0,0.016250580749307325,0.0,0.005170433483338295,0.0,0.003336814995542821,0.5217391304347825,0.5217391304347825,0.0,0.6390041493775933,0.0,0.0,0.6390041493775933,0.0,zero_day_buffer_overflow,1
0.22135207984264585,0.0,ssh,0.1,0.19999999999999996,0.49999999999999994,0.09442662389735365,0.0060281001584081405,0.0,0.0,0.03844925691835622,0.005530792333330351,0.0,0.22335749969084565,0.0,0.21214454700939722,0.19130434782608693,0.19130434782608696,0.33751579763752576,0.5394190871369295,0.0,0.0,0.5394190871369295,0.0,zero_day_covert_tunnel,1
0.06254097763531725,0.0,ssh,0.30000000000000004,0.19999999999999996,0.47959183673469385,0.11106655974338411,0.02390882860503416,0.0,0.0,0.12655988423121672,0.02232455624129165,0.04508452938179945,0.06409489163099043,0.025622685278780394,0.056955153170932735,0.1565217391304348,0.15652173913043477,0.02643034004555348,0.3402489626556016,0.0,0.0,0.3402489626556016,0.0,botnet_malware_download,1
0.09750855977271072,0.0,ssh,0.5,0.19999999999999996,0.8673469387755102,0.17461908580593424,0.024769416160129672,0.0,0.0,0.1490703535678245,0.02285942493425225,0.038950817504868,0.09886180091509696,0.06322247816460146,0.0951809768608611,0.6782608695652174,0.6782608695652173,0.0387260549799886,1.0,0.0,0.0,1.0,0.0,botnet_malware_download,1
0.4883441392875355,0.0,ssh,0.4,0.40000000000000013,0.2857142857142857,0.35264635124298316,0.009453709539577847,0.0,0.0,0.01002650701022639,0.009426113188575006,0.2975970450973551,0.3913811119308183,0.40723508605920017,0.2809209943935172,0.7826086956521738,0.7826086956521738,0.12978227086663616,0.004149377593360981,0.0,0.0,0.004149377593360981,0.0,reconnaissance,0
0.2826910468419902,0.0,ssh,0.2,0.40000000000000013,0.31632653061224486,0.47955092221331197,0.022052999228694543,0.0,0.0,0.01909813158197924,0.022052848606257343,0.20628954375805922,0.2248554566440012,0.0,0.15927146514326182,0.1217391304347826,0.12173913043478263,0.28890030910715564,0.2987551867219917,0.0,0.0,0.2987551867219917,0.0,privilege_escalation,1
0.015480440008741896,0.0,ssh,0.2,0.19999999999999996,0.6530612244897959,0.32698476343223737,0.2413215510921782,0.0,0.0,0.6167664851351986,0.23521748262886075,0.004856735630399731,0.015357416763014305,0.0,0.008102118099995352,0.4782608695652174,0.47826086956521735,0.014226380304341191,0.6887966804979253,0.0,0.0,0.6887966804979253,0.0,zero_day_obfuscated_memory_attack,1
0.0037881547315509576,0.0,ssh,0.0,0.0,0.0,0.0,0.0,0.0,0.0,0.0,0.0,0.0,0.005109989606281142,0.0,0.0024943030709977834,0.5391304347826086,0.5391304347826087,0.0,0.0580912863070539,0.0,0.0,0.0580912863070539,0.0,privilege_escalation,1
0.002476870401398703,0.0,ssh,0.0,0.0,0.0,0.0,0.0,0.0,0.0,0.0,0.0,0.0,0.003114611664879874,0.0,0.0037612165922520572,0.1565217391304348,0.15652173913043477,0.0,1.0,0.0,0.0,1.0,0.0,brute_force_only,1
0.1809936621257376,0.0,ssh,0.6000000000000001,0.19999999999999996,0.9999999999999999,0.22153167602245388,0.017008599912474016,0.0,0.0,0.09378717467715986,0.015825391473444625,0.06126082248056993,0.18039971506697958,0.05415685760960546,0.17434268082661059,0.6869565217391304,0.6869565217391302,0.0630843770606711,1.0,0.0,0.0,1.0,0.0,botnet_malware_download,1
0.37247759889269316,0.0,ssh,0.1,0.19999999999999996,0.49999999999999994,0.053929430633520445,0.0022017591676138045,0.0,0.0,0.022964313094496844,0.0018866187382004255,0.0,0.3732800687483402,0.0,0.3680315315435339,0.3826086956521738,0.38260869565217387,0.5809742175404325,0.5394190871369295,0.0,0.0,0.5394190871369295,0.0,zero_day_covert_tunnel,1
0.1033000655642165,0.0,ssh,0.4,0.19999999999999996,0.6122448979591836,0.2532076984763432,0.03240653422558654,0.0,0.0,0.09948062047925296,0.031337571623339486,0.05331351164521437,0.10295577858794636,0.03147839814804198,0.09099506261218812,0.3826086956521738,0.38260869565217387,0.039408999667697404,0.3402489626556016,0.0,0.0,0.3402489626556016,0.0,botnet_malware_download,1
0.011619436147738034,0.0,ssh,0.0,0.40000000000000013,0.0,0.003007217321571772,0.00270868490343931,0.0,0.0,0.0,0.0027437691630269483,0.0,0.008742170218425776,0.0,0.005746815063636555,0.9043478260869563,0.9043478260869564,0.0,0.6390041493775933,0.0,0.0,0.6390041493775933,0.0,zero_day_buffer_overflow,1
0.007357762074743207,0.0,ssh,0.0,0.0,0.0,0.0,0.0,0.0,0.0,0.0,0.0,0.0,0.010317361014487698,0.0,0.004979576320788988,0.7391304347826086,0.7391304347826086,0.0,0.0580912863070539,0.0,0.0,0.0580912863070539,0.0,privilege_escalation,1
0.007685583157281269,0.0,ssh,0.0,0.40000000000000013,0.0,0.01623897353648757,0.02013109097103273,0.0,0.0,0.0,0.020391843066246484,0.0,0.003323975239034364,0.0,0.0039676442262287,0.5391304347826086,0.5391304347826087,0.0,0.6390041493775933,0.0,0.0,0.6390041493775933,0.0,zero_day_buffer_overflow,1
0.0036424564726451514,0.0,ssh,0.0,0.0,0.0,0.0,0.0,0.0,0.0,0.0,0.0,0.0,0.0058399881214641625,0.0,0.0013227947918359759,0.6260869565217391,0.6260869565217391,0.0,1.0,0.0,0.0,1.0,0.0,brute_force_only,1
0.008924018357980621,0.0,ssh,0.0,0.0,0.0,0.0,0.0,0.0,0.0,0.0,0.0,0.0,0.013334590877442156,0.0,0.0074711408394536275,0.591304347826087,0.5913043478260869,0.0,0.2987551867219917,0.0,0.0,0.2987551867219917,0.0,privilege_escalation,1
0.22171632548991038,0.0,ssh,0.2,0.19999999999999996,0.17346938775510204,0.37289494787489974,0.021723824542367015,0.0,0.0,0.01331790023150256,0.02180590644632384,0.3007190267487554,0.22284664672992055,0.0,0.2195554396975217,0.28695652173913044,0.28695652173913044,0.13147475336538555,0.04564315352697096,0.0,0.0,0.04564315352697096,0.0,reconnaissance,0
0.2913236686821592,0.0,ssh,0.1,0.19999999999999996,0.49999999999999994,0.08400160384923817,0.004134480851882318,0.0,0.0,0.029301227267150235,0.0037495458552767396,0.0,0.29063080485694287,0.0,0.2844677897395769,0.6695652173913043,0.6695652173913043,0.4526919797195071,0.5394190871369295,0.0,0.0,0.5394190871369295,0.0,zero_day_covert_tunnel,1
0.008741895534348364,0.0,ssh,0.0,0.0,0.0,0.0,0.0,0.0,0.0,0.0,0.0,0.0,0.01202059355011272,0.0,0.00835421294450035,0.5130434782608695,0.5130434782608695,0.0,0.05394190871369292,0.0,0.0,0.05394190871369292,0.0,evasion_anti_forensics,1
0.004698768849712246,0.0,ssh,0.0,0.0,0.0,0.0,0.0,0.0,0.0,0.0,0.0,0.0,0.008565364578048448,0.0,0.004415878629729073,0.30434782608695654,0.3043478260869565,0.0,0.05394190871369292,0.0,0.0,0.05394190871369292,0.0,evasion_anti_forensics,1
0.11663145625409777,0.0,ssh,0.4,0.19999999999999996,0.5918367346938775,0.2772654370489174,0.031355891425150995,0.0,0.0,0.08542745714903197,0.03048362379414067,0.07472613085405475,0.1175591068847766,0.09121698891468429,0.11318762458562742,0.5304347826086956,0.5304347826086957,0.023593253323112424,1.0,0.0,0.0,1.0,0.0,evasion_anti_forensics,1
0.2803598746994973,0.0,ssh,0.1,0.19999999999999996,0.49999999999999994,0.0946271050521251,0.004780939734990304,0.0,0.0,0.030435897013436488,0.004387394344814554,0.0,0.27974550499764284,0.0,0.27950272034466084,0.29565217391304344,0.29565217391304344,0.43970265088884886,0.5394190871369295,0.0,0.0,0.5394190871369295,0.0,zero_day_covert_tunnel,1
0.015589713702921249,0.0,ssh,0.2,0.19999999999999996,0.6530612244897959,0.7921010425020047,0.5682234420281002,0.0,0.0,0.6130952391729446,0.5664086214828032,0.006312860166990214,0.014309722894023635,0.0,0.00812232417531827,0.6260869565217391,0.6260869565217391,0.01345260316576755,0.6887966804979253,0.0,0.0,0.6887966804979253,0.0,zero_day_obfuscated_memory_attack,1
0.267829824433598,0.0,ssh,0.2,0.19999999999999996,0.14285714285714285,0.5958299919807538,0.028669724983319437,0.0,0.0,0.009098662072222836,0.028904922071658755,0.3253956965604515,0.26948084987595133,0.0,0.26648179217970114,0.5739130434782608,0.5739130434782609,0.18859861849321016,1.0,0.0,0.0,1.0,0.0,reconnaissance,0
0.012238653748087708,0.0,ssh,0.0,0.0,0.0,0.0,0.0,0.0,0.0,0.0,0.0,0.0,0.01586534972987865,0.0,0.010002229329629034,0.8869565217391303,0.8869565217391304,0.0,0.38174273858921165,0.0,0.0,0.38174273858921165,0.0,brute_force_only,1
0.010381000947038681,0.0,ssh,0.0,0.0,0.0,0.0,0.0,0.0,0.0,0.0,0.0,0.0,0.013139973273294364,0.0,0.009351490083331927,0.7217391304347825,0.7217391304347824,0.0,0.6887966804979253,0.0,0.0,0.6887966804979253,0.0,zero_day_obfuscated_memory_attack,1
0.404968310628688,0.0,ssh,0.5,0.19999999999999996,0.846938775510204,0.4330392943063352,0.014292496827193697,0.0,0.0,0.03579903870822548,0.013941894949876178,0.17268522157330182,0.40572499875535256,0.06717300611867909,0.4020600426858892,0.5043478260869564,0.5043478260869565,0.14817039221971323,0.2987551867219917,0.0,0.0,0.2987551867219917,0.0,privilege_escalation,1
0.1774604793472718,0.0,ssh,0.2,0.19999999999999996,0.21428571428571427,0.4404570970328789,0.03197392583264705,0.0,0.0,0.02049122672338265,0.03208143090520369,0.06057851332077295,0.17577780246794977,0.0,0.17161893147905216,0.5130434782608695,0.5130434782608695,0.23380076769857328,0.004149377593360981,0.0,0.0,0.004149377593360981,0.0,reconnaissance,0
0.01129161506519997,0.0,ssh,0.0,0.40000000000000013,0.0,0.0016038492381716118,0.0014783152493039072,0.0,0.0,0.0,0.001497462727357116,0.0,0.009048769594802646,0.0,0.00645202929688483,0.4695652173913043,0.46956521739130436,0.0,0.6390041493775933,0.0,0.0,0.6390041493775933,0.0,zero_day_buffer_overflow,1
0.35164274786916294,0.0,ssh,0.1,0.19999999999999996,0.49999999999999994,0.03368083400160385,0.0015907862986010207,0.0,0.0,0.024314317219526215,0.0012475266011219015,0.0,0.35152217100390415,0.0,0.3465255320415063,0.33043478260869563,0.33043478260869563,0.5444621098342536,0.5394190871369295,0.0,0.0,0.5394190871369295,0.0,zero_day_covert_tunnel,1
0.01777518758650834,0.0,ssh,0.0,0.40000000000000013,0.0,0.015236567762630313,0.009611666882721213,0.0,0.0,0.0,0.009736163461730809,0.0,0.012460344655658971,0.0,0.007544415618097183,0.7999999999999999,0.7999999999999998,0.0,0.6390041493775933,0.0,0.0,0.6390041493775933,0.0,zero_day_buffer_overflow,1
0.3652291105121293,0.0,ssh,0.1,0.19999999999999996,0.49999999999999994,0.0268644747393745,0.0012920047592201544,0.0,0.0,0.023416648063297203,0.0009583139721630913,0.0,0.36409011744070113,0.0,0.36318762458562737,0.7565217391304346,0.7565217391304346,0.5714712400238575,0.5394190871369295,0.0,0.0,0.5394190871369295,0.0,zero_day_covert_tunnel,1
0.4813141982953303,0.0,ssh,0.7000000000000001,0.40000000000000013,0.4693877551020408,0.2764635124298316,0.0076481098137424364,0.0,0.0,0.016711347946740226,0.007497088507760963,0.15274171700193734,0.38523423243357124,0.12660005057158566,0.28393140355692054,0.14782608695652175,0.14782608695652172,0.11183031829190239,1.0,0.0,0.0,1.0,0.0,reconnaissance,0
0.008231951628178042,0.0,ssh,0.0,0.40000000000000013,0.0,0.0008019246190858059,0.0009447482546551694,0.0,0.0,0.0,0.0009569881373121384,0.0,0.004480146887381232,0.0,0.00211867731178966,0.417391304347826,0.41739130434782606,0.0,0.6390041493775933,0.0,0.0,0.6390041493775933,0.0,zero_day_buffer_overflow,1
0.4147665185401034,0.0,ssh,0.4,0.40000000000000013,0.7448979591836734,0.6543704891740176,0.02076452523871602,0.0,0.0,0.030747009323531995,0.02057335961144029,0.1340532370509248,0.33100439473706106,0.080613551615907,0.2277684321595454,0.18260869565217389,0.18260869565217386,0.3709007891638674,0.0580912863070539,0.0,0.0,0.0580912863070539,0.0,privilege_escalation,1
0.27260144241276313,0.0,ssh,0.1,0.19999999999999996,0.49999999999999994,0.06856455493183641,0.003689090361001397,0.0,0.0,0.03129343237990537,0.0032685694589041554,0.0,0.27286658298937017,0.0,0.26868684491237665,0.16521739130434784,0.16521739130434782,0.4264692567045018,0.5394190871369295,0.0,0.0,0.5394190871369295,0.0,zero_day_covert_tunnel,1
0.009543235958330298,0.0,ssh,0.0,0.0,0.0,0.0,0.0,0.0,0.0,0.0,0.0,0.0,0.011436594737966304,0.0,0.009301233947272359,0.6,0.5999999999999999,0.0,0.2987551867219917,0.0,0.0,0.2987551867219917,0.0,privilege_escalation,1
0.10737961681357908,0.0,ssh,0.6000000000000001,0.19999999999999996,0.9999999999999999,0.24699278267842822,0.031371405411212715,0.0,0.0,0.15646704119639973,0.02943623684081929,0.03464007719079696,0.1074487734491948,0.035722669769356154,0.09328523251197487,0.19130434782608693,0.19130434782608696,0.03409261957212668,0.3402489626556016,0.0,0.0,0.3402489626556016,0.0,botnet_malware_download,1
0.10206163036351716,0.0,ssh,0.2,0.19999999999999996,0.14285714285714285,0.30834001603849237,0.03846494193653549,0.0,0.0,0.02348635411919639,0.038611698602612786,0.09952735764575962,0.10129167397273514,0.0,0.0906048559121792,0.6,0.5999999999999999,0.08071435022386306,0.04564315352697096,0.0,0.0,0.04564315352697096,0.0,reconnaissance,0
0.2805055729584031,0.0,ssh,0.1,0.19999999999999996,0.49999999999999994,0.06295108259823576,0.0033293442060483317,0.0,0.0,0.03042020560691373,0.002917231351816942,0.0,0.28213099414555787,0.0,0.2813690807671617,0.5478260869565217,0.5478260869565217,0.4406458665929088,0.5394190871369295,0.0,0.0,0.5394190871369295,0.0,zero_day_covert_tunnel,1
0.12737670284840097,0.0,ssh,0.5,0.19999999999999996,0.9387755102040816,0.13973536487570168,0.01575099697154153,0.0,0.0,0.1243178236453684,0.014094611616509232,0.054405584493700136,0.1283835248679104,0.05278756252802408,0.11681827884502369,0.4956521739130434,0.49565217391304334,0.03693276287862858,1.0,0.0,0.0,1.0,0.0,botnet_malware_download,1
0.0024040212719457998,0.0,ssh,0.0,0.0,0.0,0.0,0.0,0.0,0.0,0.0,0.0,0.0,0.0066673684385725965,0.0,0.0018571085565105454,0.3999999999999999,0.39999999999999997,0.0,1.0,0.0,0.0,1.0,0.0,botnet_malware_download,1
0.008741895534348364,0.0,ssh,0.0,0.0,0.0,0.0,0.0,0.0,0.0,0.0,0.0,0.0,0.013772589986551969,0.0,0.010630690082621382,0.11304347826086955,0.11304347826086955,0.0,0.5394190871369295,0.0,0.0,0.5394190871369295,0.0,zero_day_covert_tunnel,1
0.17174182268521893,0.0,ssh,0.1,0.40000000000000013,0.3061224489795918,0.6794306335204491,0.050902258478300655,0.0,0.0,0.03023245189271254,0.05110916241285546,0.0,0.1377802117550493,0.0,0.15033016579047795,0.7304347826086957,0.7304347826086954,0.128063028839505,0.2987551867219917,0.0,0.0,0.2987551867219917,0.0,privilege_escalation,1
0.45472426604502075,0.0,ssh,0.30000000000000004,0.19999999999999996,0.4693877551020408,0.7955092221331195,0.0227956448253852,0.0,0.0,0.01768264601049912,0.02282629261033726,0.30351995559029815,0.45512954626650287,0.20662732181210422,0.4507329994371905,0.8869565217391303,0.8869565217391304,0.28061950384374096,0.02074688796680496,0.0,0.0,0.02074688796680496,0.0,privilege_escalation,1
0.0071392146863844975,0.0,ssh,0.0,0.0,0.0,0.0,0.0,0.0,0.0,0.0,0.0,0.0,0.007397366953755617,0.0,0.005878931709978722,0.7478260869565218,0.7478260869565216,0.0,0.5394190871369295,0.0,0.0,0.5394190871369295,0.0,zero_day_covert_tunnel,1
0.001056312377067094,0.0,ssh,0.0,0.0,0.0,0.0,0.0,0.0,0.0,0.0,0.0,0.0,0.003990609883099499,0.0,0.002942019370002697,0.24347826086956517,0.2434782608695652,0.0,1.0,0.0,0.0,1.0,0.0,brute_force_only,1
0.022036861659503172,0.0,ssh,0.2,0.19999999999999996,0.6530612244897959,0.5358861267040899,0.2866763220009621,0.0,0.0,0.45374447956704267,0.28359933591966924,0.011603366507968196,0.022560458112028198,0.0,0.010278823115276474,0.3913043478260869,0.39130434782608686,0.013435186403760452,0.6887966804979253,0.0,0.0,0.6887966804979253,0.0,zero_day_obfuscated_memory_attack,1
0.5952502367596707,0.0,ssh,0.7000000000000001,0.19999999999999996,0.39795918367346933,0.3133520449077787,0.006959952189247405,0.0,0.0,0.0114689093790494,0.00687847365513452,0.18402755282613623,0.5972266772409385,0.1736316252247207,0.5905672563287944,0.4695652173913043,0.46956521739130436,0.15400160487964615,0.0,0.0,0.0,0.0,0.0,reconnaissance,0
0.007102790121658046,0.0,ssh,0.0,0.40000000000000013,0.0,0.00942261427425822,0.012370652765336275,0.0,0.0,0.0,0.012530890563422922,0.0,0.005843346114634003,0.0,0.002138069222905429,0.3826086956521738,0.38260869565217387,0.0,0.6390041493775933,0.0,0.0,0.6390041493775933,0.0,zero_day_buffer_overflow,1
0.015589713702921249,0.0,ssh,0.2,0.19999999999999996,0.6530612244897959,0.8769045709703288,0.6280885831913215,0.0,0.0,0.6130952391729446,0.6270491799318122,0.006112253545722031,0.017008235405249192,0.0,0.009662500810463461,0.060869565217391286,0.060869565217391314,0.007014860419647076,0.6887966804979253,0.0,0.0,0.6887966804979253,0.0,zero_day_obfuscated_memory_attack,1
0.006119326874043854,0.0,ssh,0.0,0.0,0.0,0.0,0.0,0.0,0.0,0.0,0.0,0.0,0.01075536012359751,0.0,0.0053579406323302535,0.3652173913043478,0.36521739130434777,0.0,0.04564315352697096,0.0,0.0,0.04564315352697096,0.0,reconnaissance,0
0.02079842645880382,0.0,ssh,0.2,0.19999999999999996,0.6530612244897959,0.545308740978348,0.3069227514338882,0.0,0.0,0.4775888995127757,0.3037511884273772,0.00871446673004959,0.020639832018581675,0.0,0.00992873250620171,0.19130434782608693,0.19130434782608696,0.014791502327213898,0.6887966804979253,0.0,0.0,0.6887966804979253,0.0,zero_day_obfuscated_memory_attack,1
0.01628178043272383,0.0,ssh,0.2,0.19999999999999996,0.6530612244897959,0.5834001603849238,0.40560510544381995,0.0,0.0,0.5908221928873388,0.402017225753958,0.012749290724048491,0.01647212449569878,0.0,0.012754400409509793,0.23478260869565218,0.23478260869565215,0.011950782306738244,0.6887966804979253,0.0,0.0,0.6887966804979253,0.0,zero_day_obfuscated_memory_attack,1
0.012712173089531579,0.0,ssh,0.0,0.40000000000000013,0.0,0.019847634322373697,0.01661538634483056,0.0,0.0,0.0,0.016830600982938013,0.0,0.008497620715839465,0.0,0.007426139763276576,0.3913043478260869,0.39130434782608686,0.0,0.6390041493775933,0.0,0.0,0.6390041493775933,0.0,zero_day_buffer_overflow,1
0.02943104829897283,0.0,ssh,0.2,0.19999999999999996,0.13265306122448978,0.23656776263031276,0.09626143036611909,0.0,0.0,0.07100186432014959,0.09644575187616176,0.026860404429525746,0.027114918848255065,0.0,0.021437461678771065,0.3652173913043478,0.36521739130434777,0.02071395113779323,1.0,0.0,0.0,1.0,0.0,botnet_malware_download,1
0.013331390689881257,0.0,ssh,0.0,0.40000000000000013,0.0,0.007818765036086608,0.006293706732651965,0.0,0.0,0.0,0.006375228110315106,0.0,0.008018011691364221,0.0,0.007559958752960967,0.5391304347826086,0.5391304347826087,0.0,0.6390041493775933,0.0,0.0,0.6390041493775933,0.0,zero_day_buffer_overflow,1
0.06407080935382822,0.0,ssh,0.1,0.40000000000000013,0.07142857142857142,0.19967923015236566,0.03898782389618632,0.0,0.0,0.018417909109217562,0.03921720412767685,0.0,0.04918262796253473,0.0,0.0460942766624715,0.7652173913043477,0.7652173913043478,0.06697287102864664,1.0,0.0,0.0,1.0,0.0,botnet_malware_download,1
0.009470386828877395,0.0,ssh,0.0,0.0,0.0,0.0,0.0,0.0,0.0,0.0,0.0,0.0,0.01518396911580682,0.0,0.005656960941138296,0.8521739130434782,0.8521739130434782,0.0,1.0,0.0,0.0,1.0,0.0,brute_force_only,1
0.14817512930720478,0.0,ssh,0.5,0.19999999999999996,0.9387755102040816,0.19987971130713714,0.018744433064668185,0.0,0.0,0.10718811866010595,0.017383161623374988,0.07312949946674814,0.14933273025722668,0.05694221743729998,0.14914304036152443,0.33043478260869563,0.33043478260869563,0.0274739616524424,0.38174273858921165,0.0,0.0,0.38174273858921165,0.0,botnet_malware_download,1
0.019377868434472208,0.0,ssh,0.2,0.19999999999999996,0.6530612244897959,0.7941058540497193,0.47220049907530226,0.0,0.0,0.50822371527967,0.47071130157368984,0.01556041432831148,0.018189519002518348,0.0,0.008975864324123804,0.7826086956521738,0.7826086956521738,0.008943795647631914,0.6887966804979253,0.0,0.0,0.6887966804979253,0.0,zero_day_obfuscated_memory_attack,1
0.39491513076418727,0.0,ssh,0.5,0.19999999999999996,0.29591836734693877,0.5864073777064955,0.019298856562877602,0.0,0.0,0.012824284793234638,0.01935691516726358,0.17713375561575218,0.394419219751307,0.17336428378746174,0.3962545337844099,0.6434782608695652,0.6434782608695653,0.12463031192498013,1.0,0.0,0.0,1.0,0.0,reconnaissance,0
0.007066365556931594,0.0,ssh,0.0,0.0,0.0,0.0,0.0,0.0,0.0,0.0,0.0,0.0,0.00983059800456366,0.0,0.006734100187198556,0.4521739130434782,0.45217391304347815,0.0,0.38174273858921165,0.0,0.0,0.38174273858921165,0.0,brute_force_only,1
0.007649158592554817,0.0,ssh,0.0,0.0,0.0,0.0,0.0,0.0,0.0,0.0,0.0,0.0,0.012993973570257762,0.0,0.007149545977629136,0.3652173913043478,0.36521739130434777,0.0,0.04564315352697096,0.0,0.0,0.04564315352697096,0.0,reconnaissance,0
0.005718656662052889,0.0,ssh,0.0,0.0,0.0,0.0,0.0,0.0,0.0,0.0,0.0,0.0,0.009587362499304678,0.0,0.006047907790426436,0.24347826086956517,0.2434782608695652,0.0,0.3402489626556016,0.0,0.0,0.3402489626556016,0.0,brute_force_only,1
0.008559772710716106,0.0,ssh,0.0,0.0,0.0,0.0,0.0,0.0,0.0,0.0,0.0,0.0,0.009684598301527056,0.0,0.00771694441508519,0.6869565217391304,0.6869565217391302,0.0,0.38174273858921165,0.0,0.0,0.38174273858921165,0.0,botnet_malware_download,1
0.002221898448313543,0.0,ssh,0.0,0.0,0.0,0.0,0.0,0.0,0.0,0.0,0.0,0.0,0.006277987230573974,0.0,0.001544691545748479,0.34782608695652173,0.34782608695652173,0.0,1.0,0.0,0.0,1.0,0.0,brute_force_only,1
0.010162453558679972,0.0,ssh,0.0,0.0,0.0,0.0,0.0,0.0,0.0,0.0,0.0,0.0,0.014113353293439402,0.0,0.008608602251770955,0.6869565217391304,0.6869565217391302,0.0,0.3402489626556016,0.0,0.0,0.3402489626556016,0.0,brute_force_only,1
0.007066365556931594,0.0,ssh,0.0,0.0,0.0,0.0,0.0,0.0,0.0,0.0,0.0,0.0,0.011436594737966304,0.0,0.0071373335145218765,0.3565217391304347,0.3565217391304347,0.0,0.6390041493775933,0.0,0.0,0.6390041493775933,0.0,zero_day_buffer_overflow,1
0.19396080716835432,0.0,ssh,0.5,0.19999999999999996,0.7551020408163265,0.2095028067361668,0.014778152353163546,0.0,0.0,0.06615092634520164,0.013979623441063987,0.08265486091219448,0.19584604564914315,0.0899148309321888,0.1868552004516687,0.33043478260869563,0.33043478260869563,0.0646090934644581,0.05394190871369292,0.0,0.0,0.05394190871369292,0.0,evasion_anti_forensics,1
0.007867705980913527,0.0,ssh,0.0,0.40000000000000013,0.0,0.0022052927024859663,0.0026870366516244483,0.0,0.0,0.0,0.002721844117494433,0.0,0.004839744155960387,0.0,0.001191492309700959,0.7999999999999999,0.7999999999999998,0.0,0.6390041493775933,0.0,0.0,0.6390041493775933,0.0,zero_day_buffer_overflow,1
0.0028046914839367667,0.0,ssh,0.0,0.0,0.0,0.0,0.0,0.0,0.0,0.0,0.0,0.0,0.0045259907941347256,0.0,0.001349662210671946,0.6,0.5999999999999999,0.0,0.2987551867219917,0.0,0.0,0.2987551867219917,0.0,privilege_escalation,1
0.0059372040504115965,0.0,ssh,0.0,0.0,0.0,0.0,0.0,0.0,0.0,0.0,0.0,0.0,0.011339358935743926,0.0,0.006996335076828975,0.1565217391304348,0.15652173913043477,0.0,1.0,0.0,0.0,1.0,0.0,brute_force_only,1
0.17443724047497633,0.0,ssh,0.4,0.40000000000000013,0.5918367346938775,0.21010425020048115,0.016215724665279152,0.0,0.0,0.05756036408649851,0.01556437902662897,0.08336980975586174,0.13940927644153173,0.1710719667458633,0.09063838467452823,0.7043478260869565,0.7043478260869565,0.08300032907299341,0.2987551867219917,0.0,0.0,0.2987551867219917,0.0,evasion_anti_forensics,1
0.018394405186858014,0.0,ssh,0.2,0.19999999999999996,0.6530612244897959,0.31976744186046513,0.20367343657074344,0.0,0.0,0.5318416358074034,0.19835260937498314,0.014251620556193369,0.018869877618668922,0.0,0.011689325596700948,0.23478260869565218,0.23478260869565215,0.010417761221729336,0.6887966804979253,0.0,0.0,0.6887966804979253,0.0,zero_day_obfuscated_memory_attack,1
0.010526699205944488,0.0,ssh,0.2,0.19999999999999996,0.6530612244897959,0.8007217321571772,0.7930184894330639,0.0,0.0,0.8465753414736729,0.7906213867415907,0.006017540911418364,0.012409682758705269,0.0,0.00899732865322141,0.1043478260869565,0.1043478260869565,0.012445602896211438,0.6887966804979253,0.0,0.0,0.6887966804979253,0.0,zero_day_obfuscated_memory_attack,1
0.010490274641218036,0.0,ssh,0.0,0.0,0.0,0.0,0.0,0.0,0.0,0.0,0.0,0.0,0.013821353887366194,0.0,0.00983591778658654,0.6260869565217391,0.6260869565217391,0.0,0.5394190871369295,0.0,0.0,0.5394190871369295,0.0,zero_day_covert_tunnel,1
0.08184599694033656,0.0,ssh,0.5,0.19999999999999996,0.6632653061224489,0.28869286287089013,0.04621164224009177,0.0,0.0,0.13509606973116214,0.04478851299864248,0.03837094926724321,0.0817643596912924,0.0274700870277848,0.07582111420888256,0.11304347826086955,0.11304347826086955,0.017317797889203786,1.0,0.0,0.0,1.0,0.0,botnet_malware_download,1
0.00888759379325417,0.0,ssh,0.0,0.0,0.0,0.0,0.0,0.0,0.0,0.0,0.0,0.0,0.012847973867221156,0.0,0.011361143406291328,0.07826086956521738,0.07826086956521741,0.0,1.0,0.0,0.0,1.0,0.0,evasion_anti_forensics,1
0.6268303343775042,0.0,ssh,0.4,0.40000000000000013,0.7755102040816326,0.6397353648757017,0.013481675286237322,0.0,0.0,0.021228662478388855,0.01333861661060398,0.30275649940788163,0.5012161045264434,0.36698978972962304,0.3441182705257458,0.3826086956521738,0.38260869565217387,0.3450242675473012,0.2987551867219917,0.0,0.0,0.2987551867219917,0.0,privilege_escalation,1
0.010381000947038681,0.0,ssh,0.0,0.0,0.0,0.0,0.0,0.0,0.0,0.0,0.0,0.0,0.013529354481292987,0.0,0.011242349446975263,0.408695652173913,0.40869565217391296,0.0,0.02074688796680496,0.0,0.0,0.02074688796680496,0.0,privilege_escalation,1
0.13870474247832737,0.0,ssh,0.30000000000000004,0.19999999999999996,0.44897959183673464,0.113672814755413,0.011220855978581655,0.0,0.0,0.054695535716387245,0.010547686382013638,0.09100988004052911,0.13845808837624826,0.15286619591239164,0.12904606304236288,0.4521739130434782,0.45217391304347815,0.07943963932769453,1.0,0.0,0.0,1.0,0.0,evasion_anti_forensics,1
0.613025424346179,0.0,ssh,0.5,0.40000000000000013,0.2755102040816326,0.3309943865276664,0.007079705895909585,0.0,0.0,0.0077108175168481945,0.00705601630840449,0.18712166331171276,0.4901469910410202,0.11760895974006928,0.5473811742142649,0.3739130434782608,0.3739130434782609,0.21110603474655554,1.0,0.0,0.0,1.0,0.0,reconnaissance,0
0.00648357252130837,0.0,ssh,0.0,0.0,0.0,0.0,0.0,0.0,0.0,0.0,0.0,0.0,0.009538598598490452,0.0,0.006449142714695841,0.3652173913043478,0.36521739130434777,0.0,0.5394190871369295,0.0,0.0,0.5394190871369295,0.0,zero_day_covert_tunnel,1
0.008851169228527718,0.0,ssh,0.0,0.0,0.0,0.0,0.0,0.0,0.0,0.0,0.0,0.0,0.01318859117440555,0.0,0.009119527299221926,0.3565217391304347,0.3565217391304347,0.0,1.0,0.0,0.0,1.0,0.0,brute_force_only,1
0.3096452247395643,0.0,ssh,0.2,0.19999999999999996,0.17346938775510204,0.6036487570168404,0.02518167448307648,0.0,0.0,0.009569585322596308,0.025364640461934016,0.27720661528287016,0.3115163543757352,0.0,0.305832420729272,0.23478260869565218,0.23478260869565215,0.28645486884428484,0.0580912863070539,0.0,0.0,0.0580912863070539,0.0,privilege_escalation,1
0.004407372331900633,0.0,ssh,0.0,0.0,0.0,0.0,0.0,0.0,0.0,0.0,0.0,0.0,0.009441362796268074,0.0,0.004544220514747179,0.20869565217391303,0.208695652173913,0.0,0.3402489626556016,0.0,0.0,0.3402489626556016,0.0,brute_force_only,1
0.055183215560574046,0.0,ssh,0.30000000000000004,0.19999999999999996,0.7244897959183673,0.23877305533279872,0.056578743950312226,0.0,0.0,0.21546003069842629,0.05408725572580047,0.048615699211089804,0.05312228394927445,0.050423129681115376,0.04872461917099136,0.3652173913043478,0.36521739130434777,0.013597300701780167,1.0,0.0,0.0,1.0,0.0,botnet_malware_download,1
0.005390835579514825,0.0,ssh,0.0,0.0,0.0,0.0,0.0,0.0,0.0,0.0,0.0,0.0,0.005255989309317746,0.0,0.0033775972208282745,0.9217391304347825,0.9217391304347824,0.0,0.0580912863070539,0.0,0.0,0.0580912863070539,0.0,privilege_escalation,1
0.00957966052305675,0.0,ssh,0.0,0.0,0.0,0.0,0.0,0.0,0.0,0.0,0.0,0.0,0.014940587610844802,0.0,0.006168700152796417,0.8347826086956521,0.834782608695652,0.0,0.6390041493775933,0.0,0.0,0.6390041493775933,0.0,zero_day_buffer_overflow,1
0.023093174036570262,0.0,ssh,0.2,0.19999999999999996,0.6530612244897959,0.3913392141138733,0.2025332406231792,0.0,0.0,0.4352112989714464,0.19864371411839205,0.009534816265711035,0.02363443192756546,0.0,0.011772296330902387,0.29565217391304344,0.29565217391304344,0.014968380502961483,0.6887966804979253,0.0,0.0,0.6887966804979253,0.0,zero_day_obfuscated_memory_attack,1
0.017920885845414146,0.0,ssh,0.2,0.19999999999999996,0.6530612244897959,0.75,0.4778267548968096,0.0,0.0,0.544014123714308,0.47587482952489096,0.010943666700978074,0.016875083676079802,0.0,0.010909874390746121,0.817391304347826,0.817391304347826,0.012412211157131604,0.6887966804979253,0.0,0.0,0.6887966804979253,0.0,zero_day_obfuscated_memory_attack,1
0.009033292052159976,0.0,ssh,0.0,0.0,0.0,0.0,0.0,0.0,0.0,0.0,0.0,0.0,0.014648588204771594,0.0,0.008854109767690826,0.3652173913043478,0.36521739130434777,0.0,0.004149377593360981,0.0,0.0,0.004149377593360981,0.0,reconnaissance,0
0.005645807532599986,0.0,ssh,0.0,0.0,0.0,0.0,0.0,0.0,0.0,0.0,0.0,0.0,0.006764604240794975,0.0,0.00447138982567116,0.6,0.5999999999999999,0.0,0.6887966804979253,0.0,0.0,0.6887966804979253,0.0,zero_day_obfuscated_memory_attack,1
0.006155751438770306,0.0,ssh,0.0,0.0,0.0,0.0,0.0,0.0,0.0,0.0,0.0,0.0,0.007737984260940014,0.0,0.005231523135438141,0.6260869565217391,0.6260869565217391,0.0,0.3402489626556016,0.0,0.0,0.3402489626556016,0.0,botnet_malware_download,1
0.011000218547388358,0.0,ssh,0.0,0.40000000000000013,0.0,0.013231756214915798,0.012454214304054925,0.0,0.0,0.0,0.012615529945614372,0.0,0.00877210015754828,0.0,0.005194885746116362,0.5130434782608695,0.5130434782608695,0.0,0.6390041493775933,0.0,0.0,0.6390041493775933,0.0,zero_day_buffer_overflow,1
0.0837036497413856,0.0,ssh,0.2,0.19999999999999996,0.2755102040816326,0.22854851643945467,0.03506342024774759,0.0,0.0,0.05491129255607519,0.034695847176637984,0.08931491852246976,0.08544048621405105,0.0,0.07823599926221919,0.25217391304347825,0.25217391304347825,0.061852227655764966,1.0,0.0,0.0,1.0,0.0,evasion_anti_forensics,1
0.0013841334596051582,0.0,ssh,0.0,0.0,0.0,0.0,0.0,0.0,0.0,0.0,0.0,0.0,0.003017375862657496,0.0,0.0023706241264388125,0.19130434782608693,0.19130434782608696,0.0,1.0,0.0,0.0,1.0,0.0,brute_force_only,1
0.006884242733299337,0.0,ssh,0.0,0.0,0.0,0.0,0.0,0.0,0.0,0.0,0.0,0.0,0.00905198158826945,0.0,0.007322074774617143,0.3826086956521738,0.38260869565217387,0.0,0.3402489626556016,0.0,0.0,0.3402489626556016,0.0,botnet_malware_download,1
0.003824579296277409,0.0,ssh,0.0,0.0,0.0,0.0,0.0,0.0,0.0,0.0,0.0,0.0,0.0057913702203529725,0.0,0.001813957853531563,0.6347826086956521,0.6347826086956521,0.0,1.0,0.0,0.0,1.0,0.0,reconnaissance,0
0.010963793982661906,0.0,ssh,0.0,0.0,0.0,0.0,0.0,0.0,0.0,0.0,0.0,0.0,0.014453970600623799,0.0,0.008192342297133224,0.9130434782608695,0.9130434782608694,0.0,1.0,0.0,0.0,1.0,0.0,brute_force_only,1
0.005172288191156114,0.0,ssh,0.0,0.0,0.0,0.0,0.0,0.0,0.0,0.0,0.0,0.0,0.009392598895453847,0.0,0.0052452899120317776,0.33043478260869563,0.33043478260869563,0.0,0.3402489626556016,0.0,0.0,0.3402489626556016,0.0,botnet_malware_download,1
0.007321337510016755,0.0,ssh,0.0,0.0,0.0,0.0,0.0,0.0,0.0,0.0,0.0,0.0,0.009343980994342659,0.0,0.006168182048300958,0.617391304347826,0.6173913043478261,0.0,0.3402489626556016,0.0,0.0,0.3402489626556016,0.0,brute_force_only,1
0.007976979675092881,0.0,ssh,0.0,0.0,0.0,0.0,0.0,0.0,0.0,0.0,0.0,0.0,0.011144595331893095,0.0,0.00709914181171372,0.5652173913043478,0.5652173913043477,0.0,0.3402489626556016,0.0,0.0,0.3402489626556016,0.0,brute_force_only,1
0.0778392948204269,0.0,ssh,0.30000000000000004,0.19999999999999996,0.4591836734693877,0.10585404971932638,0.018468740616267455,0.0,0.0,0.09817696635502929,0.017238754003491775,0.05467459468418763,0.07846768639672588,0.031231876754993945,0.07427686675270162,0.19999999999999998,0.2,0.042779546815852575,0.3402489626556016,0.0,0.0,0.3402489626556016,0.0,botnet_malware_download,1
0.01107306767684126,0.0,ssh,0.0,0.40000000000000013,0.0,0.009623095429029671,0.009009938209541069,0.0,0.0,0.0,0.009126641596351908,0.0,0.007192821369801334,0.0,0.003961130912571494,0.9130434782608695,0.9130434782608694,0.0,0.6390041493775933,0.0,0.0,0.6390041493775933,0.0,zero_day_buffer_overflow,1
0.060537626575362415,0.0,ssh,0.2,0.19999999999999996,0.31632653061224486,0.36988773055332796,0.07699228219494128,0.0,0.0,0.08611733587196149,0.07670081145093866,0.03376053225869573,0.06011420972769742,0.0,0.049064273675229,0.408695652173913,0.40869565217391296,0.057863673813344674,1.0,0.0,0.0,1.0,0.0,evasion_anti_forensics,1
0.4447803598746995,0.0,ssh,0.30000000000000004,0.19999999999999996,0.3877551020408163,0.35565356856455493,0.01051904604635231,0.0,0.0,0.014931942447059154,0.010431844722962026,0.4058886100493394,0.4469859748305272,0.20557968132659288,0.4387123090081792,0.4434782608695652,0.44347826086956516,0.11981128996036705,0.02074688796680496,0.0,0.0,0.02074688796680496,0.0,privilege_escalation,1
0.11586654039484229,0.0,ssh,0.1,0.6000000000000001,0.1020408163265306,0.09362469927826784,0.010446354997177595,0.0,0.0,0.014823852796742752,0.010359826963415036,0.0,0.07524737094684751,0.0,0.056763972612108186,0.20869565217391303,0.208695652173913,0.051454593751719326,0.2987551867219917,0.0,0.0,0.2987551867219917,0.0,evasion_anti_forensics,1
0.1175056458075326,0.0,ssh,0.6000000000000001,0.19999999999999996,0.9999999999999999,0.18604651162790697,0.022163301886376593,0.0,0.0,0.14329386401428787,0.02030599435649003,0.03688555589574639,0.11587733630549797,0.029758632322243593,0.10048303622260966,0.7304347826086957,0.7304347826086954,0.038381064680894354,0.3402489626556016,0.0,0.0,0.3402489626556016,0.0,botnet_malware_download,1
0.012092955489181902,0.0,ssh,0.0,0.40000000000000013,0.0,0.01764234161988773,0.015384617250134486,0.0,0.0,0.0,0.015583889932817754,0.0,0.007559572623829284,0.0,0.0041316613065055866,0.9913043478260869,0.9913043478260868,0.0,0.6390041493775933,0.0,0.0,0.6390041493775933,0.0,zero_day_buffer_overflow,1
0.2966416551322211,0.0,ssh,0.1,0.19999999999999996,0.49999999999999994,0.07738572574178026,0.003774691899726325,0.0,0.0,0.028780815734666523,0.003392882733011585,0.0,0.2958635802134778,0.0,0.2906342694445357,0.6347826086956521,0.6347826086956521,0.45922972466867495,0.5394190871369295,0.0,0.0,0.5394190871369295,0.0,zero_day_covert_tunnel,1
0.009834632476141908,0.0,ssh,0.0,0.0,0.0,0.0,0.0,0.0,0.0,0.0,0.0,0.0,0.012799355966109966,0.0,0.008928198710541532,0.6347826086956521,0.6347826086956521,0.0,0.3402489626556016,0.0,0.0,0.3402489626556016,0.0,brute_force_only,1
0.008924018357980621,0.0,ssh,0.0,0.0,0.0,0.0,0.0,0.0,0.0,0.0,0.0,0.0,0.013431972679367571,0.0,0.007570764932437694,0.5652173913043478,0.5652173913043477,0.0,1.0,0.0,0.0,1.0,0.0,brute_force_only,1
0.012602899395352224,0.0,ssh,0.0,0.40000000000000013,0.0,0.020048115477145148,0.01690252704501477,0.0,0.0,0.0,0.017121464583359728,0.0,0.00952794062016878,0.0,0.0019439280669639699,0.9130434782608695,0.9130434782608694,0.0,0.6390041493775933,0.0,0.0,0.6390041493775933,0.0,zero_day_buffer_overflow,1
0.08869381510890945,0.0,ssh,0.5,0.19999999999999996,0.9285714285714285,0.14795509222133119,0.02354897545707377,0.0,0.0,0.1749738481587251,0.02123552561008022,0.024606950789222624,0.0884975739959345,0.00922222349623459,0.07988601405040179,0.7391304347826086,0.7391304347826086,0.06265460980743635,0.3402489626556016,0.0,0.0,0.3402489626556016,0.0,botnet_malware_download,1
0.008632621840169009,0.0,ssh,0.0,0.0,0.0,0.0,0.0,0.0,0.0,0.0,0.0,0.0,0.014453970600623799,0.0,0.0075290945280171665,0.4521739130434782,0.45217391304347815,0.0,0.38174273858921165,0.0,0.0,0.38174273858921165,0.0,brute_force_only,1
0.1380855248779777,0.0,ssh,0.4,0.40000000000000013,0.7959183673469387,0.06475541299117883,0.007396640582199453,0.0,0.0,0.09738654192722698,0.006035062058477408,0.05481600590901602,0.10996887432330964,0.0463949037359608,0.11433115522203441,0.4260869565217391,0.42608695652173906,0.02632976112853236,0.3402489626556016,0.0,0.0,0.3402489626556016,0.0,botnet_malware_download,1
0.1824870692795221,0.0,ssh,0.30000000000000004,0.6000000000000001,0.4183673469387755,0.3137530072173216,0.022523369020351625,0.0,0.0,0.03892120614531002,0.022232656377923904,0.1355959348548085,0.12140400906424556,0.09205326069048922,0.09106552482357061,0.4782608695652174,0.47826086956521735,0.09525463594411364,0.05394190871369292,0.0,0.0,0.05394190871369292,0.0,evasion_anti_forensics,1
0.015480440008741896,0.0,ssh,0.2,0.19999999999999996,0.6530612244897959,0.4653167602245389,0.33955864300283783,0.0,0.0,0.6167664851351986,0.3347270238941478,0.004798691255557379,0.01387055578728953,0.0,0.006702865887615141,0.8608695652173912,0.8608695652173912,0.005170067760431631,0.6887966804979253,0.0,0.0,0.6887966804979253,0.0,zero_day_obfuscated_memory_attack,1
0.14460552196401252,0.0,ssh,0.4,0.6000000000000001,0.8673469387755102,0.06876503608660786,0.007545396526713108,0.0,0.0,0.10143118301315923,0.006125218828342203,0.07886027156874707,0.09392336095988382,0.112038692694337,0.08150050167318146,0.5478260869565217,0.5478260869565217,0.04650119743122368,0.3402489626556016,0.0,0.0,0.3402489626556016,0.0,botnet_malware_download,1
0.004043126684636118,0.0,ssh,0.0,0.0,0.0,0.0,0.0,0.0,0.0,0.0,0.0,0.0,0.006083369626426182,0.0,0.00010325082445228218,0.8521739130434782,0.8521739130434782,0.0,0.5394190871369295,0.0,0.0,0.5394190871369295,0.0,zero_day_covert_tunnel,1
0.01344066438406061,0.0,ssh,0.2,0.19999999999999996,0.6530612244897959,0.7568163592622293,0.6153500456696086,0.0,0.0,0.6943820358984376,0.6129291932090548,0.01513034333001072,0.013245531058589827,0.0,0.012038305981856868,0.5391304347826086,0.5391304347826087,0.007546821389029447,0.6887966804979253,0.0,0.0,0.6887966804979253,0.0,zero_day_obfuscated_memory_attack,1
0.29536679536679533,0.0,ssh,0.1,0.19999999999999996,0.49999999999999994,0.027866880513231756,0.001638333991055014,0.0,0.0,0.028903872572743093,0.0012270140935368595,0.0,0.2948922441891753,0.0,0.2879118523656799,0.417391304347826,0.41739130434782606,0.4590214732527556,0.5394190871369295,0.0,0.0,0.5394190871369295,0.0,zero_day_covert_tunnel,1
0.274932614555256,0.0,ssh,0.1,0.19999999999999996,0.49999999999999994,0.02185244587008821,0.0014782153891637396,0.0,0.0,0.03103072202377622,0.0010329924329845418,0.0,0.2751733782973485,0.0,0.267932114692348,0.4608695652173913,0.46086956521739125,0.4253271900222946,0.5394190871369295,0.0,0.0,0.5394190871369295,0.0,zero_day_covert_tunnel,1
0.662562832374153,0.0,ssh,0.30000000000000004,0.6000000000000001,0.4693877551020408,0.2592221331194868,0.005228791065039637,0.0,0.0,0.012158848453542481,0.005114561474284136,0.2503568989110349,0.441472880044162,0.3433920800551822,0.4154496392068323,0.34782608695652173,0.34782608695652173,0.513406004676689,0.0580912863070539,0.0,0.0,0.0580912863070539,0.0,privilege_escalation,1
0.8499672178917462,0.0,ssh,0.9,0.40000000000000013,0.6122448979591836,0.16680032076984763,0.0027177436447259245,0.0,0.0,0.012374001777594951,0.0025677736181355082,0.19949333673597242,0.6789339510483436,0.15054053662607864,0.58018681071748,0.7217391304347825,0.7217391304347824,0.21410725426592442,0.004149377593360981,0.0,0.0,0.004149377593360981,0.0,reconnaissance,0
0.012384352006993515,0.0,ssh,0.0,0.40000000000000013,0.0,0.013231756214915798,0.011316564790064954,0.0,0.0,0.0,0.011463150058193448,0.0,0.00812210947962932,0.0,0.006594508033136187,0.3652173913043478,0.36521739130434777,0.0,0.6390041493775933,0.0,0.0,0.6390041493775933,0.0,zero_day_buffer_overflow,1
0.25140234574196835,0.0,ssh,0.2,0.19999999999999996,0.4081632653061224,0.7927024859663192,0.040826413132612746,0.0,0.0,0.027676261418591263,0.04094105767162044,0.40277583657071864,0.25137148471040005,0.0,0.24989186419030482,0.20869565217391303,0.208695652173913,0.11233811494578484,0.02074688796680496,0.0,0.0,0.02074688796680496,0.0,privilege_escalation,1
0.2665549646681722,0.0,ssh,0.2,0.19999999999999996,0.22448979591836732,0.7600240577385725,0.036783368504787986,0.0,0.0,0.01436554302315104,0.03704483817490665,0.18234393709239446,0.2660955547616416,0.0,0.26162345231084966,0.4521739130434782,0.45217391304347815,0.28769001716185444,0.02074688796680496,0.0,0.0,0.02074688796680496,0.0,privilege_escalation,1
0.7384716252640782,0.0,ssh,0.30000000000000004,0.6000000000000001,0.5306122448979591,0.5425020048115478,0.009667053596178346,0.0,0.0,0.012337247675393561,0.009607640571655878,0.3602189506168983,0.4911847569302044,0.5204475464633986,0.2912810858996529,0.591304347826087,0.5913043478260869,0.651626177693188,0.0580912863070539,0.0,0.0,0.0580912863070539,0.0,privilege_escalation,1
0.004152400378815473,0.0,ssh,0.0,0.0,0.0,0.0,0.0,0.0,0.0,0.0,0.0,0.0,0.007689366359828826,0.0,0.0014364077061974475,0.6086956521739131,0.6086956521739129,0.0,0.3402489626556016,0.0,0.0,0.3402489626556016,0.0,brute_force_only,1
0.619800393385299,0.0,ssh,0.8,0.19999999999999996,0.5306122448979591,0.5579390537289495,0.011831079896543183,0.0,0.0,0.014688906700647009,0.011764505636451346,0.15425235063274947,0.6201588505968979,0.164939709376322,0.6219758610674668,0.5217391304347825,0.5217391304347825,0.21848059167162737,0.0,0.0,0.0,0.0,0.0,reconnaissance,0
0.02130837036497414,0.0,ssh,0.2,0.19999999999999996,0.6530612244897959,0.7335605453087409,0.4017498406767128,0.0,0.0,0.46747355500100507,0.39995792967062255,0.012858884423290494,0.022340582559255077,0.0,0.0117668192262361,0.3913043478260869,0.39130434782608686,0.012322589805611635,0.6887966804979253,0.0,0.0,0.6887966804979253,0.0,zero_day_obfuscated_memory_attack,1
0.008741895534348364,0.0,ssh,0.0,0.0,0.0,0.0,0.0,0.0,0.0,0.0,0.0,0.0,0.01518396911580682,0.0,0.005572065818810864,0.6956521739130435,0.6956521739130435,0.0,0.38174273858921165,0.0,0.0,0.38174273858921165,0.0,brute_force_only,1
0.003278210825380637,0.0,ssh,0.0,0.0,0.0,0.0,0.0,0.0,0.0,0.0,0.0,0.0,0.005645370517316369,0.0,0.0006871545908351162,0.6869565217391304,0.6869565217391302,0.0,0.6390041493775933,0.0,0.0,0.6390041493775933,0.0,zero_day_buffer_overflow,1
0.326801194725723,0.0,ssh,0.0,0.6000000000000001,0.0,0.5264635124298316,0.020701713210550726,0.0,0.0,0.0,0.020969858290770145,0.0,0.21634411195607628,0.0,0.17830418181382165,0.28695652173913044,0.28695652173913044,0.0,0.0580912863070539,0.0,0.0,0.0580912863070539,0.0,privilege_escalation,1
0.005099439061703211,0.0,ssh,0.0,0.40000000000000013,0.0,0.012830793905372895,0.021134421463630388,0.0,0.0,0.0,0.021408172247868573,0.0,0.0015629268210068468,0.0,0.0013401882998978298,0.3739130434782608,0.3739130434782609,0.0,0.6390041493775933,0.0,0.0,0.6390041493775933,0.0,zero_day_buffer_overflow,1
0.12038318642092226,0.0,ssh,0.2,0.19999999999999996,0.09183673469387754,0.36848436246992783,0.038966004455559734,0.0,0.0,0.012852167215594313,0.03927839212857413,0.1462489686024329,0.11922262750117567,0.0,0.11284634175297546,0.6695652173913043,0.6695652173913043,0.08105945586575206,0.004149377593360981,0.0,0.0,0.004149377593360981,0.0,reconnaissance,0
0.020543454505718657,0.0,ssh,0.2,0.19999999999999996,0.6530612244897959,0.3305934242181235,0.19091564744057962,0.0,0.0,0.4828125083926393,0.18616328927293008,0.015136180653826308,0.02192900939639489,0.0,0.01345221314996579,0.13043478260869565,0.13043478260869562,0.009094433337574103,0.6887966804979253,0.0,0.0,0.6887966804979253,0.0,zero_day_obfuscated_memory_attack,1
0.01318569243097545,0.0,ssh,0.0,0.40000000000000013,0.0,0.0032076984763432237,0.0026056149730522417,0.0,0.0,0.0,0.002639363281143431,0.0,0.009633790404870318,0.0,0.00460409859143671,0.8434782608695651,0.843478260869565,0.0,0.6390041493775933,0.0,0.0,0.6390041493775933,0.0,zero_day_buffer_overflow,1
0.004516646026079988,0.0,ssh,0.0,0.0,0.0,0.0,0.0,0.0,0.0,0.0,0.0,0.0,0.006910603943831578,0.0,0.0008144602668623029,0.826086956521739,0.826086956521739,0.0,1.0,0.0,0.0,1.0,0.0,reconnaissance,0
0.5674947184381147,0.0,ssh,0.30000000000000004,0.6000000000000001,0.32653061224489793,0.3901363271852446,0.009011757090665547,0.0,0.0,0.00986844626529135,0.00898080789116239,0.5199037121104244,0.3770099231618163,0.10218326828829664,0.235540591710861,0.24347826086956517,0.2434782608695652,0.15532631687733836,0.2987551867219917,0.0,0.0,0.2987551867219917,0.0,privilege_escalation,1
0.15054272601442412,0.0,ssh,0.5,0.19999999999999996,0.7551020408163265,0.07157177225340818,0.007304027435061344,0.0,0.0,0.08488507764741639,0.00612833743034516,0.07023032271028096,0.1513507381525986,0.04541289165067949,0.13767131865291649,0.6260869565217391,0.6260869565217391,0.025821099403689287,0.05394190871369292,0.0,0.0,0.05394190871369292,0.0,evasion_anti_forensics,1
0.005900779485685145,0.0,ssh,0.0,0.0,0.0,0.0,0.0,0.0,0.0,0.0,0.0,0.0,0.009392598895453847,0.0,0.002221113972034792,0.8086956521739129,0.8086956521739128,0.0,0.38174273858921165,0.0,0.0,0.38174273858921165,0.0,botnet_malware_download,1
0.12282363225759452,0.0,ssh,0.2,0.40000000000000013,0.336734693877551,0.23496391339214112,0.024927801475302328,0.0,0.0,0.04620883849855208,0.024559171404734247,0.16413937950727725,0.09800653465470852,0.0,0.06995143436489418,0.3652173913043478,0.36521739130434777,0.06614620921868059,1.0,0.0,0.0,1.0,0.0,evasion_anti_forensics,1
0.7001894077365776,0.0,ssh,0.8,0.19999999999999996,0.5612244897959183,0.10986367281475541,0.0022286714753889194,0.0,0.0,0.013759613325118276,0.0020516300845514783,0.21404734710897905,0.7000456541071395,0.1803700777945478,0.6968808184985213,0.5304347826086956,0.5304347826086957,0.04429203688339616,0.0,0.0,0.0,0.0,0.0,reconnaissance,0
0.002950389742842573,0.0,ssh,0.0,0.0,0.0,0.0,0.0,0.0,0.0,0.0,0.0,0.0,0.0027739943576954766,0.0,0.001618632458743339,0.617391304347826,0.6173913043478261,0.0,0.3402489626556016,0.0,0.0,0.3402489626556016,0.0,brute_force_only,1
0.33226487943469074,0.0,ssh,0.1,0.19999999999999996,0.49999999999999994,0.04510825982357658,0.0021248169296148216,0.0,0.0,0.025720629353346878,0.0017674308815174905,0.0,0.33280092108292647,0.0,0.32434925335221004,0.4347826086956521,0.43478260869565216,0.5145356143370633,0.5394190871369295,0.0,0.0,0.5394190871369295,0.0,zero_day_covert_tunnel,1
0.20834851023530268,0.0,ssh,0.4,0.40000000000000013,0.5918367346938775,0.16760224538893342,0.011002041012873413,0.0,0.0,0.04831456490234302,0.010421524345004372,0.057464177741412804,0.1642703978740107,0.032333679529430795,0.11661081500205613,0.6434782608695652,0.6434782608695653,0.19942088689612425,0.05394190871369292,0.0,0.0,0.05394190871369292,0.0,evasion_anti_forensics,1
0.017374517374517378,0.0,ssh,0.2,0.19999999999999996,0.6530612244897959,0.49137931034482757,0.32439712043870444,0.0,0.0,0.5587703827598758,0.3202370244817329,0.007502440987944858,0.015495386482383895,0.0,0.007815310254294569,0.6956521739130435,0.6956521739130435,0.013049768455106681,0.6887966804979253,0.0,0.0,0.6887966804979253,0.0,zero_day_obfuscated_memory_attack,1
0.2335178844612807,0.0,ssh,0.1,0.40000000000000013,0.07142857142857142,0.22453889334402566,0.012392079898269338,0.0,0.0,0.005209909074937872,0.012474624769567668,0.0,0.1856373084137147,0.0,0.13427988064056665,0.6347826086956521,0.6347826086956521,0.3624331862443567,0.02074688796680496,0.0,0.0,0.02074688796680496,0.0,privilege_escalation,1
0.007685583157281269,0.0,ssh,0.0,0.0,0.0,0.0,0.0,0.0,0.0,0.0,0.0,0.0,0.010365978915598888,0.0,0.007403935284899741,0.4782608695652174,0.47826086956521735,0.0,0.5394190871369295,0.0,0.0,0.5394190871369295,0.0,zero_day_covert_tunnel,1
0.005099439061703211,0.0,ssh,0.0,0.0,0.0,0.0,0.0,0.0,0.0,0.0,0.0,0.0,0.008662600380270826,0.0,0.0015246335002814047,0.8347826086956521,0.834782608695652,0.0,0.0,0.0,0.0,0.0,0.0,reconnaissance,0
0.11593938952429518,0.0,ssh,0.1,0.40000000000000013,0.14285714285714285,0.12089013632718525,0.013504079621970595,0.0,0.0,0.020740659735530995,0.013368612269370904,0.0,0.09184987317735796,0.0,0.05650499437930637,0.3826086956521738,0.38260869565217387,0.1720654976366838,0.2987551867219917,0.0,0.0,0.2987551867219917,0.0,evasion_anti_forensics,1
0.01748379106869673,0.0,ssh,0.2,0.19999999999999996,0.6530612244897959,0.6248997594226142,0.408087236220688,0.0,0.0,0.5557553996996544,0.4050562830848009,0.015242567935761156,0.015804905852821502,0.0,0.008637616103516686,0.7217391304347825,0.7217391304347824,0.007936449349691555,0.6887966804979253,0.0,0.0,0.6887966804979253,0.0,zero_day_obfuscated_memory_attack,1
0.17155969986158665,0.0,ssh,0.30000000000000004,0.19999999999999996,0.4387755102040816,0.13833199679230151,0.01092434269095602,0.0,0.0,0.04337847087122732,0.010416690647373376,0.1102344894084637,0.16926417171667474,0.11594199837422611,0.16429915116720062,0.591304347826087,0.5913043478260869,0.10869870374306978,1.0,0.0,0.0,1.0,0.0,evasion_anti_forensics,1
0.013732060901872222,0.0,ssh,0.0,0.40000000000000013,0.0,0.015236567762630313,0.011966839757100766,0.0,0.0,0.0,0.012121846126658063,0.0,0.00982067002475717,0.0,0.005899063770373719,0.3739130434782608,0.3739130434782609,0.0,0.6390041493775933,0.0,0.0,0.6390041493775933,0.0,zero_day_buffer_overflow,1
0.00648357252130837,0.0,ssh,0.0,0.0,0.0,0.0,0.0,0.0,0.0,0.0,0.0,0.0,0.007299985151830201,0.0,0.0036904583211578774,0.9478260869565217,0.9478260869565216,0.0,0.0580912863070539,0.0,0.0,0.0580912863070539,0.0,privilege_escalation,1
0.0024404458366722513,0.0,ssh,0.0,0.0,0.0,0.0,0.0,0.0,0.0,0.0,0.0,0.0,0.0022873773474744756,0.0,0.001169583891035815,0.5565217391304347,0.5565217391304347,0.0,0.2987551867219917,0.0,0.0,0.2987551867219917,0.0,evasion_anti_forensics,1
0.10228017775187585,0.0,ssh,0.2,0.40000000000000013,0.19387755102040816,0.0942261427425822,0.012094218498751442,0.0,0.0,0.03180805016228837,0.01177486575332824,0.11921032025696064,0.08197562126158635,0.0,0.04809608440307108,0.617391304347826,0.6173913043478261,0.06092533295716203,1.0,0.0,0.0,1.0,0.0,botnet_malware_download,1
0.5064107233918554,0.0,ssh,0.7000000000000001,0.19999999999999996,0.4591836734693877,0.1070569366479551,0.0029543836454540475,0.0,0.0,0.015542277809231,0.0027600603136001688,0.1708529596218335,0.508293878130252,0.10199950876765253,0.5044420058992858,0.31304347826086953,0.31304347826086953,0.0723355612563091,0.004149377593360981,0.0,0.0,0.004149377593360981,0.0,reconnaissance,0
0.015553289138194799,0.0,ssh,0.2,0.19999999999999996,0.6530612244897959,0.518644747393745,0.3759290398979635,0.0,0.0,0.6143140993503817,0.3716052196207002,0.010395040478140948,0.015818045826094793,0.0,0.009641110496293777,0.4956521739130434,0.49565217391304334,0.011703660368988521,0.6887966804979253,0.0,0.0,0.6887966804979253,0.0,zero_day_obfuscated_memory_attack,1
0.05744153857361404,0.0,ssh,0.2,0.19999999999999996,0.2040816326530612,0.21331194867682438,0.04677573077329595,0.0,0.0,0.05841651136700576,0.04650740820925384,0.07029576650967828,0.05769426464986571,0.0,0.04496480886236983,0.3826086956521738,0.38260869565217387,0.02547074566463921,0.3402489626556016,0.0,0.0,0.3402489626556016,0.0,botnet_malware_download,1
0.15159903839149122,0.0,ssh,0.2,0.40000000000000013,0.3469387755102041,0.27405773857257415,0.02357986790472127,0.0,0.0,0.03873435770456208,0.02330563429207754,0.3006894290505355,0.12104601779239982,0.0,0.07937767952542812,0.417391304347826,0.41739130434782606,0.020133200166232035,0.05394190871369292,0.0,0.0,0.05394190871369292,0.0,evasion_anti_forensics,1
0.6873679609528666,0.0,ssh,0.30000000000000004,0.6000000000000001,0.5918367346938775,0.17141138732959102,0.0034371146958904228,0.0,0.0,0.014779735803788375,0.003260460913065017,0.5303369007329377,0.45685628475431683,1.0,0.3019256167737958,0.6608695652173913,0.6608695652173913,0.33016079131616394,0.0580912863070539,0.0,0.0,0.0580912863070539,0.0,privilege_escalation,1
0.009215414875792234,0.0,ssh,0.0,0.0,0.0,0.0,0.0,0.0,0.0,0.0,0.0,0.0,0.011874593847076115,0.0,0.007031270122808528,0.8086956521739129,0.8086956521739128,0.0,0.38174273858921165,0.0,0.0,0.38174273858921165,0.0,botnet_malware_download,1
0.002549719530851606,0.0,ssh,0.0,0.0,0.0,0.0,0.0,0.0,0.0,0.0,0.0,0.0,0.001995377941401268,0.0,0.0027926572454545213,0.3739130434782608,0.3739130434782609,0.0,0.5394190871369295,0.0,0.0,0.5394190871369295,0.0,zero_day_covert_tunnel,1
0.004261674072994827,0.0,ssh,0.0,0.0,0.0,0.0,0.0,0.0,0.0,0.0,0.0,0.0,0.005937369923389578,0.0,0.002044662383866877,0.6695652173913043,0.6695652173913043,0.0,0.3402489626556016,0.0,0.0,0.3402489626556016,0.0,brute_force_only,1
0.011473737888832228,0.0,ssh,0.0,0.40000000000000013,0.0,0.0006014434643143544,0.0005472763653202909,0.0,0.0,0.0,0.0005543678581050648,0.0,0.007583370575424251,0.0,0.002085296579296485,0.6086956521739131,0.6086956521739129,0.0,0.6390041493775933,0.0,0.0,0.6390041493775933,0.0,zero_day_buffer_overflow,1
0.1554600422524951,0.0,ssh,0.5,0.19999999999999996,0.7551020408163265,0.3430232558139535,0.0293097785517224,0.0,0.0,0.08224705045312256,0.02845860162549105,0.0782542586976947,0.1550889145491478,0.0875306341302683,0.14965936849871378,0.6086956521739131,0.6086956521739129,0.020690248193472312,0.2987551867219917,0.0,0.0,0.2987551867219917,0.0,evasion_anti_forensics,1
0.23810737961681358,0.0,ssh,0.1,0.19999999999999996,0.49999999999999994,0.03528468323977546,0.002426879587886902,0.0,0.0,0.035774717028115195,0.0019229482387995939,0.0,0.23920591345517206,0.0,0.22649966826509307,0.7304347826086957,0.7304347826086954,0.3604232803744581,0.5394190871369295,0.0,0.0,0.5394190871369295,0.0,zero_day_covert_tunnel,1
0.004298098637721279,0.0,ssh,0.0,0.0,0.0,0.0,0.0,0.0,0.0,0.0,0.0,0.0,0.006034605725611956,0.0,0.005809135632947537,0.1391304347826087,0.13913043478260867,0.0,1.0,0.0,0.0,1.0,0.0,brute_force_only,1
0.004115975814089021,0.0,ssh,0.0,0.0,0.0,0.0,0.0,0.0,0.0,0.0,0.0,0.0,0.009538598598490452,0.0,0.005002817008156741,0.1217391304347826,0.12173913043478263,0.0,0.004149377593360981,0.0,0.0,0.004149377593360981,0.0,reconnaissance,0
0.33747359219057327,0.0,ssh,0.1,0.19999999999999996,0.49999999999999994,0.037289494787489975,0.0017944795859410562,0.0,0.0,0.02532683540118913,0.0014387087352631864,0.0,0.3395923892690802,0.0,0.33760591906260384,0.5565217391304347,0.5565217391304347,0.5294188141861025,0.5394190871369295,0.0,0.0,0.5394190871369295,0.0,zero_day_covert_tunnel,1
0.00502658993225031,0.0,ssh,0.0,0.40000000000000013,0.0,0.01603849238171612,0.02666492567645152,0.0,0.0,0.0,0.027010310391747883,0.0,0.0034009170825346543,0.0,0.0015851777113222412,0.3739130434782608,0.3739130434782609,0.0,0.6390041493775933,0.0,0.0,0.6390041493775933,0.0,zero_day_buffer_overflow,1
0.24353463976105483,0.0,ssh,0.1,0.19999999999999996,0.49999999999999994,0.09883720930232558,0.005717264073535638,0.0,0.0,0.03498640490503711,0.005267749589004518,0.0,0.24471054025876113,0.0,0.2387486947467461,0.5826086956521739,0.5826086956521739,0.3778291424874527,0.5394190871369295,0.0,0.0,0.5394190871369295,0.0,zero_day_covert_tunnel,1
0.5912799592044875,0.0,ssh,0.4,0.19999999999999996,0.7755102040816326,0.47574178027265435,0.010710891641348199,0.0,0.0,0.02249906289109699,0.010512930181353408,0.34115112683370075,0.5930010078359501,0.25352115225969896,0.5964140655600546,0.4347826086956521,0.43478260869565216,0.2140912216174543,0.2987551867219917,0.0,0.0,0.2987551867219917,0.0,privilege_escalation,1
0.01012602899395352,0.0,ssh,0.0,0.0,0.0,0.0,0.0,0.0,0.0,0.0,0.0,0.0,0.01202059355011272,0.0,0.011579857518303151,0.3913043478260869,0.39130434782608686,0.0,1.0,0.0,0.0,1.0,0.0,brute_force_only,1
0.0049537408027974066,0.0,ssh,0.0,0.0,0.0,0.0,0.0,0.0,0.0,0.0,0.0,0.0,0.009733362202341281,0.0,0.002629676374168553,0.5130434782608695,0.5130434782608695,0.0,1.0,0.0,0.0,1.0,0.0,botnet_malware_download,1
0.002367596707219348,0.0,ssh,0.0,0.0,0.0,0.0,0.0,0.0,0.0,0.0,0.0,0.0,0.001751996436439249,0.0,0.0015384002768750423,0.5130434782608695,0.5130434782608695,0.0,0.5394190871369295,0.0,0.0,0.5394190871369295,0.0,zero_day_covert_tunnel,1
0.0036060319079187,0.0,ssh,0.0,0.0,0.0,0.0,0.0,0.0,0.0,0.0,0.0,0.0,0.005693988418427559,0.0,0.003466933238831073,0.31304347826086953,0.31304347826086953,0.0,0.3402489626556016,0.0,0.0,0.3402489626556016,0.0,brute_force_only,1
0.004917316238070955,0.0,ssh,0.0,0.0,0.0,0.0,0.0,0.0,0.0,0.0,0.0,0.0,0.007202603349904788,0.0,0.0024202881430750002,0.6782608695652174,0.6782608695652173,0.0,0.38174273858921165,0.0,0.0,0.38174273858921165,0.0,botnet_malware_download,1
0.6045385007649158,0.0,ssh,0.7000000000000001,0.19999999999999996,0.3469387755102041,0.2892943063352045,0.0063187430963653635,0.0,0.0,0.009845633374269799,0.006253252207184697,0.18202937933297972,0.6043413887696153,0.1502345724981096,0.599027606679936,0.34782608695652173,0.34782608695652173,0.1771707427464665,0.04564315352697096,0.0,0.0,0.04564315352697096,0.0,reconnaissance,0
0.2991913746630727,0.0,ssh,0.30000000000000004,0.19999999999999996,0.5612244897959183,0.7028869286287089,0.030639494779590055,0.0,0.0,0.03203219586930965,0.030557001708514324,0.19562368434120625,0.3002803632297412,0.06772292685164119,0.2986520105266991,0.4434782608695652,0.44347826086956516,0.1928007295201082,0.0580912863070539,0.0,0.0,0.0580912863070539,0.0,privilege_escalation,1
0.0021854738835870914,0.0,ssh,0.0,0.0,0.0,0.0,0.0,0.0,0.0,0.0,0.0,0.0,0.0011679976242928323,0.0,0.0024963014740516983,0.3739130434782608,0.3739130434782609,0.0,0.2987551867219917,0.0,0.0,0.2987551867219917,0.0,evasion_anti_forensics,1
0.5832301303999418,0.0,ssh,0.7000000000000001,0.19999999999999996,0.3469387755102041,0.3821170809943865,0.00860129625024175,0.0,0.0,0.01020363884924294,0.008560008862718274,0.19017104838664592,0.5842173737018619,0.20851545843021693,0.582992346560393,0.408695652173913,0.40869565217391296,0.1127798778496735,1.0,0.0,0.0,1.0,0.0,reconnaissance,0
0.007612734027828366,0.0,ssh,0.0,0.0,0.0,0.0,0.0,0.0,0.0,0.0,0.0,0.0,0.010268597113673473,0.0,0.007882441793920532,0.408695652173913,0.40869565217391296,0.0,0.04564315352697096,0.0,0.0,0.04564315352697096,0.0,reconnaissance,0
0.0096160850877832,0.0,ssh,0.0,0.0,0.0,0.0,0.0,0.0,0.0,0.0,0.0,0.0,0.015378586719954615,0.0,0.008240674045066801,0.5478260869565217,0.5478260869565217,0.0,0.6887966804979253,0.0,0.0,0.6887966804979253,0.0,zero_day_obfuscated_memory_attack,1
0.01198368179500255,0.0,ssh,0.0,0.40000000000000013,0.0,0.017040898155573376,0.014970211934174079,0.0,0.0,0.0,0.01516412140680207,0.0,0.009064391563027562,0.0,0.00618446533244397,0.1739130434782609,0.17391304347826086,0.0,0.6390041493775933,0.0,0.0,0.6390041493775933,0.0,zero_day_buffer_overflow,1
0.12209514096306548,0.0,ssh,0.4,0.19999999999999996,0.336734693877551,0.12830793905372895,0.014003558644486474,0.0,0.0,0.04647842893292581,0.013489396908081418,0.070742116242,0.12200494384194424,0.05371948581129074,0.11774161507086041,0.4347826086956521,0.43478260869565216,0.040270379658882915,0.38174273858921165,0.0,0.0,0.38174273858921165,0.0,botnet_malware_download,1
0.0029139651781161214,0.0,ssh,0.0,0.0,0.0,0.0,0.0,0.0,0.0,0.0,0.0,0.0,0.003552610773989686,0.0,0.0034379193870853423,0.29565217391304344,0.29565217391304344,0.0,0.3402489626556016,0.0,0.0,0.3402489626556016,0.0,botnet_malware_download,1
0.5666933780141328,0.0,ssh,0.30000000000000004,0.19999999999999996,0.47959183673469385,0.2301523656776263,0.005452078338453948,0.0,0.0,0.014514611385117268,0.005305485305450371,0.42884351598292153,0.5657050493559296,0.09723367995186648,0.5600665927109506,0.6521739130434782,0.6521739130434783,0.2787639266332165,0.2987551867219917,0.0,0.0,0.2987551867219917,0.0,privilege_escalation,1
0.008013404239819333,0.0,ssh,0.0,0.40000000000000013,0.0,0.007016840417000802,0.00843413037560152,0.0,0.0,0.0,0.008543379028174272,0.0,0.0050730516814128795,0.0,0.002438051725776468,0.26086956521739124,0.2608695652173913,0.0,0.6390041493775933,0.0,0.0,0.6390041493775933,0.0,zero_day_buffer_overflow,1
0.5021490493188606,0.0,ssh,0.6000000000000001,0.19999999999999996,0.44897959183673464,0.2107056936647955,0.005634458618735397,0.0,0.0,0.01532519323514496,0.0054781030422065505,0.16717495232304114,0.5012308504964501,0.1599220787214924,0.4959483488305789,0.5565217391304347,0.5565217391304347,0.1961717380394424,0.004149377593360981,0.0,0.0,0.004149377593360981,0.0,reconnaissance,0
0.21228236322575944,0.0,ssh,0.5,0.19999999999999996,0.7551020408163265,0.17983159582999197,0.01173105570043122,0.0,0.0,0.06051511628629792,0.010977399572568727,0.09764083324755482,0.2132864401753807,0.08128054738008408,0.21044716266734406,0.30434782608695654,0.3043478260869565,0.057210660580873235,0.05394190871369292,0.0,0.0,0.05394190871369292,0.0,evasion_anti_forensics,1
0.02152691775333285,0.0,ssh,0.2,0.19999999999999996,0.6530612244897959,0.7493985565356857,0.40658411999228683,0.0,0.0,0.4632683787560324,0.40491775953443676,0.010175442000515001,0.022551698129846004,0.0,0.011561057726610762,0.29565217391304344,0.29565217391304344,0.011827942230330565,0.6887966804979253,0.0,0.0,0.6887966804979253,0.0,zero_day_obfuscated_memory_attack,1
0.011874408100823195,0.0,ssh,0.0,0.0,0.0,0.0,0.0,0.0,0.0,0.0,0.0,0.0,0.014599970303660404,0.0,0.010510785899386475,0.817391304347826,0.817391304347826,0.0,0.3402489626556016,0.0,0.0,0.3402489626556016,0.0,brute_force_only,1
0.372222626939608,0.0,ssh,0.1,0.19999999999999996,0.49999999999999994,0.050922213311948676,0.0020993311952706693,0.0,0.0,0.022979883797892512,0.0017826283086544003,0.0,0.37270044992728485,0.0,0.3660226183698537,0.5652173913043478,0.5652173913043477,0.5778669979926893,0.5394190871369295,0.0,0.0,0.5394190871369295,0.0,zero_day_covert_tunnel,1
0.005973628615138048,0.0,ssh,0.0,0.0,0.0,0.0,0.0,0.0,0.0,0.0,0.0,0.0,0.007494602755977995,0.0,0.002909526816644595,0.8521739130434782,0.8521739130434782,0.0,0.6390041493775933,0.0,0.0,0.6390041493775933,0.0,zero_day_buffer_overflow,1
0.1965469512639324,0.0,ssh,0.5,0.19999999999999996,0.7551020408163265,0.15637530072173217,0.011132073181105678,0.0,0.0,0.06529260640840663,0.010299161890568643,0.09646416031165718,0.19716179497290903,0.09179979928270421,0.18713112810296484,0.18260869565217389,0.18260869565217386,0.027998656025755582,1.0,0.0,0.0,1.0,0.0,evasion_anti_forensics,1
0.0063378742624025635,0.0,ssh,0.0,0.40000000000000013,0.0,0.01343223736968725,0.019116083974902637,0.0,0.0,0.0,0.01936369155615098,0.0,0.003950021965655323,0.0,0.0021604957460660324,0.4956521739130434,0.49565217391304334,0.0,0.6390041493775933,0.0,0.0,0.6390041493775933,0.0,zero_day_buffer_overflow,1
0.009178990311065782,0.0,ssh,0.0,0.40000000000000013,0.0,0.015637530072173216,0.01696230760463927,0.0,0.0,0.0,0.01718201585839194,0.0,0.0060969475988085844,0.0,0.003628877901126122,0.6347826086956521,0.6347826086956521,0.0,0.6390041493775933,0.0,0.0,0.6390041493775933,0.0,zero_day_buffer_overflow,1
0.005317986450061922,0.0,ssh,0.0,0.0,0.0,0.0,0.0,0.0,0.0,0.0,0.0,0.0,0.010171361311451094,0.0,0.0020665708025320207,0.6956521739130435,0.6956521739130435,0.0,1.0,0.0,0.0,1.0,0.0,brute_force_only,1
0.0020033510599548336,0.0,ssh,0.0,0.0,0.0,0.0,0.0,0.0,0.0,0.0,0.0,0.0,0.004623372596060139,0.0,0.0022470191968077657,0.408695652173913,0.40869565217391296,0.0,0.3402489626556016,0.0,0.0,0.3402489626556016,0.0,brute_force_only,1
0.0016026808479638666,0.0,ssh,0.0,0.0,0.0,0.0,0.0,0.0,0.0,0.0,0.0,0.0,0.00540198901235435,0.0,0.0020624999814962677,0.4695652173913043,0.46956521739130436,0.0,1.0,0.0,0.0,1.0,0.0,brute_force_only,1
0.0027318423544838637,0.0,ssh,0.0,0.0,0.0,0.0,0.0,0.0,0.0,0.0,0.0,0.0,0.004087991685024913,0.0,0.0015000605442110407,0.5217391304347825,0.5217391304347825,0.0,0.6887966804979253,0.0,0.0,0.6887966804979253,0.0,zero_day_obfuscated_memory_attack,1
0.019960661470095432,0.0,ssh,0.1,0.40000000000000013,0.4081632653061224,0.993785084202085,0.5712009147645343,0.0,0.0,0.30949518995020936,0.5739680151969864,0.0,0.01370470012463995,0.0,0.007731007251390518,0.408695652173913,0.40869565217391296,0.009283307163975584,0.6887966804979253,0.0,0.0,0.6887966804979253,0.0,zero_day_obfuscated_memory_attack,1
0.5427260144241277,0.0,ssh,0.4,0.19999999999999996,0.5408163265306122,0.4121892542101042,0.010044881569368867,0.0,0.0,0.017086734672015505,0.00991929123946828,0.306859973618585,0.5429099697211216,0.10017805663896896,0.5429781741819943,0.6869565217391304,0.6869565217391302,0.20330096084008312,0.2987551867219917,0.0,0.0,0.2987551867219917,0.0,privilege_escalation,1
0.011692285277190937,0.0,ssh,0.0,0.40000000000000013,0.0,0.018043303929430633,0.016170231238565747,0.0,0.0,0.0,0.016379678047396703,0.0,0.007768790198280738,0.0,0.0036150371096045617,0.6434782608695652,0.6434782608695653,0.0,0.6390041493775933,0.0,0.0,0.6390041493775933,0.0,zero_day_buffer_overflow,1
0.2536970933197348,0.0,ssh,0.5,0.19999999999999996,0.7551020408163265,0.13572574178027266,0.007607987435996605,0.0,0.0,0.050742991116430894,0.006947165989667063,0.09786717342310863,0.2530643512671095,0.07504931936559817,0.2442061854571325,0.408695652173913,0.40869565217391296,0.1136016952622601,0.2987551867219917,0.0,0.0,0.2987551867219917,0.0,evasion_anti_forensics,1
0.30418154003059655,0.0,ssh,0.30000000000000004,0.19999999999999996,0.4693877551020408,0.7830793905372895,0.033450921501527314,0.0,0.0,0.026355044989374802,0.03348980439457192,0.20570112507428204,0.3042502411550095,0.06382097900072237,0.3021691258866618,0.7130434782608696,0.7130434782608694,0.18649257440388825,0.0580912863070539,0.0,0.0,0.0580912863070539,0.0,privilege_escalation,1
0.11499235084140745,0.0,ssh,0.30000000000000004,0.19999999999999996,0.4693877551020408,0.0545308740978348,0.007015938063545543,0.0,0.0,0.0686958914285028,0.006078782094897657,0.08765925617038013,0.1140889859430026,0.01659040696849897,0.1009656135526662,0.9043478260869563,0.9043478260869564,0.043444671041772666,0.38174273858921165,0.0,0.0,0.38174273858921165,0.0,botnet_malware_download,1
0.527427697239018,0.0,ssh,0.1,0.19999999999999996,0.49999999999999994,0.038291900561347236,0.001176067136485801,0.0,0.0,0.016252977821584965,0.0009480793941447003,0.0,0.5304255351144616,0.0,0.5244750343207221,0.4695652173913043,0.46956521739130436,0.821254251391236,0.5394190871369295,0.0,0.0,0.5394190871369295,0.0,zero_day_covert_tunnel,1
0.12045603555037517,0.0,ssh,0.6000000000000001,0.19999999999999996,0.9999999999999999,0.10866078588612671,0.01349404367788377,0.0,0.0,0.13986293797808622,0.011575790024774607,0.03294371800365499,0.11958587476233075,0.047210053727783655,0.11097161764361929,0.9304347826086955,0.9304347826086956,0.06239139754981915,0.38174273858921165,0.0,0.0,0.38174273858921165,0.0,botnet_malware_download,1
0.003096088001748379,0.0,ssh,0.0,0.0,0.0,0.0,0.0,0.0,0.0,0.0,0.0,0.0,0.005304607210428934,0.0,0.001468012080420476,0.4956521739130434,0.49565217391304334,0.0,0.0,0.0,0.0,0.0,0.0,reconnaissance,0
0.00888759379325417,0.0,ssh,0.0,0.0,0.0,0.0,0.0,0.0,0.0,0.0,0.0,0.0,0.011777358044853739,0.0,0.009216116780161156,0.4347826086956521,0.43478260869565216,0.0,0.5394190871369295,0.0,0.0,0.5394190871369295,0.0,zero_day_covert_tunnel,1
0.11852553361987324,0.0,ssh,0.4,0.19999999999999996,0.8673469387755102,0.18323977546110665,0.02139860146444325,0.0,0.0,0.12324042753289023,0.01983148908185251,0.05098746142844411,0.11693787814835585,0.02836172805159991,0.10855754675448981,0.24347826086956517,0.2434782608695652,0.07222102586112336,0.38174273858921165,0.0,0.0,0.38174273858921165,0.0,botnet_malware_download,1
0.0032053616959277337,0.0,ssh,0.0,0.0,0.0,0.0,0.0,0.0,0.0,0.0,0.0,0.0,0.007007985745756994,0.0,0.001766588299660982,0.4347826086956521,0.43478260869565216,0.0,1.0,0.0,0.0,1.0,0.0,brute_force_only,1
0.004043126684636118,0.0,ssh,0.0,0.0,0.0,0.0,0.0,0.0,0.0,0.0,0.0,0.0,0.006959367844645804,0.0,0.0011473794126589804,0.6695652173913043,0.6695652173913043,0.0,0.6390041493775933,0.0,0.0,0.6390041493775933,0.0,zero_day_buffer_overflow,1
0.5407226633641727,0.0,ssh,0.1,0.19999999999999996,0.49999999999999994,0.08540497193263832,0.002270698328665086,0.0,0.0,0.015855381720923625,0.0020628373629339534,0.0,0.542963551612136,0.0,0.5425776794070042,0.3739130434782608,0.3739130434782609,0.8496002622433781,0.5394190871369295,0.0,0.0,0.5394190871369295,0.0,zero_day_covert_tunnel,1
0.007867705980913527,0.0,ssh,0.0,0.0,0.0,0.0,0.0,0.0,0.0,0.0,0.0,0.0,0.011728594144039513,0.0,0.00596848977276529,0.6347826086956521,0.6347826086956521,0.0,0.38174273858921165,0.0,0.0,0.38174273858921165,0.0,brute_force_only,1
0.1243534639761055,0.0,ssh,0.1,0.40000000000000013,0.21428571428571427,0.22373696872493987,0.02323802524632679,0.0,0.0,0.02905173390343834,0.023104263640937893,0.0,0.09881843900329508,0.0,0.1044209264478134,0.6608695652173913,0.6608695652173913,0.12064089301159922,0.02074688796680496,0.0,0.0,0.02074688796680496,0.0,privilege_escalation,1
0.004771617979165149,0.0,ssh,0.0,0.40000000000000013,0.0,0.01222935044105854,0.02101956090383641,0.0,0.0,0.0,0.021291823014439416,0.0,0.002506668901435455,0.0,0.0034147527146455112,0.1565217391304348,0.15652173913043477,0.0,0.6390041493775933,0.0,0.0,0.6390041493775933,0.0,zero_day_buffer_overflow,1
0.0033146353901070884,0.0,ssh,0.0,0.40000000000000013,0.0,0.014033680834001604,0.02989824722486174,0.0,0.0,0.0,0.030285512637535827,0.0,0.0030395678175190602,0.0,0.0022661150482118438,0.23478260869565218,0.23478260869565215,0.0,0.6390041493775933,0.0,0.0,0.6390041493775933,0.0,zero_day_buffer_overflow,1
0.4186639469658337,0.0,ssh,0.1,0.19999999999999996,0.49999999999999994,0.10024057738572574,0.003384566863560905,0.0,0.0,0.020447532191373116,0.0031224106171026875,0.0,0.4184858107998608,0.0,0.4098531484618069,0.27826086956521734,0.27826086956521734,0.6502674395710448,0.5394190871369295,0.0,0.0,0.5394190871369295,0.0,zero_day_covert_tunnel,1
0.13367815254607707,0.0,ssh,0.5,0.19999999999999996,0.673469387755102,0.29109863672814756,0.028904674494531865,0.0,0.0,0.08506570987711878,0.02800607197319235,0.062083802922739816,0.1344277665739228,0.06817085954194695,0.1317652234643901,0.408695652173913,0.40869565217391296,0.03520463945630174,0.38174273858921165,0.0,0.0,0.38174273858921165,0.0,botnet_malware_download,1
0.3737888832228454,0.0,ssh,0.4,0.19999999999999996,0.29591836734693877,0.48957497995188454,0.017049057534976122,0.0,0.0,0.013543796133866769,0.01706720831439778,0.2231495436857093,0.3742084808599499,0.1516794533923697,0.3713708630466261,0.8086956521739129,0.8086956521739128,0.1152120536911482,1.0,0.0,0.0,1.0,0.0,reconnaissance,0
0.1399796022437532,0.0,ssh,0.30000000000000004,0.40000000000000013,0.4897959183673469,0.3239775461106656,0.03028601841486607,0.0,0.0,0.05913499673105756,0.029793357863812937,0.05583811308754309,0.11015268794943271,0.041965363895146636,0.11856769568140658,0.6869565217391304,0.6869565217391302,0.06842226858746253,1.0,0.0,0.0,1.0,0.0,evasion_anti_forensics,1
0.008996867487433525,0.0,ssh,0.0,0.0,0.0,0.0,0.0,0.0,0.0,0.0,0.0,0.0,0.013285972976330966,0.0,0.0063489265022883936,0.7565217391304346,0.7565217391304346,0.0,0.04564315352697096,0.0,0.0,0.04564315352697096,0.0,reconnaissance,0
0.13429737014642673,0.0,ssh,0.5,0.19999999999999996,0.7551020408163265,0.09983961507618283,0.010842414578815822,0.0,0.0,0.09494586434573865,0.009561994100809823,0.060418274671243576,0.13281753584913208,0.038813993725019716,0.1275252783183335,0.22608695652173913,0.2260869565217391,0.036872092568590614,0.2987551867219917,0.0,0.0,0.2987551867219917,0.0,evasion_anti_forensics,1
0.3748451955999126,0.0,ssh,0.1,0.19999999999999996,0.49999999999999994,0.05232558139534883,0.0021329127338355356,0.0,0.0,0.022820314263868744,0.001819033674463024,0.0,0.3752552987307224,0.0,0.3760375042521576,0.1739130434782609,0.17391304347826086,0.5917077296627872,0.5394190871369295,0.0,0.0,0.5394190871369295,0.0,zero_day_covert_tunnel,1
0.0021854738835870914,0.0,ssh,0.0,0.0,0.0,0.0,0.0,0.0,0.0,0.0,0.0,0.0,0.003552610773989686,0.0,0.002622867000799657,0.30434782608695654,0.3043478260869565,0.0,1.0,0.0,0.0,1.0,0.0,brute_force_only,1
0.010162453558679972,0.0,ssh,0.0,0.0,0.0,0.0,0.0,0.0,0.0,0.0,0.0,0.0,0.015086587313881407,0.0,0.009410257936102617,0.5478260869565217,0.5478260869565217,0.0,0.3402489626556016,0.0,0.0,0.3402489626556016,0.0,brute_force_only,1
0.002367596707219348,0.0,ssh,0.0,0.0,0.0,0.0,0.0,0.0,0.0,0.0,0.0,0.0,0.0037959922789517053,0.0,0.001480594618167349,0.417391304347826,0.41739130434782606,0.0,0.3402489626556016,0.0,0.0,0.3402489626556016,0.0,brute_force_only,1
0.49220514314853936,0.0,ssh,0.5,0.19999999999999996,0.846938775510204,0.3181635926222935,0.008765830096901855,0.0,0.0,0.029489644848550465,0.00843806366693455,0.19483802988512475,0.4931047990248388,0.14598079607400347,0.48662861115132583,0.5739130434782608,0.5739130434782609,0.21548363983566418,0.02074688796680496,0.0,0.0,0.02074688796680496,0.0,privilege_escalation,1
0.018394405186858014,0.0,ssh,0.2,0.19999999999999996,0.6530612244897959,0.6439454691259021,0.4021905805382088,0.0,0.0,0.5318416358074034,0.39944111599435494,0.0061161176896562955,0.018788117784968424,0.0,0.009574941150730808,0.19130434782608693,0.19130434782608696,0.011439179340629073,0.6887966804979253,0.0,0.0,0.6887966804979253,0.0,zero_day_obfuscated_memory_attack,1
0.16307277628032343,0.0,ssh,0.30000000000000004,0.19999999999999996,0.1530612244897959,0.18785084202085003,0.014914318787148953,0.0,0.0,0.0159063787921226,0.014869463642750345,0.1498791262891031,0.16408366425382692,0.0034500925435878185,0.15556316922447452,0.5043478260869564,0.5043478260869565,0.03826254995928976,0.0,0.0,0.0,0.0,0.0,reconnaissance,0
0.07448823486559336,0.0,ssh,0.5,0.19999999999999996,0.9387755102040816,0.07878909382518043,0.01631042060962647,0.0,0.0,0.20942360696068377,0.013387677919032767,0.027351397356662456,0.07402476943361899,0.030505739995667015,0.06596225179463995,0.5391304347826086,0.5391304347826087,0.0323747616585325,0.38174273858921165,0.0,0.0,0.38174273858921165,0.0,botnet_malware_download,1
0.2232825817731478,0.0,ssh,0.4,0.40000000000000013,0.5816326530612245,0.24979951884522855,0.014976032353772407,0.0,0.0,0.04434469940364809,0.014506399845016048,0.11388059696584131,0.176951348080958,0.05912696425047539,0.17815859445059753,0.8869565217391303,0.8869565217391304,0.09640137400950816,0.2987551867219917,0.0,0.0,0.2987551867219917,0.0,evasion_anti_forensics,1
0.002476870401398703,0.0,ssh,0.0,0.0,0.0,0.0,0.0,0.0,0.0,0.0,0.0,0.0,0.003114611664879874,0.0,0.0023383536178644797,0.417391304347826,0.41739130434782606,0.0,0.02074688796680496,0.0,0.0,0.02074688796680496,0.0,privilege_escalation,1
0.09364755591170684,0.0,ssh,0.5,0.19999999999999996,0.9285714285714285,0.1678027265437049,0.02500680511190905,0.0,0.0,0.16598387925245414,0.022846773507418365,0.04448221622302458,0.09274295336083288,0.04448292967592545,0.08167066199247594,0.31304347826086953,0.31304347826086953,0.009962099511073427,0.38174273858921165,0.0,0.0,0.38174273858921165,0.0,botnet_malware_download,1
0.2267429154221607,0.0,ssh,0.2,0.19999999999999996,0.22448979591836732,0.2806736166800321,0.016097347601977854,0.0,0.0,0.01685745908209255,0.016053580476126643,0.10413144403552119,0.22717495392614373,0.0,0.21580036634428726,0.13043478260869565,0.13043478260869562,0.27223327526592567,0.0580912863070539,0.0,0.0,0.0580912863070539,0.0,privilege_escalation,1
0.0025861440955780575,0.0,ssh,0.0,0.0,0.0,0.0,0.0,0.0,0.0,0.0,0.0,0.0,0.005353371111243161,0.0,0.0015070179474357824,0.3826086956521738,0.38260869565217387,0.0,0.0580912863070539,0.0,0.0,0.0580912863070539,0.0,privilege_escalation,1
0.008632621840169009,0.0,ssh,0.0,0.0,0.0,0.0,0.0,0.0,0.0,0.0,0.0,0.0,0.014891969709733612,0.0,0.010400429641853608,0.06956521739130433,0.06956521739130433,0.0,0.04564315352697096,0.0,0.0,0.04564315352697096,0.0,reconnaissance,0
0.007976979675092881,0.0,ssh,0.0,0.40000000000000013,0.0,0.009823576583801123,0.011847813602888377,0.0,0.0,0.0,0.01200127643937434,0.0,0.005522292767656511,0.0,0.003938556359555046,0.7043478260869565,0.7043478260869565,0.0,0.6390041493775933,0.0,0.0,0.6390041493775933,0.0,zero_day_buffer_overflow,1
0.12202229183361259,0.0,ssh,0.6000000000000001,0.19999999999999996,0.9999999999999999,0.1297113071371291,0.01551076200576738,0.0,0.0,0.13810749204913414,0.013644898008532923,0.04862630505295192,0.12105623777161237,0.05694961006169371,0.11849871376858256,0.417391304347826,0.41739130434782606,0.01645832105413164,0.3402489626556016,0.0,0.0,0.3402489626556016,0.0,botnet_malware_download,1
0.12453558679973775,0.0,ssh,0.30000000000000004,0.19999999999999996,0.5102040816326531,0.26242983159583,0.027735526239186237,0.0,0.0,0.06907188166941357,0.027061123825252185,0.09001687726525162,0.12339369301722841,0.01172274097994215,0.12044019934292506,0.6869565217391304,0.6869565217391302,0.06435470493063918,1.0,0.0,0.0,1.0,0.0,evasion_anti_forensics,1
0.00579150579150579,0.0,ssh,0.0,0.0,0.0,0.0,0.0,0.0,0.0,0.0,0.0,0.0,0.007981365765902033,0.0,0.006154489286635242,0.34782608695652173,0.34782608695652173,0.0,1.0,0.0,0.0,1.0,0.0,brute_force_only,1
0.08898521162672106,0.0,ssh,0.2,0.19999999999999996,0.24489795918367346,0.3305934242181235,0.04737310839751166,0.0,0.0,0.046000384198053544,0.047298334628326874,0.08293414808123056,0.08843348012630144,0.0,0.07830890396622314,0.33043478260869563,0.33043478260869563,0.07238348618752731,1.0,0.0,0.0,1.0,0.0,evasion_anti_forensics,1
0.6377577037954396,0.0,ssh,0.4,0.19999999999999996,0.7448979591836734,0.7074979951884522,0.014610515709291097,0.0,0.0,0.020042814606212985,0.014499821247567588,0.41677184811645185,0.64012606198359,0.025876146686565397,0.6426181803755636,0.7043478260869565,0.7043478260869565,0.12549371041507373,0.2987551867219917,0.0,0.0,0.2987551867219917,0.0,privilege_escalation,1
0.40489546149923505,0.0,ssh,0.30000000000000004,0.19999999999999996,0.22448979591836732,0.3009222133119487,0.009706355694201373,0.0,0.0,0.00949058512591056,0.009690057283841745,0.2989851771438682,0.40559885501192894,0.03253599604600203,0.3990546665375846,0.4260869565217391,0.42608695652173906,0.20612587889767814,1.0,0.0,0.0,1.0,0.0,reconnaissance,0
0.00743061120419611,0.0,ssh,0.0,0.0,0.0,0.0,0.0,0.0,0.0,0.0,0.0,0.0,0.009587362499304678,0.0,0.006818551219958451,0.5391304347826086,0.5391304347826087,0.0,0.0580912863070539,0.0,0.0,0.0580912863070539,0.0,privilege_escalation,1
0.010016755299774166,0.0,ssh,0.0,0.40000000000000013,0.0,0.00821972734562951,0.008331837927734327,0.0,0.0,0.0,0.008439759796260222,0.0,0.005818234165711707,0.0,0.0038476660280658682,0.30434782608695654,0.3043478260869565,0.0,0.6390041493775933,0.0,0.0,0.6390041493775933,0.0,zero_day_buffer_overflow,1
0.4150943396226414,0.0,ssh,0.1,0.19999999999999996,0.49999999999999994,0.05553327987169206,0.002026946859383613,0.0,0.0,0.020622249967847704,0.0017445927439997482,0.0,0.4151123416614971,0.0,0.4138835573469142,0.5043478260869564,0.5043478260869565,0.6511656139137552,0.5394190871369295,0.0,0.0,0.5394190871369295,0.0,zero_day_covert_tunnel,1
0.02542434617906316,0.0,ssh,0.2,0.19999999999999996,0.6530612244897959,0.9623095429029671,0.4482463268337649,0.0,0.0,0.39922480830683743,0.4480780181846216,0.014885257945584303,0.024865647423273143,0.0,0.013421126880238221,0.408695652173913,0.40869565217391296,0.015986569023608246,0.6887966804979253,0.0,0.0,0.6887966804979253,0.0,zero_day_obfuscated_memory_attack,1
0.30560209805492816,0.0,ssh,0.1,0.19999999999999996,0.49999999999999994,0.02586206896551724,0.0014997067179011957,0.0,0.0,0.027944524118566922,0.0011009432754103875,0.0,0.3072043991462521,0.0,0.2949152188606615,0.3999999999999999,0.39999999999999997,0.46774819376066995,0.5394190871369295,0.0,0.0,0.5394190871369295,0.0,zero_day_covert_tunnel,1
0.07732935091425656,0.0,ssh,0.2,0.19999999999999996,0.336734693877551,0.32818765036086606,0.05416956813870357,0.0,0.0,0.07245482821259368,0.05378693697207179,0.12819511263075195,0.07815787502688219,0.0,0.06520152636544958,0.6695652173913043,0.6695652173913043,0.016382425495186804,1.0,0.0,0.0,1.0,0.0,evasion_anti_forensics,1
0.4700590077948568,0.0,ssh,0.2,0.6000000000000001,0.36734693877551017,0.6565757818765036,0.018193454741294548,0.0,0.0,0.013389778943689515,0.018228734475344312,0.4660865463005015,0.3112353049473897,0.0,0.19449539138649796,0.6260869565217391,0.6260869565217391,0.40534076356238063,0.02074688796680496,0.0,0.0,0.02074688796680496,0.0,privilege_escalation,1
0.5472062358854811,0.0,ssh,0.7000000000000001,0.19999999999999996,0.4591836734693877,0.10304731355252605,0.002640751476656858,0.0,0.0,0.014389381890752928,0.002459621439956519,0.15952781147713233,0.5473762466367144,0.07994489628298844,0.5435662967992688,0.6347826086956521,0.6347826086956521,0.18261740252870623,0.0,0.0,0.0,0.0,0.0,reconnaissance,0
0.005463684708967728,0.0,ssh,0.0,0.0,0.0,0.0,0.0,0.0,0.0,0.0,0.0,0.0,0.007981365765902033,0.0,0.006555872240760494,0.19999999999999998,0.2,0.0,1.0,0.0,0.0,1.0,0.0,reconnaissance,0
0.003751730166824506,0.0,ssh,0.0,0.40000000000000013,0.0,0.0012028869286287089,0.002390908538825173,0.0,0.0,0.0,0.0024218739824663454,0.0,0.003453622975330869,0.0,0.0033893655943679967,0.07826086956521738,0.07826086956521741,0.0,0.6390041493775933,0.0,0.0,0.6390041493775933,0.0,zero_day_buffer_overflow,1
0.5794784002331171,0.0,ssh,0.4,0.40000000000000013,0.21428571428571427,0.41559743384121894,0.00934389904972948,0.0,0.0,0.006342888977444749,0.009370009059868472,0.24784060126737345,0.464120207979497,0.03425546013202926,0.5131833169168223,0.6086956521739131,0.6086956521739129,0.1604047447873419,0.0,0.0,0.0,0.0,0.0,reconnaissance,0
0.007394186639469658,0.0,ssh,0.0,0.40000000000000013,0.0,0.006615878107457899,0.008436726739245873,0.0,0.0,0.0,0.00854600450631577,0.0,0.003175055541937028,0.0,0.0013968097197587586,0.817391304347826,0.817391304347826,0.0,0.6390041493775933,0.0,0.0,0.6390041493775933,0.0,zero_day_buffer_overflow,1
0.5482989728272747,0.0,ssh,0.9,0.19999999999999996,0.6122448979591836,0.5613472333600642,0.013484036265265566,0.0,0.0,0.01914780091878013,0.013372148130025864,0.1409698902616009,0.5480604012451439,0.17793005913496038,0.5419191685932752,0.6869565217391304,0.6869565217391302,0.06086235579122908,0.004149377593360981,0.0,0.0,0.004149377593360981,0.0,reconnaissance,0
0.010271727252859327,0.0,ssh,0.0,0.40000000000000013,0.0,0.006615878107457899,0.006574991348902071,0.0,0.0,0.0,0.006660154354939706,0.0,0.007165227425927418,0.0,0.004585076754960555,0.6,0.5999999999999999,0.0,0.6390041493775933,0.0,0.0,0.6390041493775933,0.0,zero_day_buffer_overflow,1
0.20182851314926786,0.0,ssh,0.30000000000000004,0.40000000000000013,0.4387755102040816,0.26182838813151565,0.017130564807954187,0.0,0.0,0.03696092700967236,0.016799336388227226,0.10569469579650202,0.1607020191320931,0.12574929528676443,0.16894521622276956,0.3652173913043478,0.36521739130434777,0.05030485677366133,0.05394190871369292,0.0,0.0,0.05394190871369292,0.0,evasion_anti_forensics,1
0.3426094558170029,0.0,ssh,0.1,0.19999999999999996,0.49999999999999994,0.053327987169206094,0.0023695955317665873,0.0,0.0,0.024950241644642872,0.002026912476785212,0.0,0.3442683217582336,0.0,0.3381767221867443,0.5652173913043478,0.5652173913043477,0.5320203709216662,0.5394190871369295,0.0,0.0,0.5394190871369295,0.0,zero_day_covert_tunnel,1
0.003096088001748379,0.0,ssh,0.0,0.0,0.0,0.0,0.0,0.0,0.0,0.0,0.0,0.0,0.0025306128527334574,0.0,0.00244634139770382,0.5478260869565217,0.5478260869565217,0.0,1.0,0.0,0.0,1.0,0.0,brute_force_only,1
0.00936111313469804,0.0,ssh,0.0,0.40000000000000013,0.0,0.017842822774659182,0.01906382145725931,0.0,0.0,0.0,0.019310749380995664,0.0,0.006917611929577336,0.0,0.0018397890633766142,0.5826086956521739,0.5826086956521739,0.0,0.6390041493775933,0.0,0.0,0.6390041493775933,0.0,zero_day_buffer_overflow,1
0.008304800757630945,0.0,ssh,0.0,0.0,0.0,0.0,0.0,0.0,0.0,0.0,0.0,0.0,0.012604592362259135,0.0,0.009436755280298973,0.22608695652173913,0.2260869565217391,0.0,0.2987551867219917,0.0,0.0,0.2987551867219917,0.0,privilege_escalation,1
0.0048808916733445035,0.0,ssh,0.0,0.0,0.0,0.0,0.0,0.0,0.0,0.0,0.0,0.0,0.010511978618635492,0.0,0.006169440302075645,0.07826086956521738,0.07826086956521741,0.0,0.38174273858921165,0.0,0.0,0.38174273858921165,0.0,botnet_malware_download,1
0.02833831135717928,0.0,ssh,0.2,0.19999999999999996,0.6530612244897959,0.921411387329591,0.3892173431556338,0.0,0.0,0.36182669457081557,0.3888440982598932,0.01622258061015326,0.026676773739442217,0.0,0.012696668765730022,0.5652173913043478,0.5652173913043477,0.01727581311191515,0.6887966804979253,0.0,0.0,0.6887966804979253,0.0,zero_day_obfuscated_memory_attack,1
0.006192176003496757,0.0,ssh,0.0,0.0,0.0,0.0,0.0,0.0,0.0,0.0,0.0,0.0,0.010365978915598888,0.0,0.004212263563013497,0.617391304347826,0.6173913043478261,0.0,0.04564315352697096,0.0,0.0,0.04564315352697096,0.0,reconnaissance,0
0.007976979675092881,0.0,ssh,0.0,0.0,0.0,0.0,0.0,0.0,0.0,0.0,0.0,0.0,0.012653356263073364,0.0,0.008100859846220665,0.34782608695652173,0.34782608695652173,0.0,0.2987551867219917,0.0,0.0,0.2987551867219917,0.0,privilege_escalation,1
0.005900779485685145,0.0,ssh,0.0,0.0,0.0,0.0,0.0,0.0,0.0,0.0,0.0,0.0,0.010073979509525679,0.0,0.005638235164373832,0.3217391304347825,0.3217391304347826,0.0,0.05394190871369292,0.0,0.0,0.05394190871369292,0.0,evasion_anti_forensics,1
0.09353828221752751,0.0,ssh,0.1,0.40000000000000013,0.17346938775510204,0.309943865276664,0.04216592991995111,0.0,0.0,0.03104315444586733,0.042247537862589724,0.0,0.07275778401066732,0.0,0.05387354164686767,0.3999999999999999,0.39999999999999997,0.13441518723192172,0.05394190871369292,0.0,0.0,0.05394190871369292,0.0,evasion_anti_forensics,1
0.007175639251110949,0.0,ssh,0.0,0.40000000000000013,0.0,0.007217321571772253,0.00940597639257783,0.0,0.0,0.0,0.009527813211321292,0.0,0.0041401135790089805,0.0,0.0025102162805011818,0.26956521739130435,0.2695652173913043,0.0,0.6390041493775933,0.0,0.0,0.6390041493775933,0.0,zero_day_buffer_overflow,1
0.008231951628178042,0.0,ssh,0.0,0.40000000000000013,0.0,0.009823576583801123,0.011573198217428023,0.0,0.0,0.0,0.011723100392076732,0.0,0.00537658506402598,0.0,0.002898350562528255,0.8608695652173912,0.8608695652173912,0.0,0.6390041493775933,0.0,0.0,0.6390041493775933,0.0,zero_day_buffer_overflow,1
0.012384352006993515,0.0,ssh,0.2,0.19999999999999996,0.6530612244897959,0.41960705693664796,0.36984602379533044,0.0,0.0,0.7427884558805024,0.3635207953055396,0.010978772859700003,0.012979811599063211,0.0,0.01020103342602963,0.26086956521739124,0.2608695652173913,0.010846663404003478,0.6887966804979253,0.0,0.0,0.6887966804979253,0.0,zero_day_obfuscated_memory_attack,1
0.7964231077438624,0.0,ssh,1.0,0.19999999999999996,0.6428571428571428,0.34362469927826783,0.005776901975817042,0.0,0.0,0.0138631766081685,0.005644269526687282,0.1677974905755996,0.7988665751053863,0.1415968189386364,0.8038090746446469,0.5391304347826086,0.5391304347826087,0.19691016261142544,0.04564315352697096,0.0,0.0,0.04564315352697096,0.0,reconnaissance,0
0.013659211772419319,0.0,ssh,0.2,0.19999999999999996,0.6530612244897959,0.44747393744987973,0.3631277830753582,0.0,0.0,0.6851441427691072,0.3575781804237267,0.008411336970780824,0.014785827925625999,0.0,0.011221625267156882,0.3391304347826086,0.3391304347826086,0.01250229387983057,0.6887966804979253,0.0,0.0,0.6887966804979253,0.0,zero_day_obfuscated_memory_attack,1
0.0017119545421432213,0.0,ssh,0.0,0.0,0.0,0.0,0.0,0.0,0.0,0.0,0.0,0.0,0.005255989309317746,0.0,0.001544691545748479,0.4782608695652174,0.47826086956521735,0.0,0.04564315352697096,0.0,0.0,0.04564315352697096,0.0,reconnaissance,0
0.15607925985284474,0.0,ssh,0.4,0.40000000000000013,0.6530612244897959,0.21251002405773856,0.018384187609014283,0.0,0.0,0.07085533072385243,0.01756196598733078,0.07585495417783021,0.12400528577324876,0.12393583926201693,0.11666810255626836,0.7043478260869565,0.7043478260869565,0.08286607005990558,0.2987551867219917,0.0,0.0,0.2987551867219917,0.0,evasion_anti_forensics,1
0.10905514679099584,0.0,ssh,0.4,0.6000000000000001,0.8061224489795917,0.14113873295910184,0.018192299216815467,0.0,0.0,0.12424165997216947,0.0165686700251936,0.038348175482779565,0.07158394639825304,0.02678740079550673,0.05198349644743149,0.4434782608695652,0.44347826086956516,0.015356739692881354,0.3402489626556016,0.0,0.0,0.3402489626556016,0.0,botnet_malware_download,1
0.29656880600276825,0.0,ssh,0.1,0.19999999999999996,0.49999999999999994,0.03608660785886127,0.001987623362759121,0.0,0.0,0.028787816516038216,0.0015825582039625517,0.0,0.2991671154940871,0.0,0.2960625982733205,0.11304347826086955,0.11304347826086955,0.46289243511592926,0.5394190871369295,0.0,0.0,0.5394190871369295,0.0,zero_day_covert_tunnel,1
0.01059954833539739,0.0,ssh,0.0,0.40000000000000013,0.0,0.01744186046511628,0.01690897515692272,0.0,0.0,0.0,0.017127996216630907,0.0,0.008239931239979858,0.0,0.004024635720729243,0.3913043478260869,0.39130434782608686,0.0,0.6390041493775933,0.0,0.0,0.6390041493775933,0.0,zero_day_buffer_overflow,1
0.012311502877540612,0.0,ssh,0.2,0.19999999999999996,0.6530612244897959,0.6485565356856455,0.5683895807698701,0.0,0.0,0.7463768391460035,0.5645823616471396,0.01075251489997458,0.010416348813146516,0.0,0.0069641385831825655,0.5391304347826086,0.5391304347826087,0.007416253345373582,0.6887966804979253,0.0,0.0,0.6887966804979253,0.0,zero_day_obfuscated_memory_attack,1
0.0060100531798645,0.0,ssh,0.0,0.0,0.0,0.0,0.0,0.0,0.0,0.0,0.0,0.0,0.009441362796268074,0.0,0.003505865090918457,0.6608695652173913,0.6608695652173913,0.0,0.6887966804979253,0.0,0.0,0.6887966804979253,0.0,zero_day_obfuscated_memory_attack,1
0.008778320099074815,0.0,ssh,0.0,0.0,0.0,0.0,0.0,0.0,0.0,0.0,0.0,0.0,0.01197197564900153,0.0,0.006679551185319465,0.7391304347826086,0.7391304347826086,0.0,0.3402489626556016,0.0,0.0,0.3402489626556016,0.0,brute_force_only,1
0.006119326874043854,0.0,ssh,0.0,0.0,0.0,0.0,0.0,0.0,0.0,0.0,0.0,0.0,0.010122597410636869,0.0,0.00269103474941654,0.7565217391304346,0.7565217391304346,0.0,0.6390041493775933,0.0,0.0,0.6390041493775933,0.0,zero_day_buffer_overflow,1
0.1106578276389597,0.0,ssh,0.2,0.40000000000000013,0.39795918367346933,0.09081796311146752,0.01126965192278774,0.0,0.0,0.060467861012038986,0.010510731896593722,0.1490150379327389,0.08874066350149044,0.0,0.05614861250135817,0.5130434782608695,0.5130434782608695,0.06226100252035541,1.0,0.0,0.0,1.0,0.0,botnet_malware_download,1
0.052742769723901795,0.0,ssh,0.1,0.40000000000000013,0.32653061224489793,0.2698476343223737,0.06449534914949617,0.0,0.0,0.10137795293410895,0.06381363076919706,0.0,0.040993942618320726,0.0,0.037105681770744976,0.7304347826086957,0.7304347826086954,0.06114558002373524,0.3402489626556016,0.0,0.0,0.3402489626556016,0.0,botnet_malware_download,1
0.09266409266409267,0.0,ssh,0.2,0.40000000000000013,0.24489795918367346,0.1850441058540497,0.02578177686254533,0.0,0.0,0.044227074206290934,0.02545386697982573,0.12100920258210321,0.0740894473020642,0.0,0.07055406390804149,0.3739130434782608,0.3739130434782609,0.032173546153092876,0.05394190871369292,0.0,0.0,0.05394190871369292,0.0,evasion_anti_forensics,1
0.004261674072994827,0.0,ssh,0.0,0.0,0.0,0.0,0.0,0.0,0.0,0.0,0.0,0.0,0.00618060542864856,0.0,0.0014597224084931242,0.7130434782608696,0.7130434782608694,0.0,0.0580912863070539,0.0,0.0,0.0580912863070539,0.0,privilege_escalation,1
0.013659211772419319,0.0,ssh,0.0,0.40000000000000013,0.0,0.014033680834001604,0.011070965908190384,0.0,0.0,0.0,0.011214369070087911,0.0,0.010014265630983708,0.0,0.004790838254585891,0.5739130434782608,0.5739130434782609,0.0,0.6390041493775933,0.0,0.0,0.6390041493775933,0.0,zero_day_buffer_overflow,1
0.01602680847963867,0.0,ssh,0.2,0.19999999999999996,0.6530612244897959,0.8993584603047313,0.6289640641730363,0.0,0.0,0.598837242636038,0.6281493717803861,0.014153208209612215,0.01530865286220008,0.0,0.010436622941607847,0.3391304347826086,0.3391304347826086,0.009762037433581294,0.6887966804979253,0.0,0.0,0.6887966804979253,0.0,zero_day_obfuscated_memory_attack,1
0.45264806585561296,0.0,ssh,0.6000000000000001,0.40000000000000013,0.32653061224489793,0.2710505212510024,0.00789561317114734,0.0,0.0,0.01235704298823766,0.007812964145214209,0.17364081614666252,0.36220730527034106,0.13761506091824238,0.3006609977153072,0.591304347826087,0.5913043478260869,0.0922354806201613,0.0,0.0,0.0,0.0,0.0,reconnaissance,0
0.28276389597144314,0.0,ssh,0.1,0.19999999999999996,0.49999999999999994,0.02305533279871692,0.0014922671374587241,0.0,0.0,0.030179644274607096,0.0010599625149458189,0.0,0.28324949787052134,0.0,0.27705837735001093,0.4695652173913043,0.46956521739130436,0.4351467258390582,0.5394190871369295,0.0,0.0,0.5394190871369295,0.0,zero_day_covert_tunnel,1
0.4883441392875355,0.0,ssh,0.6000000000000001,0.19999999999999996,0.4183673469387755,0.13612670408981556,0.003808993857873827,0.0,0.0,0.01468166451302112,0.003638619178009108,0.17240519446181024,0.4891073271556966,0.19003163439760973,0.4804824855515459,0.20869565217391303,0.208695652173913,0.15469268123438473,0.004149377593360981,0.0,0.0,0.004149377593360981,0.0,reconnaissance,0
0.013732060901872222,0.0,ssh,0.2,0.19999999999999996,0.6530612244897959,0.35384923817161185,0.2879914800469668,0.0,0.0,0.6821192017009001,0.2815139169158781,0.004780357125826721,0.013882235763532457,0.0,0.009939020581182977,0.6521739130434782,0.6521739130434783,0.01189149611023726,0.6887966804979253,0.0,0.0,0.6887966804979253,0.0,zero_day_obfuscated_memory_attack,1
0.008741895534348364,0.0,ssh,0.0,0.0,0.0,0.0,0.0,0.0,0.0,0.0,0.0,0.0,0.011144595331893095,0.0,0.008266579269839775,0.5826086956521739,0.5826086956521739,0.0,0.004149377593360981,0.0,0.0,0.004149377593360981,0.0,reconnaissance,0
0.0038610038610038607,0.0,ssh,0.0,0.0,0.0,0.0,0.0,0.0,0.0,0.0,0.0,0.0,0.004574608695245914,0.0,0.004647101264559847,0.28695652173913044,0.28695652173913044,0.0,0.38174273858921165,0.0,0.0,0.38174273858921165,0.0,brute_force_only,1
0.3002841116048663,0.0,ssh,0.1,0.6000000000000001,0.21428571428571427,0.5801924619085805,0.02499075616081072,0.0,0.0,0.012186368766520862,0.025132087403393823,0.0,0.1987028218384604,0.0,0.153885324823393,0.6956521739130435,0.6956521739130435,0.10875660582603378,0.0580912863070539,0.0,0.0,0.0580912863070539,0.0,privilege_escalation,1
0.29802578859182627,0.0,ssh,0.4,0.19999999999999996,0.32653061224489793,0.5198476343223737,0.02267350160822616,0.0,0.0,0.01870910540334187,0.022687205489845715,0.18288450616404953,0.2991184975929759,0.03289989421003623,0.28480463167655357,0.7391304347826086,0.7391304347826086,0.06953509587120084,0.0,0.0,0.0,0.0,0.0,reconnaissance,0
0.0032417862606541853,0.0,ssh,0.0,0.0,0.0,0.0,0.0,0.0,0.0,0.0,0.0,0.0,0.00442860899220931,0.0,0.003739012113875223,0.27826086956521734,0.27826086956521734,0.0,1.0,0.0,0.0,1.0,0.0,brute_force_only,1
0.10027682669192103,0.0,ssh,0.4,0.19999999999999996,0.6020408163265306,0.18163592622293503,0.0243309160189203,0.0,0.0,0.10069260057844559,0.023139214923565292,0.061638933075329104,0.10052663552882334,0.06471880568984652,0.088507790959343,0.7739130434782607,0.7739130434782608,0.01603247545591835,0.38174273858921165,0.0,0.0,0.38174273858921165,0.0,botnet_malware_download,1
0.00794055511036643,0.0,ssh,0.0,0.40000000000000013,0.0,0.016639935846030473,0.02013700411790407,0.0,0.0,0.0,0.02039783732095069,0.0,0.006130089531397893,0.0,0.0041478705757206765,0.3913043478260869,0.39130434782608686,0.0,0.6390041493775933,0.0,0.0,0.6390041493775933,0.0,zero_day_buffer_overflow,1
0.003678881037371603,0.0,ssh,0.0,0.0,0.0,0.0,0.0,0.0,0.0,0.0,0.0,0.0,0.008175983370049827,0.0,0.0025606204464165964,0.4260869565217391,0.42608695652173906,0.0,1.0,0.0,0.0,1.0,0.0,brute_force_only,1
0.09189917680483718,0.0,ssh,0.2,0.40000000000000013,0.14285714285714285,0.2714514835605453,0.037544295639996436,0.0,0.0,0.02600760103802275,0.037641397927355796,0.03927573445865975,0.07212078730631862,0.0,0.07672106171749567,0.1739130434782609,0.17391304347826086,0.055535710186925685,1.0,0.0,0.0,1.0,0.0,botnet_malware_download,1
0.1829241640562395,0.0,ssh,0.4,0.40000000000000013,0.5816326530612245,0.1661988773055333,0.012396466611569549,0.0,0.0,0.053982542344618405,0.011749193508342998,0.11424275768989309,0.14622673257482596,0.11074196602772264,0.11869344704394738,0.3652173913043478,0.36521739130434777,0.03893597886643178,1.0,0.0,0.0,1.0,0.0,evasion_anti_forensics,1
0.664966853646099,0.0,ssh,0.7000000000000001,0.19999999999999996,0.4183673469387755,0.4304330392943063,0.008513369396824354,0.0,0.0,0.010798222453328475,0.008462049717323927,0.22768563758539348,0.6675573621883253,0.16749137175124332,0.6683573896652067,0.5826086956521739,0.5826086956521739,0.08726178396778983,0.004149377593360981,0.0,0.0,0.004149377593360981,0.0,reconnaissance,0
0.006519997086034821,0.0,ssh,0.0,0.0,0.0,0.0,0.0,0.0,0.0,0.0,0.0,0.0,0.008662600380270826,0.0,0.004128996769100366,0.7478260869565218,0.7478260869565216,0.0,0.5394190871369295,0.0,0.0,0.5394190871369295,0.0,zero_day_covert_tunnel,1
0.0057550812267793405,0.0,ssh,0.0,0.0,0.0,0.0,0.0,0.0,0.0,0.0,0.0,0.0,0.007689366359828826,0.0,0.005472145666115107,0.4347826086956521,0.43478260869565216,0.0,1.0,0.0,0.0,1.0,0.0,brute_force_only,1
0.290740875646536,0.0,ssh,0.1,0.19999999999999996,0.49999999999999994,0.058941459502806735,0.003036204764586924,0.0,0.0,0.029359406174411552,0.002636169717088275,0.0,0.28984634845252727,0.0,0.28326741563852526,0.6956521739130435,0.6956521739130435,0.44787676406712074,0.5394190871369295,0.0,0.0,0.5394190871369295,0.0,zero_day_covert_tunnel,1
0.005827930356232242,0.0,ssh,0.0,0.0,0.0,0.0,0.0,0.0,0.0,0.0,0.0,0.0,0.006521368735535993,0.0,0.004483158199210882,0.6608695652173913,0.6608695652173913,0.0,0.3402489626556016,0.0,0.0,0.3402489626556016,0.0,brute_force_only,1
0.011109492241567712,0.0,ssh,0.0,0.40000000000000013,0.0,0.01222935044105854,0.011420076958215621,0.0,0.0,0.0,0.011567998487132119,0.0,0.008674718355622864,0.0,0.0036222165576130713,0.8086956521739129,0.8086956521739128,0.0,0.6390041493775933,0.0,0.0,0.6390041493775933,0.0,zero_day_buffer_overflow,1
0.00819552706345159,0.0,ssh,0.0,0.0,0.0,0.0,0.0,0.0,0.0,0.0,0.0,0.0,0.013577972382404173,0.0,0.005539203190813149,0.6695652173913043,0.6695652173913043,0.0,0.3402489626556016,0.0,0.0,0.3402489626556016,0.0,botnet_malware_download,1
0.007649158592554817,0.0,ssh,0.0,0.0,0.0,0.0,0.0,0.0,0.0,0.0,0.0,0.0,0.009976597707600263,0.0,0.008650790760686942,0.3217391304347825,0.3217391304347826,0.0,0.6887966804979253,0.0,0.0,0.6887966804979253,0.0,zero_day_obfuscated_memory_attack,1
0.5361695927733663,0.0,ssh,0.1,0.19999999999999996,0.49999999999999994,0.07738572574178026,0.0020970486777811288,0.0,0.0,0.015989301840439035,0.0018849352530763272,0.0,0.5362608512454285,0.0,0.5365755868569619,0.22608695652173913,0.2260869565217391,0.8441424718814451,0.5394190871369295,0.0,0.0,0.5394190871369295,0.0,zero_day_covert_tunnel,1
0.07874990893858819,0.0,ssh,0.2,0.19999999999999996,0.6632653061224489,0.13753007217321572,0.023935583989731866,0.0,0.0,0.14022703896097782,0.022147127385835862,0.058956641674151045,0.07988198552004147,0.0,0.0679337134147912,0.33043478260869563,0.33043478260869563,0.07228855906744888,0.3402489626556016,0.0,0.0,0.3402489626556016,0.0,botnet_malware_download,1
0.0096160850877832,0.0,ssh,0.0,0.0,0.0,0.0,0.0,0.0,0.0,0.0,0.0,0.0,0.014551352402549214,0.0,0.009712830961450952,0.3826086956521738,0.38260869565217387,0.0,0.3402489626556016,0.0,0.0,0.3402489626556016,0.0,brute_force_only,1
0.0096160850877832,0.0,ssh,0.0,0.0,0.0,0.0,0.0,0.0,0.0,0.0,0.0,0.0,0.013821353887366194,0.0,0.009056392565703791,0.5043478260869564,0.5043478260869565,0.0,0.38174273858921165,0.0,0.0,0.38174273858921165,0.0,brute_force_only,1
0.11561156844175711,0.0,ssh,0.4,0.19999999999999996,0.8673469387755102,0.1806335204490778,0.021640020486165097,0.0,0.0,0.1262740592262483,0.02003063886930109,0.06006515768831453,0.11504017400828608,0.05072094683526276,0.10302359862355918,0.408695652173913,0.40869565217391296,0.042045735955659455,0.38174273858921165,0.0,0.0,0.38174273858921165,0.0,botnet_malware_download,1
0.16707947840023313,0.0,ssh,0.30000000000000004,0.19999999999999996,0.4183673469387755,0.17121090617481957,0.013690575566600372,0.0,0.0,0.042451893316058295,0.013232619365636416,0.10893712363649159,0.1652737078332783,0.031241834167442643,0.15656695967696335,0.7478260869565218,0.7478260869565216,0.10023450343600418,0.05394190871369292,0.0,0.0,0.05394190871369292,0.0,evasion_anti_forensics,1
0.005245137320609019,0.0,ssh,0.0,0.0,0.0,0.0,0.0,0.0,0.0,0.0,0.0,0.0,0.010317361014487698,0.0,0.003541984375744775,0.4869565217391303,0.48695652173913034,0.0,1.0,0.0,0.0,1.0,0.0,reconnaissance,0
0.36654039484228157,0.0,ssh,0.1,0.40000000000000013,0.07142857142857142,0.2570168404170008,0.009068220867063059,0.0,0.0,0.0033333375579427814,0.009135793288821054,0.0,0.2923220654169189,0.0,0.19352313129330428,0.5565217391304347,0.5565217391304347,0.5635678363848615,0.02074688796680496,0.0,0.0,0.02074688796680496,0.0,privilege_escalation,1
0.007904130545639978,0.0,ssh,0.0,0.40000000000000013,0.0,0.018043303929430633,0.02190982831916311,0.0,0.0,0.0,0.02219362553397378,0.0,0.005693112420209338,0.0,0.001717886477087791,0.9217391304347825,0.9217391304347824,0.0,0.6390041493775933,0.0,0.0,0.6390041493775933,0.0,zero_day_buffer_overflow,1
0.01012602899395352,0.0,ssh,0.0,0.0,0.0,0.0,0.0,0.0,0.0,0.0,0.0,0.0,0.014843351808622422,0.0,0.010658445680592427,0.34782608695652173,0.34782608695652173,0.0,0.2987551867219917,0.0,0.0,0.2987551867219917,0.0,privilege_escalation,1
0.13367815254607707,0.0,ssh,0.4,0.19999999999999996,0.5918367346938775,0.09342421812349638,0.009977632897833277,0.0,0.0,0.07475476594788558,0.00898817494489483,0.06756940742448395,0.13211425527960477,0.08011356881507395,0.1263262364859844,0.7217391304347825,0.7217391304347824,0.06113248861653123,1.0,0.0,0.0,1.0,0.0,botnet_malware_download,1
0.013695636337145772,0.0,ssh,0.2,0.19999999999999996,0.6530612244897959,0.5419005613472333,0.43665140190298335,0.0,0.0,0.6836283528990085,0.43207682534509545,0.010696690352498721,0.012514364545782515,0.0,0.008417717752658097,0.8521739130434782,0.8521739130434782,0.009155680361585821,0.6887966804979253,0.0,0.0,0.6887966804979253,0.0,zero_day_obfuscated_memory_attack,1
0.0032053616959277337,0.0,ssh,0.0,0.0,0.0,0.0,0.0,0.0,0.0,0.0,0.0,0.0,0.0064726048347217655,0.0,0.0008517637905353855,0.591304347826087,0.5913043478260869,0.0,0.05394190871369292,0.0,0.0,0.05394190871369292,0.0,evasion_anti_forensics,1
0.24670357689225614,0.0,ssh,0.4,0.40000000000000013,0.5816326530612245,0.32538091419406573,0.017496302571317294,0.0,0.0,0.04018152784690546,0.017121614507464127,0.1467067463349006,0.1957531898380119,0.059511984198491664,0.15231746660520468,0.7739130434782607,0.7739130434782608,0.06653329963785823,1.0,0.0,0.0,1.0,0.0,evasion_anti_forensics,1
0.27398557587236827,0.0,ssh,0.1,0.19999999999999996,0.49999999999999994,0.07397754611066559,0.003924111200885377,0.0,0.0,0.031136880424059054,0.00350897637293746,0.0,0.2729071709068144,0.0,0.26701499572045684,0.9478260869565217,0.9478260869565216,0.42145807364383686,0.5394190871369295,0.0,0.0,0.5394190871369295,0.0,zero_day_covert_tunnel,1
0.23359073359073357,0.0,ssh,0.1,0.19999999999999996,0.49999999999999994,0.04210104250200481,0.002846991197571162,0.0,0.0,0.036458319188435624,0.0023382714248041145,0.0,0.23232669944749335,0.0,0.23264979067098085,0.6260869565217391,0.6260869565217391,0.36547091175826363,0.5394190871369295,0.0,0.0,0.5394190871369295,0.0,zero_day_covert_tunnel,1
0.11688642820718292,0.0,ssh,0.0,0.6000000000000001,0.0,0.2951082598235766,0.03196219226617737,0.0,0.0,0.0,0.0323761943386543,0.0,0.07662677614113733,0.0,0.053057527066518985,0.3391304347826086,0.3391304347826086,0.0,0.02074688796680496,0.0,0.0,0.02074688796680496,0.0,privilege_escalation,1
0.007612734027828366,0.0,ssh,0.0,0.0,0.0,0.0,0.0,0.0,0.0,0.0,0.0,0.0,0.00905198158826945,0.0,0.007439166390590985,0.5304347826086956,0.5304347826086957,0.0,1.0,0.0,0.0,1.0,0.0,botnet_malware_download,1
0.1786624899832447,0.0,ssh,0.6000000000000001,0.19999999999999996,0.9999999999999999,0.23275862068965517,0.018029070684844693,0.0,0.0,0.09499221434654434,0.01684104509343966,0.06129518869683637,0.17960095069166632,0.046921137896885866,0.1703011697023149,0.5130434782608695,0.5130434782608695,0.05293553756489906,1.0,0.0,0.0,1.0,0.0,botnet_malware_download,1
0.014715524149486412,0.0,ssh,0.2,0.19999999999999996,0.6530612244897959,0.4103849238171612,0.31369755579039804,0.0,0.0,0.6437500313073735,0.30812715060765267,0.011698654653070581,0.014750203998085071,0.0,0.007601037037958112,0.408695652173913,0.40869565217391296,0.007602416616098463,0.6887966804979253,0.0,0.0,0.6887966804979253,0.0,zero_day_obfuscated_memory_attack,1
0.017374517374517378,0.0,ssh,0.2,0.19999999999999996,0.6530612244897959,0.3971531676022454,0.26377419773468985,0.0,0.0,0.5587703827598758,0.25882886364977203,0.014998058062133461,0.01573424199655178,0.0,0.00818797541638578,0.27826086956521734,0.27826086956521734,0.009841796976150225,0.6887966804979253,0.0,0.0,0.6887966804979253,0.0,zero_day_obfuscated_memory_attack,1
0.014824797843665765,0.0,ssh,0.2,0.19999999999999996,0.6530612244897959,0.5653568564554932,0.4259045320797063,0.0,0.0,0.6397515591675564,0.42184736371255643,0.00981566553548649,0.013082449390297941,0.0,0.006284163440355959,0.6086956521739131,0.6086956521739129,0.005423129852110928,0.6887966804979253,0.0,0.0,0.6887966804979253,0.0,zero_day_obfuscated_memory_attack,1
0.1698477453194434,0.0,ssh,0.4,0.19999999999999996,0.5918367346938775,0.23817161186848435,0.018754069568194337,0.0,0.0,0.05909081938653963,0.01811269592801102,0.10069687780458746,0.17144832727410236,0.07165716085807548,0.17215850030360924,0.27826086956521734,0.27826086956521734,0.05552953934740661,0.05394190871369292,0.0,0.0,0.05394190871369292,0.0,evasion_anti_forensics,1
0.12049246011510162,0.0,ssh,0.2,0.19999999999999996,0.1020408163265306,0.5240577385725742,0.05530922912123119,0.0,0.0,0.014267532083947333,0.05581212893428543,0.17907150047504306,0.11991349809594488,0.0,0.10806512543901954,0.8869565217391303,0.8869565217391304,0.047938830024975176,0.004149377593360981,0.0,0.0,0.004149377593360981,0.0,reconnaissance,0
0.01748379106869673,0.0,ssh,0.2,0.19999999999999996,0.6530612244897959,0.5960304731355253,0.38961362385615383,0.0,0.0,0.5557553996996544,0.3863433840679724,0.013571449007934486,0.016920051584615077,0.0,0.00969654767730794,0.3913043478260869,0.39130434782608686,0.01087065470531127,0.6887966804979253,0.0,0.0,0.6887966804979253,0.0,zero_day_obfuscated_memory_attack,1
0.016172506738544475,0.0,ssh,0.2,0.19999999999999996,0.6530612244897959,0.591018444266239,0.4131576134390864,0.0,0.0,0.5942307888450273,0.40961655256618945,0.0068893575556510725,0.014141677235828503,0.0,0.008823023497963257,0.5478260869565217,0.5478260869565217,0.015608706028010535,0.6887966804979253,0.0,0.0,0.6887966804979253,0.0,zero_day_obfuscated_memory_attack,1
0.2044146572448459,0.0,ssh,0.1,0.19999999999999996,0.49999999999999994,0.05513231756214916,0.004063023788725389,0.0,0.0,0.041592487051119405,0.0034932244072457233,0.0,0.20574935150581908,0.0,0.20134206827906706,0.7826086956521738,0.7826086956521738,0.3139618762074228,0.5394190871369295,0.0,0.0,0.5394190871369295,0.0,zero_day_covert_tunnel,1
0.0084140744518103,0.0,ssh,0.0,0.40000000000000013,0.0,0.011627906976744186,0.01347577640510029,0.0,0.0,0.0,0.013650325080480728,0.0,0.005276137268336797,0.0,0.003361906056108644,0.4956521739130434,0.49565217391304334,0.0,0.6390041493775933,0.0,0.0,0.6390041493775933,0.0,zero_day_buffer_overflow,1
0.23701464267502004,0.0,ssh,0.5,0.19999999999999996,0.7551020408163265,0.34021651964715316,0.019189288590512495,0.0,0.0,0.054273316177797876,0.018625645897539893,0.10812696886355035,0.23743844105021092,0.0585139799053382,0.2245749100644611,0.7565217391304346,0.7565217391304346,0.05453044005929081,1.0,0.0,0.0,1.0,0.0,evasion_anti_forensics,1
0.00287754061338967,0.0,ssh,0.0,0.0,0.0,0.0,0.0,0.0,0.0,0.0,0.0,0.0,0.003990609883099499,0.0,0.003021289357807997,0.33043478260869563,0.33043478260869563,0.0,0.38174273858921165,0.0,0.0,0.38174273858921165,0.0,brute_force_only,1
0.015006920667298024,0.0,ssh,0.2,0.19999999999999996,0.6530612244897959,0.5471130713712911,0.4082397155218565,0.0,0.0,0.6331967154989272,0.4040518277116158,0.004312055767325259,0.013717548098507169,0.0,0.007854908240733257,0.34782608695652173,0.34782608695652173,0.009018422435834514,0.6887966804979253,0.0,0.0,0.6887966804979253,0.0,zero_day_obfuscated_memory_attack,1
0.010635972900123842,0.0,ssh,0.0,0.0,0.0,0.0,0.0,0.0,0.0,0.0,0.0,0.0,0.01318859117440555,0.0,0.009162085882777525,0.7826086956521738,0.7826086956521738,0.0,0.3402489626556016,0.0,0.0,0.3402489626556016,0.0,brute_force_only,1
0.0077948568514606235,0.0,ssh,0.0,0.0,0.0,0.0,0.0,0.0,0.0,0.0,0.0,0.0,0.01124197713381851,0.0,0.007191216382049663,0.4782608695652174,0.47826086956521735,0.0,1.0,0.0,0.0,1.0,0.0,brute_force_only,1
0.007212063815837401,0.0,ssh,0.0,0.0,0.0,0.0,0.0,0.0,0.0,0.0,0.0,0.0,0.009149363390194865,0.0,0.007523173333783343,0.4260869565217391,0.42608695652173906,0.0,0.6390041493775933,0.0,0.0,0.6390041493775933,0.0,zero_day_buffer_overflow,1
0.004006702119909666,0.0,ssh,0.0,0.0,0.0,0.0,0.0,0.0,0.0,0.0,0.0,0.0,0.005693988418427559,0.0,0.0028188585299391863,0.5739130434782608,0.5739130434782609,0.0,0.6887966804979253,0.0,0.0,0.6887966804979253,0.0,zero_day_obfuscated_memory_attack,1
0.09517738763021782,0.0,ssh,0.6000000000000001,0.19999999999999996,0.9999999999999999,0.28728949478749,0.040611449915168095,0.0,0.0,0.1759599323555535,0.038504257209193815,0.03599351415773008,0.09619205034536961,0.043451583138057415,0.09239076210802803,0.4782608695652174,0.47826086956521735,0.018307208382560676,1.0,0.0,0.0,1.0,0.0,botnet_malware_download,1
0.12085670576236614,0.0,ssh,0.5,0.19999999999999996,0.673469387755102,0.12489975942261428,0.014480098366232472,0.0,0.0,0.09388814284297747,0.013262627668604917,0.052593054341045074,0.12202246380630863,0.04107885244744146,0.11252097212982691,0.6695652173913043,0.6695652173913043,0.03058348805608059,0.3402489626556016,0.0,0.0,0.3402489626556016,0.0,botnet_malware_download,1
0.006228600568223209,0.0,ssh,0.0,0.0,0.0,0.0,0.0,0.0,0.0,0.0,0.0,0.0,0.011728594144039513,0.0,0.005131380937958615,0.3826086956521738,0.38260869565217387,0.0,0.6390041493775933,0.0,0.0,0.6390041493775933,0.0,zero_day_buffer_overflow,1
0.0030596634370219276,0.0,ssh,0.0,0.0,0.0,0.0,0.0,0.0,0.0,0.0,0.0,0.0,0.0024819949516222684,0.0,0.001214362922429099,0.7739130434782607,0.7739130434782608,0.0,0.5394190871369295,0.0,0.0,0.5394190871369295,0.0,zero_day_covert_tunnel,1
0.46208202811976395,0.0,ssh,0.1,0.19999999999999996,0.49999999999999994,0.02987169206094627,0.001106650073335147,0.0,0.0,0.018537706962862482,0.00084356964917681,0.0,0.46285526655238785,0.0,0.46431222220347174,0.18260869565217389,0.18260869565217386,0.7298311300744917,0.5394190871369295,0.0,0.0,0.5394190871369295,0.0,zero_day_covert_tunnel,1
0.50903329205216,0.0,ssh,0.1,0.19999999999999996,0.49999999999999994,0.09823576583801122,0.0027361892391882746,0.0,0.0,0.01683712060517651,0.0025196615279821635,0.0,0.5081559084108823,0.0,0.5074316168679428,0.5391304347826086,0.5391304347826087,0.7992164533267111,0.5394190871369295,0.0,0.0,0.5394190871369295,0.0,zero_day_covert_tunnel,1
0.16511255190500473,0.0,ssh,0.6000000000000001,0.19999999999999996,0.9999999999999999,0.08520449077786688,0.008093921143785493,0.0,0.0,0.1026592166282559,0.006662474565928873,0.06480103605098303,0.16531867574181355,0.0415952800658034,0.1593312692050234,0.5304347826086956,0.5304347826086957,0.029549555243950587,1.0,0.0,0.0,1.0,0.0,botnet_malware_download,1
0.019523566693378014,0.0,ssh,0.2,0.19999999999999996,0.6530612244897959,0.6972734562951083,0.4128205141373498,0.0,0.0,0.5049019652219287,0.41061188695425216,0.014332027636357419,0.017162995090467988,0.0,0.0070091396593596166,0.8086956521739129,0.8086956521739128,0.010605596962978078,0.6887966804979253,0.0,0.0,0.6887966804979253,0.0,zero_day_obfuscated_memory_attack,1
0.009433962264150943,0.0,ssh,0.0,0.0,0.0,0.0,0.0,0.0,0.0,0.0,0.0,0.0,0.014161971194550592,0.0,0.009528903865562838,0.417391304347826,0.41739130434782606,0.0,0.6390041493775933,0.0,0.0,0.6390041493775933,0.0,zero_day_buffer_overflow,1
0.4973774313396954,0.0,ssh,0.30000000000000004,0.19999999999999996,0.5612244897959183,0.7973135525260625,0.020945100903607305,0.0,0.0,0.019339236078357813,0.02092699083479901,0.337946107195628,0.496312412500553,0.23491316231125423,0.49110888276834774,0.9391304347826085,0.9391304347826086,0.2983732398256986,0.02074688796680496,0.0,0.0,0.02074688796680496,0.0,privilege_escalation,1
0.4602972244481678,0.0,ssh,0.4,0.19999999999999996,0.37755102040816324,0.14735364875701684,0.004331447845495364,0.0,0.0,0.014051835595822923,0.004177271196712653,0.2938279426607081,0.46320289184531804,0.05614034399540873,0.4628421377050694,0.4956521739130434,0.49565217391304334,0.10403516386577835,0.004149377593360981,0.0,0.0,0.004149377593360981,0.0,reconnaissance,0
0.0026589932250309606,0.0,ssh,0.0,0.0,0.0,0.0,0.0,0.0,0.0,0.0,0.0,0.0,0.003552610773989686,0.0,0.0015278161421820844,0.4782608695652174,0.47826086956521735,0.0,0.6390041493775933,0.0,0.0,0.6390041493775933,0.0,zero_day_buffer_overflow,1
0.0057550812267793405,0.0,ssh,0.0,0.0,0.0,0.0,0.0,0.0,0.0,0.0,0.0,0.0,0.007445984854866807,0.0,0.004225290190327907,0.6260869565217391,0.6260869565217391,0.0,0.38174273858921165,0.0,0.0,0.38174273858921165,0.0,brute_force_only,1
0.15892037590150798,0.0,ssh,0.6000000000000001,0.19999999999999996,0.9999999999999999,0.21110665597433842,0.018494996700264325,0.0,0.0,0.10659075888409716,0.01713943831589979,0.05390982304851688,0.1582159361887858,0.05131643027367194,0.15191897023326842,0.3913043478260869,0.39130434782608686,0.05496885802213174,0.38174273858921165,0.0,0.0,0.38174273858921165,0.0,botnet_malware_download,1
0.3592919064617177,0.0,ssh,0.2,0.19999999999999996,0.22448979591836732,0.7411788291900562,0.026687258683513244,0.0,0.0,0.010685968545127187,0.026873016941565592,0.48117109541409975,0.3601783473972414,0.0,0.3526579648796206,0.4956521739130434,0.49565217391304334,0.21853895512577035,0.0580912863070539,0.0,0.0,0.0580912863070539,0.0,privilege_escalation,1
0.0028046914839367667,0.0,ssh,0.0,0.0,0.0,0.0,0.0,0.0,0.0,0.0,0.0,0.0,0.005255989309317746,0.0,0.001672219266559434,0.5826086956521739,0.5826086956521739,0.0,1.0,0.0,0.0,1.0,0.0,brute_force_only,1
0.002695417789757412,0.0,ssh,0.0,0.0,0.0,0.0,0.0,0.0,0.0,0.0,0.0,0.0,0.004623372596060139,0.0,0.0016506069076059812,0.408695652173913,0.40869565217391296,0.0,0.2987551867219917,0.0,0.0,0.2987551867219917,0.0,privilege_escalation,1
0.34606978946601585,0.0,ssh,0.1,0.40000000000000013,0.3061224489795918,0.5318765036086608,0.019982755865681205,0.0,0.0,0.015124101825399425,0.02001525448861231,0.0,0.27616019029017297,0.0,0.3039215033201616,0.33043478260869563,0.33043478260869563,0.3070576871993374,0.0580912863070539,0.0,0.0,0.0580912863070539,0.0,privilege_escalation,1
0.007576309463101914,0.0,ssh,0.0,0.40000000000000013,0.0,0.010425020048115477,0.01306017990032503,0.0,0.0,0.0,0.013229345420585528,0.0,0.006094027604747853,0.0,0.001585251726250164,0.3391304347826086,0.3391304347826086,0.0,0.6390041493775933,0.0,0.0,0.6390041493775933,0.0,zero_day_buffer_overflow,1
0.42696874772346466,0.0,ssh,0.2,0.40000000000000013,0.31632653061224486,0.6599839615076183,0.020090283838040034,0.0,0.0,0.01268620041583434,0.020160662806734526,0.3756372959937542,0.34121152597575616,0.0,0.3770910327362105,0.3913043478260869,0.39130434782608686,0.307945884390302,0.02074688796680496,0.0,0.0,0.02074688796680496,0.0,privilege_escalation,1
0.5019305019305019,0.0,ssh,0.1,0.19999999999999996,0.49999999999999994,0.06956696070569367,0.0020385520342444956,0.0,0.0,0.017074060843670198,0.0018094430475677455,0.0,0.5039406049848095,0.0,0.49670196882668866,0.817391304347826,0.817391304347826,0.7772732363538803,0.5394190871369295,0.0,0.0,0.5394190871369295,0.0,zero_day_covert_tunnel,1
0.20273912726742915,0.0,ssh,0.5,0.19999999999999996,0.7551020408163265,0.3554530874097835,0.023350596155764073,0.0,0.0,0.06332526613983372,0.022705392367498058,0.0818146973618914,0.20399779306848892,0.0839811183320791,0.1968742311699362,0.5478260869565217,0.5478260869565217,0.08474875282719607,0.05394190871369292,0.0,0.0,0.05394190871369292,0.0,evasion_anti_forensics,1
0.27558825672033216,0.0,ssh,0.30000000000000004,0.19999999999999996,0.5918367346938775,0.5469125902165196,0.026003887212879093,0.0,0.0,0.036643719191658396,0.025792336902337752,0.25185396693016293,0.2766592172751521,0.27717362770260767,0.27721380869864876,0.26956521739130435,0.2695652173913043,0.0791289635100381,0.0580912863070539,0.0,0.0,0.0580912863070539,0.0,privilege_escalation,1
0.007758432286734172,0.0,ssh,0.0,0.0,0.0,0.0,0.0,0.0,0.0,0.0,0.0,0.0,0.010268597113673473,0.0,0.007350866581579105,0.5043478260869564,0.5043478260869565,0.0,0.3402489626556016,0.0,0.0,0.3402489626556016,0.0,brute_force_only,1
0.00021854738835870927,0.0,ssh,0.0,0.0,0.0,0.0,0.0,0.0,0.0,0.0,0.0,0.0,0.000924616119330814,0.0,0.0010995657692208626,0.13043478260869565,0.13043478260869562,0.0,0.5394190871369295,0.0,0.0,0.5394190871369295,0.0,zero_day_covert_tunnel,1
0.042689589859401175,0.0,ssh,0.30000000000000004,0.19999999999999996,0.4693877551020408,0.1226944667201283,0.0376075855702611,0.0,0.0,0.17795974176531582,0.03543155365795754,0.016549224096341165,0.04171313715547903,0.001318753669909967,0.030282689655111158,0.7739130434782607,0.7739130434782608,0.031214470814754973,0.3402489626556016,0.0,0.0,0.3402489626556016,0.0,botnet_malware_download,1
0.08701828513149268,0.0,ssh,0.2,0.19999999999999996,0.26530612244897955,0.3777064955894146,0.05526887135886926,0.0,0.0,0.05092543389303976,0.05522266167576308,0.05847477470396546,0.08664104177212105,0.0,0.07725463533289101,0.34782608695652173,0.34782608695652173,0.08786208554306098,1.0,0.0,0.0,1.0,0.0,evasion_anti_forensics,1
0.007904130545639978,0.0,ssh,0.0,0.0,0.0,0.0,0.0,0.0,0.0,0.0,0.0,0.0,0.010901359826634113,0.0,0.005018064083308835,0.817391304347826,0.817391304347826,0.0,0.2987551867219917,0.0,0.0,0.2987551867219917,0.0,privilege_escalation,1
0.009943906170321263,0.0,ssh,0.0,0.0,0.0,0.0,0.0,0.0,0.0,0.0,0.0,0.0,0.014064589392625176,0.0,0.010430997807085715,0.3826086956521738,0.38260869565217387,0.0,0.6887966804979253,0.0,0.0,0.6887966804979253,0.0,zero_day_obfuscated_memory_attack,1
0.017520215633423184,0.0,ssh,0.0,0.40000000000000013,0.0,0.007417802726543705,0.004738171063530037,0.0,0.0,0.0,0.004799542933066283,0.0,0.01244282469129458,0.0,0.006677626797193473,0.7130434782608696,0.7130434782608694,0.0,0.6390041493775933,0.0,0.0,0.6390041493775933,0.0,zero_day_buffer_overflow,1
0.6482115538719312,0.0,ssh,0.30000000000000004,0.40000000000000013,0.5918367346938775,0.6802325581395349,0.013773231231190362,0.0,0.0,0.015668714334866322,0.013717156007909856,0.3791908285283663,0.5201049621065071,0.008972684705474826,0.5814028019683234,0.30434782608695654,0.3043478260869565,0.3458367998649105,0.2987551867219917,0.0,0.0,0.2987551867219917,0.0,privilege_escalation,1
0.2527136300721206,0.0,ssh,0.5,0.19999999999999996,0.7551020408163265,0.2716519647153168,0.014532175429329771,0.0,0.0,0.05093828877607572,0.013958119266812497,0.10944529967176153,0.25214980912728824,0.09727788482834326,0.24165333657814778,0.6521739130434782,0.6521739130434783,0.0793817949161279,0.2987551867219917,0.0,0.0,0.2987551867219917,0.0,evasion_anti_forensics,1
0.00957966052305675,0.0,ssh,0.0,0.0,0.0,0.0,0.0,0.0,0.0,0.0,0.0,0.0,0.015037969412770217,0.0,0.009884619609159732,0.34782608695652173,0.34782608695652173,0.0,0.3402489626556016,0.0,0.0,0.3402489626556016,0.0,brute_force_only,1
0.06640198149632112,0.0,ssh,0.2,0.19999999999999996,0.4081632653061224,0.11928628708901363,0.02385134482863351,0.0,0.0,0.10169823868186391,0.022638380808617842,0.04297141816055567,0.06677398618171211,0.0,0.058309700366847586,0.408695652173913,0.40869565217391296,0.06648151072301592,1.0,0.0,0.0,1.0,0.0,botnet_malware_download,1
0.009506811393603846,0.0,ssh,0.0,0.40000000000000013,0.0,0.0032076984763432237,0.0033865212691613243,0.0,0.0,0.0,0.003430389950671818,0.0,0.007385394978106615,0.0,0.0031585870491047593,0.5652173913043478,0.5652173913043477,0.0,0.6390041493775933,0.0,0.0,0.6390041493775933,0.0,zero_day_buffer_overflow,1
0.2146499599329788,0.0,ssh,0.2,0.19999999999999996,0.07142857142857142,0.13572574178027266,0.008173702262912091,0.0,0.0,0.005662062989047579,0.008194839805421598,0.13633817935350076,0.21427558816345368,0.0,0.20450013722367638,0.5043478260869564,0.5043478260869565,0.2286256248551727,0.04564315352697096,0.0,0.0,0.04564315352697096,0.0,reconnaissance,0
0.0031325125664748306,0.0,ssh,0.0,0.0,0.0,0.0,0.0,0.0,0.0,0.0,0.0,0.0,0.005693988418427559,0.0,0.00274528769158394,0.3739130434782608,0.3739130434782609,0.0,0.004149377593360981,0.0,0.0,0.004149377593360981,0.0,reconnaissance,0
0.07962409849202302,0.0,ssh,0.4,0.40000000000000013,0.6122448979591836,0.27485966319166,0.04512437216681625,0.0,0.0,0.12806698347616435,0.04379234680274759,0.030830360134926044,0.06408700764702645,0.039172158833401624,0.06555257916858735,0.043478260869565216,0.043478260869565216,0.04448840799145633,1.0,0.0,0.0,1.0,0.0,evasion_anti_forensics,1
0.11535659648867196,0.0,ssh,0.4,0.40000000000000013,0.8673469387755102,0.11026463512429832,0.013966610392624536,0.0,0.0,0.12654660688723593,0.012253752243811788,0.06779023913953572,0.0915683857499034,0.09864461512186967,0.06252026158651885,0.8695652173913043,0.8695652173913042,0.022739255270790855,0.3402489626556016,0.0,0.0,0.3402489626556016,0.0,botnet_malware_download,1
0.25999854301741093,0.0,ssh,0.30000000000000004,0.40000000000000013,0.673469387755102,0.2822774659182037,0.014574223681207404,0.0,0.0,0.04417191287720708,0.01410197325129814,0.22323422598894954,0.20809819472827193,0.16424751834125198,0.1336118959160635,0.4869565217391303,0.48695652173913034,0.08375155669519363,0.0580912863070539,0.0,0.0,0.0580912863070539,0.0,privilege_escalation,1
0.16806294164784732,0.0,ssh,0.5,0.19999999999999996,0.7551020408163265,0.3590617481956696,0.02836417435300865,0.0,0.0,0.07617936460546161,0.02759155079083064,0.07570310154279647,0.16699679632851627,0.11771396518043736,0.16388755415302203,0.3999999999999999,0.39999999999999997,0.04672104079801527,0.05394190871369292,0.0,0.0,0.05394190871369292,0.0,evasion_anti_forensics,1
0.0025861440955780575,0.0,ssh,0.0,0.0,0.0,0.0,0.0,0.0,0.0,0.0,0.0,0.0,0.0064726048347217655,0.0,0.0013590621065181394,0.5130434782608695,0.5130434782608695,0.0,0.05394190871369292,0.0,0.0,0.05394190871369292,0.0,evasion_anti_forensics,1
