dur,proto,service,spkts,dpkts,sbytes,dbytes,rate,sttl,dttl,sload,dload,sinpkt
0.009781418835410855,0.0,ssh,0.0,0.0,0.0,0.0,0.0,0.0,0.0,0.0,0.0,0.0
0.003990253893145945,0.0,ssh,0.0,0.0,0.0,0.0,0.0,0.0,0.0,0.0,0.0,0.0
0.05935944065821533,0.0,ssh,0.2,0.19999999999999996,0.14285714285714285,0.14735364875701684,0.03129982505344439,0.0,0.0,0.038457457053908024,0.031189252035926585,0.04415650965882984
0.09781418835410854,0.0,ssh,0.30000000000000004,0.40000000000000013,0.47959183673469385,0.12750601443464316,0.017666330221884415,0.0,0.0,0.07991272319792056,0.016704763900794745,0.06790811308201869
0.3978954059112257,0.0,ssh,0.4,0.19999999999999996,0.29591836734693877,0.4232157177225341,0.013930804030287952,0.0,0.0,0.012409446308858343,0.013954308389339568,0.23866258651305713
0.31025106818743603,0.0,ssh,0.4,0.19999999999999996,0.17346938775510204,0.12249398556535686,0.0052315197250437685,0.0,0.0,0.009309165151503462,0.005168532118837923,0.13981573496611274
0.11342208411313957,0.0,ssh,0.5,0.19999999999999996,0.9285714285714285,0.06295108259823576,0.009072543444489626,0.0,0.0,0.13400096689411173,0.007142679309269564,0.04595796757734722
0.007097708252410042,0.0,ssh,0.0,0.0,0.0,0.0,0.0,0.0,0.0,0.0,0.0,0.0
0.15752674882587664,0.0,ssh,0.4,0.19999999999999996,0.6530612244897959,0.3319967923015237,0.027951197055040684,0.0,0.0,0.06836666631638673,0.027326867370218843,0.08993371819478481
0.00579116494226491,0.0,ssh,0.0,0.40000000000000013,0.0,0.009823576583801123,0.014374187866413738,0.0,0.0,0.0,0.014596240388898707,0.0
0.005226173240580528,0.0,ssh,0.0,0.0,0.0,0.0,0.0,0.0,0.0,0.0,0.0,0.0
0.003707758042303754,0.0,ssh,0.0,0.0,0.0,0.0,0.0,0.0,0.0,0.0,0.0,0.0
0.002330590769448074,0.0,ssh,0.0,0.0,0.0,0.0,0.0,0.0,0.0,0.0,0.0,0.0
0.011758889791306189,0.0,ssh,0.0,0.40000000000000013,0.0,0.012028869286287089,0.01053554451302264,0.0,0.0,0.0,0.010698295842077226,0.0
0.2857092411455207,0.0,ssh,0.0,0.6000000000000001,0.0,0.49037690457097033,0.022107731050452877,0.0,0.0,0.0,0.022449242797151003,0.0
0.4611744764998764,0.0,ssh,0.7000000000000001,0.19999999999999996,0.39795918367346933,0.19446672012830793,0.005673085020643243,0.0,0.0,0.014413999178644166,0.0055380576195678865,0.14262209947924645
0.010063914686253046,0.0,ssh,0.0,0.0,0.0,0.0,0.0,0.0,0.0,0.0,0.0,0.0
0.8475581764892828,0.0,ssh,1.0,0.19999999999999996,0.6428571428571428,0.37991178829190053,0.006008465291365083,0.0,0.0,0.012708176378056449,0.005904972687037738,0.16572448104131568
0.23824993820403262,0.0,ssh,0.30000000000000004,0.19999999999999996,0.2755102040816326,0.3085404971932638,0.016937184180128597,0.0,0.0,0.019195745520127136,0.01690229075023855,0.13865317836766733
0.4491684028390833,0.0,ssh,0.1,0.19999999999999996,0.49999999999999994,0.0876102646351243,0.0028050617996253392,0.0,0.0,0.018590692608520316,0.0025612122367131163,0.0
0.5522793883964829,0.0,ssh,0.4,0.40000000000000013,0.7755102040816326,0.7107056936647955,0.0170193437712237,0.0,0.0,0.02348122820456486,0.016919525990397324,0.21631779249310767
0.018680038136939865,0.0,ssh,0.2,0.19999999999999996,0.6530612244897959,0.8402165196471532,0.5098028722768316,0.0,0.0,0.5040518378672009,0.5098917118437158,0.008283729921312606
0.0764151276528126,0.0,ssh,0.2,0.19999999999999996,0.13265306122448978,0.3005212510024058,0.049633086532249605,0.0,0.0,0.02805147025549317,0.049966473807788604,0.07677241083052536
0.3469755287969208,0.0,ssh,0.1,0.19999999999999996,0.49999999999999994,0.021251002405773857,0.0011557712137631403,0.0,0.0,0.02401746021979074,0.0008026059495454127,0.0
0.008969243264239557,0.0,ssh,0.0,0.0,0.0,0.0,0.0,0.0,0.0,0.0,0.0,0.0
0.002824958508421908,0.0,ssh,0.0,0.0,0.0,0.0,0.0,0.0,0.0,0.0,0.0,0.0
0.0033899502101062897,0.0,ssh,0.0,0.0,0.0,0.0,0.0,0.0,0.0,0.0,0.0,0.0
0.11900137716727285,0.0,ssh,0.30000000000000004,0.19999999999999996,0.47959183673469385,0.32738572574178026,0.035914696906363903,0.0,0.0,0.06604704372945358,0.035449217322437644,0.09944394719712055
0.3573925632967266,0.0,ssh,0.30000000000000004,0.40000000000000013,0.1530612244897959,0.291299117882919,0.010629938594243925,0.0,0.0,0.007139818731954636,0.010683852132813068,0.22580932486311076
0.26314488505950073,0.0,ssh,0.1,0.19999999999999996,0.49999999999999994,0.08340016038492382,0.00455899978260309,0.0,0.0,0.03157949788444079,0.0041415931166226645,0.0
0.009145803171015925,0.0,ssh,0.0,0.0,0.0,0.0,0.0,0.0,0.0,0.0,0.0,0.0
0.41103146297538756,0.0,ssh,0.1,0.19999999999999996,0.49999999999999994,0.05312750601443464,0.001979215235005113,0.0,0.0,0.020302650369862205,0.001696162321461789,0.0
0.17246371693915746,0.0,ssh,0.4,0.19999999999999996,0.5816326530612245,0.3444266238973536,0.026390955815438297,0.0,0.0,0.05570884521026302,0.02593806057605715,0.10945973313773168
0.009216427133726472,0.0,ssh,0.0,0.0,0.0,0.0,0.0,0.0,0.0,0.0,0.0,0.0
0.2618030297680003,0.0,ssh,0.30000000000000004,0.19999999999999996,0.17346938775510204,0.47794707297514033,0.02365936009609937,0.0,0.0,0.011011647131878513,0.023854737785249103,0.21893270349115487
0.1354214484974752,0.0,ssh,0.4,0.19999999999999996,0.6122448979591836,0.1682036888532478,0.01694062166526979,0.0,0.0,0.07432128352125851,0.016054216157815642,0.05758869383232501
0.02108125286909849,0.0,ssh,0.2,0.19999999999999996,0.6530612244897959,0.632317562149158,0.3472828550246481,0.0,0.0,0.4540146120187039,0.3456340920812204,0.00805271433221014
0.005685228998199088,0.0,ssh,0.0,0.0,0.0,0.0,0.0,0.0,0.0,0.0,0.0,0.0
0.008969243264239557,0.0,ssh,0.0,0.0,0.0,0.0,0.0,0.0,0.0,0.0,0.0,0.0
0.011688265828595642,0.0,ssh,0.2,0.19999999999999996,0.6530612244897959,0.40797914995990375,0.3703277775885313,0.0,0.0,0.7422433899290549,0.3645825233690804,0.009909514282432226
0.5634026625233942,0.0,ssh,0.7000000000000001,0.19999999999999996,0.5306122448979591,0.4578989574979952,0.01076403747695628,0.0,0.0,0.015750630974639346,0.01068700398231728,0.15139328799873641
0.17422931600692115,0.0,ssh,0.5,0.19999999999999996,0.7551020408163265,0.19566960705693665,0.015456115985391117,0.0,0.0,0.07160367813371821,0.014588766592738828,0.07615250528890335
0.006320844662594019,0.0,ssh,0.0,0.0,0.0,0.0,0.0,0.0,0.0,0.0,0.0,0.0
0.690667043327801,0.0,ssh,0.4,0.40000000000000013,0.6938775510204082,0.6521651964715317,0.012495694642266169,0.0,0.0,0.016818721567721795,0.012428916445570305,0.30987589025884515
0.0816766128747484,0.0,ssh,0.2,0.40000000000000013,0.3469387755102041,0.2082999198075381,0.03303660518048083,0.0,0.0,0.06881245321712787,0.032483950928234834,0.12026548918766275
0.14855750556163705,0.0,ssh,0.30000000000000004,0.40000000000000013,0.4387755102040816,0.19987971130713714,0.017900204882985344,0.0,0.0,0.04865029952275472,0.01742518718080258,0.07444475489163732
0.0025071506762244437,0.0,ssh,0.0,0.0,0.0,0.0,0.0,0.0,0.0,0.0,0.0,0.0
0.018962533987782058,0.0,ssh,0.1,0.40000000000000013,0.4081632653061224,0.39815557337610263,0.23963337276757146,0.0,0.0,0.3109999907064456,0.23853091954933417,0.0
0.012253257530280023,0.0,ssh,0.0,0.40000000000000013,0.0,0.012830793905372895,0.01087623255650013,0.0,0.0,0.0,0.011044248623770344,0.0
0.019209717857268972,0.0,ssh,0.2,0.19999999999999996,0.6530612244897959,0.9420609462710505,0.5571233740473508,0.0,0.0,0.4920886036543835,0.5581280154462733,0.014515018331674071
0.31710159257035914,0.0,ssh,0.1,0.19999999999999996,0.49999999999999994,0.08560545308740979,0.003880462393055032,0.0,0.0,0.02625817870751927,0.0035347752915638373,0.0
0.005296797203291076,0.0,ssh,0.0,0.40000000000000013,0.0,0.0036086607858861267,0.005590925429548143,0.0,0.0,0.0,0.005677288858964638,0.0
0.34856456795790813,0.0,ssh,0.1,0.19999999999999996,0.49999999999999994,0.053327987169206094,0.002338206962804311,0.0,0.0,0.023908974676157595,0.002004986334761907,0.0
0.14068293371941099,0.0,ssh,0.6000000000000001,0.19999999999999996,0.9999999999999999,0.14595028067361668,0.014995470799147727,0.0,0.0,0.11694960275521694,0.013420511382505695,0.0505362493299127
0.004696493520251421,0.0,ssh,0.0,0.0,0.0,0.0,0.0,0.0,0.0,0.0,0.0,0.0
0.1498640488717822,0.0,ssh,0.4,0.40000000000000013,0.8673469387755102,0.049919807538091415,0.005699616491980325,0.0,0.0,0.09534785926011279,0.004314757173411719,0.07736217740082708
0.004731805501606696,0.0,ssh,0.0,0.40000000000000013,0.0,0.0032076984763432237,0.005327887588055802,0.0,0.0,0.0,0.005410189552989231,0.0
0.19506338500653272,0.0,ssh,0.1,0.19999999999999996,0.49999999999999994,0.07999198075380914,0.005901304464253821,0.0,0.0,0.04242859892742663,0.005337042998582804,0.0
0.3676683498711113,0.0,ssh,0.2,0.40000000000000013,0.36734693877551017,0.745589414595028,0.026436774165771885,0.0,0.0,0.016660731142755493,0.026587795725505244,0.09989027320416603
0.005579293054133266,0.0,ssh,0.0,0.0,0.0,0.0,0.0,0.0,0.0,0.0,0.0,0.0
0.0757442000070624,0.0,ssh,0.30000000000000004,0.19999999999999996,0.520408163265306,0.07297514033680834,0.013738748408850964,0.0,0.0,0.1109843556678503,0.012236525074642887,0.03062613077232348
0.0048377414456725176,0.0,ssh,0.0,0.0,0.0,0.0,0.0,0.0,0.0,0.0,0.0,0.0
0.008474875525265723,0.0,ssh,0.0,0.40000000000000013,0.0,0.014635124298315958,0.016452690978690607,0.0,0.0,0.0,0.01670684605442673,0.0
0.014089480560754262,0.0,ssh,0.2,0.19999999999999996,0.6530612244897959,0.7247393744987971,0.5584556693636656,0.0,0.0,0.6386036756432887,0.5572175625712243,0.004897919378924797
0.00402556587450122,0.0,ssh,0.0,0.40000000000000013,0.0,0.005813953488372093,0.010612913802243565,0.0,0.0,0.0,0.010776856558924644,0.0
0.0071330202337653165,0.0,ssh,0.0,0.0,0.0,0.0,0.0,0.0,0.0,0.0,0.0,0.0
0.4250503195734313,0.0,ssh,0.1,0.19999999999999996,0.49999999999999994,0.03969526864474739,0.001505921581930366,0.0,0.0,0.019637887889727177,0.001225826429742155,0.0
0.0026837105830008127,0.0,ssh,0.0,0.0,0.0,0.0,0.0,0.0,0.0,0.0,0.0,0.0
0.015643207740386314,0.0,ssh,0.2,0.19999999999999996,0.6530612244897959,0.4857658380112269,0.34623354235608567,0.0,0.0,0.5856873916777009,0.34253452255527084,0.006381983266962782
0.08866838518309263,0.0,ssh,0.5,0.19999999999999996,0.6632653061224489,0.09823576583801122,0.015786092381622176,0.0,0.0,0.12153114285268264,0.014152568074288819,0.02990743222545566
0.3502948550443165,0.0,ssh,0.30000000000000004,0.19999999999999996,0.4387755102040816,0.25,0.009528627494534914,0.0,0.0,0.02087860777452598,0.009353294970542514,0.17545637731658756
0.0025424626575797173,0.0,ssh,0.0,0.0,0.0,0.0,0.0,0.0,0.0,0.0,0.0,0.0
0.2071047706486811,0.0,ssh,0.1,0.19999999999999996,0.49999999999999994,0.029270248596631916,0.0024215123822798096,0.0,0.0,0.03999824333598999,0.0018410366757493763,0.0
0.004696493520251421,0.0,ssh,0.0,0.0,0.0,0.0,0.0,0.0,0.0,0.0,0.0,0.0
0.011264522052332354,0.0,ssh,0.0,0.40000000000000013,0.0,0.015437048917401764,0.013985700298370752,0.0,0.0,0.0,0.014201746872849447,0.0
0.6693386065892157,0.0,ssh,0.7000000000000001,0.19999999999999996,0.4897959183673469,0.2656375300721732,0.005329950079140517,0.0,0.0,0.012248601001164853,0.005223071595045932,0.20750262949437126
0.002330590769448074,0.0,ssh,0.0,0.0,0.0,0.0,0.0,0.0,0.0,0.0,0.0,0.0
0.008404251562555176,0.0,ssh,0.0,0.0,0.0,0.0,0.0,0.0,0.0,0.0,0.0,0.0
0.41579858045834955,0.0,ssh,0.30000000000000004,0.19999999999999996,0.4693877551020408,0.7921010425020047,0.02490735201338162,0.0,0.0,0.01884271193692677,0.02500103326522114,0.3801299819794379
0.003107454359264098,0.0,ssh,0.0,0.0,0.0,0.0,0.0,0.0,0.0,0.0,0.0,0.0
0.010770154313358524,0.0,ssh,0.0,0.0,0.0,0.0,0.0,0.0,0.0,0.0,0.0,0.0
0.21720399731628942,0.0,ssh,0.30000000000000004,0.19999999999999996,0.2755102040816326,0.1698075380914194,0.010355819483446963,0.0,0.0,0.02102949136376715,0.010190931583243829,0.09945135106352429
0.12669938910272255,0.0,ssh,0.30000000000000004,0.19999999999999996,0.47959183673469385,0.12349639133921411,0.013332940351161062,0.0,0.0,0.06213020536993722,0.012579131772581312,0.0681833275099556
0.011370457996398176,0.0,ssh,0.0,0.40000000000000013,0.0,0.013833199679230152,0.012440938830565483,0.0,0.0,0.0,0.012633122325907522,0.0
0.08764433772378967,0.0,ssh,0.30000000000000004,0.19999999999999996,0.47959183673469385,0.2772654370489174,0.041133035908812524,0.0,0.0,0.0888679436334384,0.04039564210668371,0.04994109812949916
0.0034252621914615633,0.0,ssh,0.0,0.0,0.0,0.0,0.0,0.0,0.0,0.0,0.0,0.0
0.18747130901514886,0.0,ssh,0.30000000000000004,0.6000000000000001,0.44897959183673464,0.06575781876503609,0.005095402705893679,0.0,0.0,0.03961690389426049,0.004562121528874311,0.08976208310997091
0.3221512059041633,0.0,ssh,0.5,0.19999999999999996,0.3571428571428571,0.15396952686447474,0.006444611927591452,0.0,0.0,0.018464652573224247,0.006258927544518859,0.1436750938122224
0.1181538896147463,0.0,ssh,0.2,0.19999999999999996,0.336734693877551,0.33540497193263835,0.036725403751480555,0.0,0.0,0.04669755973735807,0.03657135925728081,0.1240439290090366
0.009075179208305377,0.0,ssh,0.0,0.40000000000000013,0.0,0.018444266238973536,0.019713178901097653,0.0,0.0,0.0,0.020017700220064497,0.0
0.0032133903033299198,0.0,ssh,0.0,0.0,0.0,0.0,0.0,0.0,0.0,0.0,0.0,0.0
0.16829690313923515,0.0,ssh,0.1,0.40000000000000013,0.3061224489795918,0.5144346431435445,0.03953600248953762,0.0,0.0,0.030033244805647178,0.039682802407412114,0.0
0.0074861400473180545,0.0,ssh,0.0,0.0,0.0,0.0,0.0,0.0,0.0,0.0,0.0,0.0
0.5195098696987889,0.0,ssh,0.4,0.40000000000000013,0.6326530612244897,0.6000400962309543,0.015259395733579732,0.0,0.0,0.020356832399493093,0.015180652777083012,0.22812022861942874
0.050001765599067764,0.0,ssh,0.2,0.19999999999999996,0.39795918367346933,0.2040898155573376,0.05195352945893717,0.0,0.0,0.1260077204532849,0.05080955554781142,0.05791371608879615
0.013877608672622619,0.0,ssh,0.0,0.40000000000000013,0.0,0.020048115477145148,0.015368899964539938,0.0,0.0,0.0,0.015606315729521331,0.0
0.7417987923302376,0.0,ssh,0.8,0.19999999999999996,0.520408163265306,0.5130312750601443,0.00914637175439306,0.0,0.0,0.011748206875493036,0.009106179272453729,0.1881003862574667
0.497228009463611,0.0,ssh,0.5,0.40000000000000013,0.2040816326530612,0.2760625501202887,0.00728861432771011,0.0,0.0,0.006859189834090615,0.007295249843858887,0.21895297064060348
0.22928069493979308,0.0,ssh,0.1,0.19999999999999996,0.49999999999999994,0.06214915797914996,0.004032650579295345,0.0,0.0,0.03618132587192522,0.0035360242084111443,0.0
0.015360711889544123,0.0,ssh,0.2,0.19999999999999996,0.6530612244897959,0.6361267040898155,0.4575398065214814,0.0,0.0,0.5946462566443599,0.4554218240438437,0.011201451576619698
0.007839259860870793,0.0,ssh,0.0,0.0,0.0,0.0,0.0,0.0,0.0,0.0,0.0,0.0
0.20947067339948441,0.0,ssh,0.1,0.19999999999999996,0.49999999999999994,0.02305533279871692,0.0020138857840636,0.0,0.0,0.039553063857105705,0.0014339920614660237,0.0
0.08838588933225043,0.0,ssh,0.30000000000000004,0.40000000000000013,0.47959183673469385,0.3540497193263833,0.05172711377097057,0.0,0.0,0.08814766279558742,0.05116450128146891,0.0390232370721014
0.07867509445955012,0.0,ssh,0.30000000000000004,0.19999999999999996,0.520408163265306,0.10685645549318364,0.01864069832192768,0.0,0.0,0.10700695734920615,0.01727563900621714,0.02760034258213356
0.005755852960909637,0.0,ssh,0.0,0.0,0.0,0.0,0.0,0.0,0.0,0.0,0.0,0.0
0.015042904057346656,0.0,ssh,0.0,0.40000000000000013,0.0,0.0056134723336006415,0.004027010146687322,0.0,0.0,0.0,0.0040892193053910526,0.0
0.011794201772661463,0.0,ssh,0.0,0.40000000000000013,0.0,0.014635124298315958,0.012787873486826433,0.0,0.0,0.0,0.012985416339797556,0.0
0.20314982873689044,0.0,ssh,0.4,0.19999999999999996,0.24489795918367346,0.4224137931034483,0.026970197935273436,0.0,0.0,0.019966624598653598,0.027078386402398406,0.12287770787065401
0.25915463116635473,0.0,ssh,0.4,0.19999999999999996,0.5816326530612245,0.26343223736968724,0.013646202437920644,0.0,0.0,0.037294244198043086,0.013280896366256541,0.13999567135568236
0.34704615275963135,0.0,ssh,0.4,0.19999999999999996,0.18367346938775508,0.11186848436246993,0.004294113830819785,0.0,0.0,0.008820980205154302,0.004224186774574309,0.15172780814443254
0.005402733147356897,0.0,ssh,0.0,0.0,0.0,0.0,0.0,0.0,0.0,0.0,0.0,0.0
0.40725308097037327,0.0,ssh,0.1,0.6000000000000001,0.07142857142857142,0.5613472333600642,0.01785610897144294,0.0,0.0,0.0029271051859673645,0.018086727456363347,0.0
0.008157067693068258,0.0,ssh,0.0,0.40000000000000013,0.0,0.0052125100240577385,0.0060251869932777275,0.0,0.0,0.0,0.006118262537321444,0.0
0.0068858363642783985,0.0,ssh,0.0,0.0,0.0,0.0,0.0,0.0,0.0,0.0,0.0,0.0
0.07404922490200926,0.0,ssh,0.2,0.19999999999999996,0.13265306122448978,0.05012028869286287,0.008897993123728647,0.0,0.0,0.02891164034697637,0.008588830247149863,0.06927760400712207
0.0044139976694092305,0.0,ssh,0.0,0.0,0.0,0.0,0.0,0.0,0.0,0.0,0.0,0.0
0.07380204103252233,0.0,ssh,0.2,0.19999999999999996,0.24489795918367346,0.3033279871692061,0.05216796199977716,0.0,0.0,0.053546848595182064,0.052146661313145354,0.10820870407508808
0.003107454359264098,0.0,ssh,0.0,0.0,0.0,0.0,0.0,0.0,0.0,0.0,0.0,0.0
0.00911049118966065,0.0,ssh,0.0,0.0,0.0,0.0,0.0,0.0,0.0,0.0,0.0,0.0
0.32607083583459867,0.0,ssh,0.1,0.19999999999999996,0.49999999999999994,0.08059342421812349,0.00357647781995609,0.0,0.0,0.02554275724452307,0.0032371464900632814,0.0
0.23196440552279388,0.0,ssh,0.1,0.40000000000000013,0.1530612244897959,0.5262630312750601,0.02931657354556381,0.0,0.0,0.010949447133737224,0.029600306082401547,0.0
0.004978989371093612,0.0,ssh,0.0,0.40000000000000013,0.0,0.016840417000801924,0.02711637606684754,0.0,0.0,0.0,0.027535264769381694,0.0
0.014795720187859742,0.0,ssh,0.1,0.40000000000000013,0.24489795918367346,0.47413793103448276,0.34833416365232484,0.0,0.0,0.23002956382919465,0.3501616990282807,0.0
0.012535753381122216,0.0,ssh,0.2,0.19999999999999996,0.6530612244897959,0.7477947072975141,0.6331133594185969,0.0,0.0,0.702031577068197,0.6320487275220221,0.008596935906149487
0.7546523535435573,0.0,ssh,0.9,0.19999999999999996,0.5816326530612245,0.4294306335204491,0.007575367120456103,0.0,0.0,0.012907592973659818,0.007492995324125699,0.19206594197522592
0.551890956601575,0.0,ssh,0.5,0.19999999999999996,0.846938775510204,0.3847233360064154,0.009416343705697099,0.0,0.0,0.025661872670651068,0.009165386000651598,0.24037893736119623
0.6701860941417424,0.0,ssh,0.8,0.19999999999999996,0.47959183673469385,0.1958700882117081,0.0039701400968137745,0.0,0.0,0.011978298274867257,0.0038464283689470737,0.1755057364259458
0.009216427133726472,0.0,ssh,0.0,0.0,0.0,0.0,0.0,0.0,0.0,0.0,0.0,0.0
0.010099226667608319,0.0,ssh,0.0,0.0,0.0,0.0,0.0,0.0,0.0,0.0,0.0,0.0
0.00861612345068682,0.0,ssh,0.0,0.0,0.0,0.0,0.0,0.0,0.0,0.0,0.0,0.0
0.06854055581058653,0.0,ssh,0.5,0.40000000000000013,0.9285714285714285,0.12510024057738572,0.02605024559463732,0.0,0.0,0.2179413829404235,0.023085963313487046,0.02410310011104304
0.00413150181856704,0.0,ssh,0.0,0.0,0.0,0.0,0.0,0.0,0.0,0.0,0.0,0.0
0.005226173240580528,0.0,ssh,0.0,0.0,0.0,0.0,0.0,0.0,0.0,0.0,0.0,0.0
0.40894805607542645,0.0,ssh,0.5,0.40000000000000013,0.24489795918367346,0.22854851643945467,0.00737407094756429,0.0,0.0,0.00999445849039997,0.0073335909342404065,0.16874907264703629
0.125851901550196,0.0,ssh,0.6000000000000001,0.19999999999999996,0.9999999999999999,0.10384923817161187,0.012469177955811416,0.0,0.0,0.13039944122048544,0.010647421481726153,0.042222455223809165
0.008792683357463188,0.0,ssh,0.0,0.0,0.0,0.0,0.0,0.0,0.0,0.0,0.0,0.0
0.011617641865885094,0.0,ssh,0.0,0.0,0.0,0.0,0.0,0.0,0.0,0.0,0.0,0.0
0.010311098555739962,0.0,ssh,0.0,0.40000000000000013,0.0,0.009823576583801123,0.009532360677322662,0.0,0.0,0.0,0.009679611326342628,0.0
0.0022952787880928,0.0,ssh,0.0,0.0,0.0,0.0,0.0,0.0,0.0,0.0,0.0,0.0
0.5306684558070554,0.0,ssh,0.6000000000000001,0.19999999999999996,0.4081632653061224,0.3598636728147554,0.008974016988657747,0.0,0.0,0.012858877740740566,0.008914008409008743,0.17387060374865984
0.007203644196475864,0.0,ssh,0.0,0.0,0.0,0.0,0.0,0.0,0.0,0.0,0.0,0.0
0.25396376990712954,0.0,ssh,0.1,0.19999999999999996,0.49999999999999994,0.030473135525260625,0.0020410456128996087,0.0,0.0,0.03270735878823713,0.0015673202686415822,0.0
0.6821215438398249,0.0,ssh,0.8,0.40000000000000013,0.4081632653061224,0.10725741780272655,0.002190491203468131,0.0,0.0,0.01001675087254631,0.002069595965444218,0.1862906270341936
0.1315018185670398,0.0,ssh,0.30000000000000004,0.40000000000000013,0.7346938775510203,0.2834803528468324,0.028817332424003927,0.0,0.0,0.09178253592915468,0.027844663040465848,0.07327673887655078
0.010593594406582153,0.0,ssh,0.0,0.0,0.0,0.0,0.0,0.0,0.0,0.0,0.0,0.0
0.010628906387937427,0.0,ssh,0.2,0.19999999999999996,0.6530612244897959,0.5228548516439455,0.5077789919123145,0.0,0.0,0.7994858538434891,0.5032727790917297,0.011395223474115486
0.19456901726755887,0.0,ssh,0.1,0.19999999999999996,0.49999999999999994,0.03428227746591821,0.002905207200072103,0.0,0.0,0.04253471552581807,0.0022930244682712363,0.0
0.00699177230834422,0.0,ssh,0.0,0.0,0.0,0.0,0.0,0.0,0.0,0.0,0.0,0.0
0.3969772943959886,0.0,ssh,0.6000000000000001,0.19999999999999996,0.3571428571428571,0.5541299117882919,0.01826252320930828,0.0,0.0,0.015011337832669006,0.018312750440845363,0.13092533671886966
0.004378685688053956,0.0,ssh,0.0,0.0,0.0,0.0,0.0,0.0,0.0,0.0,0.0,0.0
0.5137893287192344,0.0,ssh,0.1,0.19999999999999996,0.49999999999999994,0.05974338412189254,0.0017524077476568326,0.0,0.0,0.0162665143576608,0.0015281994262689943,0.0
0.487552526572266,0.0,ssh,0.6000000000000001,0.40000000000000013,0.44897959183673464,0.10044105854049719,0.0028995150203759332,0.0,0.0,0.015387757157358036,0.002706603610672278,0.15461598912065402
0.007521452028673329,0.0,ssh,0.0,0.0,0.0,0.0,0.0,0.0,0.0,0.0,0.0,0.0
0.009498922984568663,0.0,ssh,0.0,0.40000000000000013,0.0,0.010425020048115477,0.010767704127773553,0.0,0.0,0.0,0.01093403804572108,0.0
0.2298103746601222,0.0,ssh,0.5,0.19999999999999996,0.7551020408163265,0.33620689655172414,0.01962426261877879,0.0,0.0,0.054516962042754843,0.019085251019895666,0.09359878163769338
0.004625869557540874,0.0,ssh,0.0,0.0,0.0,0.0,0.0,0.0,0.0,0.0,0.0,0.0
0.10741904728274303,0.0,ssh,0.4,0.19999999999999996,0.6122448979591836,0.23235765838011227,0.028790372191079345,0.0,0.0,0.09315093588826305,0.027796143887693088,0.05241174591246746
0.5294325364596207,0.0,ssh,0.1,0.19999999999999996,0.49999999999999994,0.06214915797914996,0.0017597558341737058,0.0,0.0,0.015788716325063748,0.001543039110671817,0.0
0.1263462692891698,0.0,ssh,0.1,0.6000000000000001,0.14285714285714285,0.3929430633520449,0.039805449577519025,0.0,0.0,0.018557345148579332,0.04013368766252182,0.0
0.007733323916804971,0.0,ssh,0.0,0.0,0.0,0.0,0.0,0.0,0.0,0.0,0.0,0.0
0.0013065433101451325,0.0,ssh,0.0,0.0,0.0,0.0,0.0,0.0,0.0,0.0,0.0,0.0
0.002048094918605883,0.0,ssh,0.0,0.0,0.0,0.0,0.0,0.0,0.0,0.0,0.0,0.0
0.01341855291500406,0.0,ssh,0.2,0.19999999999999996,0.6530612244897959,0.908981555733761,0.7262915467021314,0.0,0.0,0.6645298983060401,0.7272456266898797,0.0062381687710598875
0.020410325223348284,0.0,ssh,0.2,0.19999999999999996,0.6530612244897959,0.38853247794707296,0.22221722493199542,0.0,0.0,0.4669669719832135,0.21843639452239033,0.01418775247932302
0.02157562060807232,0.0,ssh,0.2,0.19999999999999996,0.6530612244897959,0.3690858059342422,0.20146781798319535,0.0,0.0,0.44492132459512446,0.1977070096869303,0.012222885994218105
0.6544722624386454,0.0,ssh,0.4,0.40000000000000013,0.7448979591836734,0.16800320769847635,0.0036164265720055704,0.0,0.0,0.01904923536825527,0.003378027313094567,0.4285312254700184
0.009251739115081746,0.0,ssh,0.0,0.40000000000000013,0.0,0.013031275060144346,0.013728820360367905,0.0,0.0,0.0,0.013940898719418561,0.0
0.0024365267135138956,0.0,ssh,0.0,0.0,0.0,0.0,0.0,0.0,0.0,0.0,0.0,0.0
0.28069493979307186,0.0,ssh,0.1,0.19999999999999996,0.49999999999999994,0.05633520449077786,0.003035343734320632,0.0,0.0,0.029626636614672772,0.002624568258899558,0.0
0.007627387972739151,0.0,ssh,0.0,0.0,0.0,0.0,0.0,0.0,0.0,0.0,0.0,0.0
0.11886012924185177,0.0,ssh,0.30000000000000004,0.40000000000000013,0.4693877551020408,0.2269446672012831,0.025212208894537895,0.0,0.0,0.06471660763639824,0.024601951316877868,0.06260963705199878
0.005755852960909637,0.0,ssh,0.0,0.0,0.0,0.0,0.0,0.0,0.0,0.0,0.0,0.0
0.3498711112680533,0.0,ssh,0.1,0.19999999999999996,0.49999999999999994,0.08740978348035285,0.003586768098056178,0.0,0.0,0.02382047331161476,0.0032742039453981324,0.0
0.0026837105830008127,0.0,ssh,0.0,0.0,0.0,0.0,0.0,0.0,0.0,0.0,0.0,0.0
0.004449309650764505,0.0,ssh,0.0,0.0,0.0,0.0,0.0,0.0,0.0,0.0,0.0,0.0
0.015466647833609943,0.0,ssh,0.0,0.40000000000000013,0.0,0.013833199679230152,0.009697308217011792,0.0,0.0,0.0,0.009847110686657458,0.0
0.0162081994420707,0.0,ssh,0.2,0.19999999999999996,0.6530612244897959,0.6497594226142742,0.446654806529761,0.0,0.0,0.5685557263693308,0.4447717142474913,0.004753656163845918
0.0012006073660793108,0.0,ssh,0.0,0.0,0.0,0.0,0.0,0.0,0.0,0.0,0.0,0.0
0.005120237296514708,0.0,ssh,0.0,0.0,0.0,0.0,0.0,0.0,0.0,0.0,0.0,0.0
0.19019033157950493,0.0,ssh,0.1,0.19999999999999996,0.49999999999999994,0.04350441058540497,0.003592238504517432,0.0,0.0,0.043498268817336885,0.002975776625312259,0.0
0.00854549948797627,0.0,ssh,0.0,0.40000000000000013,0.0,0.00681635926222935,0.0076164543084448165,0.0,0.0,0.0,0.007734111342032907,0.0
0.11504643525548218,0.0,ssh,0.4,0.19999999999999996,0.5816326530612245,0.303728949478749,0.0347307752766488,0.0,0.0,0.08278072623721658,0.03398851195238711,0.06964517979878236
0.0018715350118295132,0.0,ssh,0.0,0.0,0.0,0.0,0.0,0.0,0.0,0.0,0.0,0.0
0.5113528020057206,0.0,ssh,0.1,0.19999999999999996,0.49999999999999994,0.0797914995990377,0.002268119228129788,0.0,0.0,0.016343535449109194,0.002050683930089246,0.0
0.0017302870864084187,0.0,ssh,0.0,0.0,0.0,0.0,0.0,0.0,0.0,0.0,0.0,0.0
0.28969949503866665,0.0,ssh,0.1,0.19999999999999996,0.49999999999999994,0.09342421812349638,0.004591304750489143,0.0,0.0,0.02871556457158567,0.004218636554325007,0.0
0.006568028532080935,0.0,ssh,0.0,0.40000000000000013,0.0,0.003408179631114675,0.004586551410820783,0.0,0.0,0.0,0.0046574032811980675,0.0
0.08097037324764292,0.0,ssh,0.2,0.19999999999999996,0.3469387755102041,0.27826784282277467,0.04414973590651791,0.0,0.0,0.06939047585610492,0.04375981967322212,0.041601502670776544
0.00293089445248773,0.0,ssh,0.0,0.0,0.0,0.0,0.0,0.0,0.0,0.0,0.0,0.0
0.14096542957025318,0.0,ssh,0.30000000000000004,0.40000000000000013,0.4183673469387755,0.3672814755412991,0.03393637615673962,0.0,0.0,0.048831979400138115,0.033706275511490025,0.061875607266618164
0.020127829372506095,0.0,ssh,0.2,0.19999999999999996,0.6530612244897959,0.3773055332798717,0.21862751464235605,0.0,0.0,0.47264436185261965,0.2147035284452255,0.008664168996017768
0.14156573325329286,0.0,ssh,0.4,0.19999999999999996,0.5816326530612245,0.3602646351242983,0.033452733086035476,0.0,0.0,0.06760666008909785,0.03292513573077695,0.06267372910763516
0.2977153148063138,0.0,ssh,0.4,0.19999999999999996,0.2346938775510204,0.16339214113873296,0.007271826093826992,0.0,0.0,0.013119583201699954,0.007181487687847897,0.1509739599287793
0.005508669091422719,0.0,ssh,0.0,0.0,0.0,0.0,0.0,0.0,0.0,0.0,0.0,0.0
0.23994491330908577,0.0,ssh,0.1,0.19999999999999996,0.49999999999999994,0.0607457898957498,0.0037805313734020204,0.0,0.0,0.0345938288490516,0.003304534515024237,0.0
0.00928705109643702,0.0,ssh,0.0,0.40000000000000013,0.0,0.007818765036086608,0.00821382269401373,0.0,0.0,0.0,0.008340708659609303,0.0
0.7223418906034818,0.0,ssh,0.4,0.40000000000000013,0.7755102040816326,0.3364073777064956,0.006311496239553889,0.0,0.0,0.01797664985343214,0.006131297813687172,0.3928459355615332
0.14718033828878138,0.0,ssh,0.1,0.40000000000000013,0.1530612244897959,0.5038091419406576,0.04390999164713288,0.0,0.0,0.017126562964772628,0.04432373237217794,0.0
0.0071330202337653165,0.0,ssh,0.0,0.0,0.0,0.0,0.0,0.0,0.0,0.0,0.0,0.0
0.009640170909989759,0.0,ssh,0.0,0.0,0.0,0.0,0.0,0.0,0.0,0.0,0.0,0.0
0.0021187188813164303,0.0,ssh,0.0,0.0,0.0,0.0,0.0,0.0,0.0,0.0,0.0,0.0
0.3239521169532823,0.0,ssh,0.2,0.40000000000000013,0.36734693877551017,0.49278267842822776,0.019905796348063096,0.0,0.0,0.018887661154333563,0.01992152423952475,0.3522005786682494
0.07856915851548431,0.0,ssh,0.6000000000000001,0.19999999999999996,0.9999999999999999,0.2309542902967121,0.03995050405803622,0.0,0.0,0.2058878858396784,0.03738714498596767,0.02519431036050697
0.0073095801405416855,0.0,ssh,0.0,0.0,0.0,0.0,0.0,0.0,0.0,0.0,0.0,0.0
0.00946361100321339,0.0,ssh,0.0,0.40000000000000013,0.0,0.01483560545308741,0.015366312610132587,0.0,0.0,0.0,0.015603684653007545,0.0
0.005226173240580528,0.0,ssh,0.0,0.0,0.0,0.0,0.0,0.0,0.0,0.0,0.0,0.0
0.15293619124969102,0.0,ssh,0.30000000000000004,0.40000000000000013,0.47959183673469385,0.2616279069767442,0.022617292019877503,0.0,0.0,0.05168376427585626,0.02216827873134404,0.10238373087858019
0.006497404569370388,0.0,ssh,0.0,0.0,0.0,0.0,0.0,0.0,0.0,0.0,0.0,0.0
0.0071330202337653165,0.0,ssh,0.0,0.0,0.0,0.0,0.0,0.0,0.0,0.0,0.0,0.0
0.010134538648963593,0.0,ssh,0.0,0.0,0.0,0.0,0.0,0.0,0.0,0.0,0.0,0.0
0.010240474593029415,0.0,ssh,0.0,0.40000000000000013,0.0,0.011828388131515637,0.011538469613281886,0.0,0.0,0.0,0.01171670918052492,0.0
0.746354037925068,0.0,ssh,0.7000000000000001,0.40000000000000013,0.4387755102040816,0.44025661587810744,0.00779856709651642,0.0,0.0,0.009845154197986603,0.007766951005310174,0.21525731950719865
0.006921148345633673,0.0,ssh,0.0,0.0,0.0,0.0,0.0,0.0,0.0,0.0,0.0,0.0
0.6649952328825172,0.0,ssh,0.1,1.0,0.3061224489795918,0.7594226142742582,0.014917724495427448,0.0,0.0,0.007705146254123559,0.015029145370057924,0.0
0.33624068646491756,0.0,ssh,0.1,0.19999999999999996,0.49999999999999994,0.04891740176423416,0.0022538887788893644,0.0,0.0,0.024777223478336875,0.0019059512635882425,0.0
0.0003531198135527389,0.0,ssh,0.0,0.0,0.0,0.0,0.0,0.0,0.0,0.0,0.0,0.0
0.4501924502983863,0.0,ssh,0.1,0.19999999999999996,0.49999999999999994,0.03207698476343224,0.0012035707383286362,0.0,0.0,0.0185486590160264,0.0009356254462455666,0.0
0.5155549277869982,0.0,ssh,0.1,0.19999999999999996,0.49999999999999994,0.030673616680032077,0.0010166602559416892,0.0,0.0,0.0162111782265019,0.0007819411142875334,0.0
0.16084607507327237,0.0,ssh,0.30000000000000004,0.40000000000000013,0.4387755102040816,0.08380112269446671,0.007339903084504946,0.0,0.0,0.04500388537390733,0.00675807578838981,0.10099143006203094
0.2911119742928776,0.0,ssh,0.4,0.40000000000000013,0.3061224489795918,0.1433440256615878,0.006609899519574119,0.0,0.0,0.017496543617779067,0.006441725432465914,0.0859162606256701
0.09558953352872629,0.0,ssh,0.2,0.40000000000000013,0.31632653061224486,0.23616680032076984,0.031976603041995455,0.0,0.0,0.05389648061598407,0.03163799320764328,0.14648564637099865
0.013665736784490975,0.0,ssh,0.1,0.40000000000000013,0.4081632653061224,0.9444667201283079,0.73939974944947,0.0,0.0,0.40921050769351414,0.7445004253931827,0.0
0.02101062890638794,0.0,ssh,0.2,0.19999999999999996,0.6530612244897959,0.8606655974338412,0.4715793016142016,0.0,0.0,0.45534407623678835,0.47183009733707915,0.0037889099354801656
0.04894240615840954,0.0,ssh,0.1,0.40000000000000013,0.13265306122448978,0.13151563753007217,0.03355185093716046,0.0,0.0,0.042857438758361684,0.03340810247875623,0.0
0.008368939581199901,0.0,ssh,0.0,0.40000000000000013,0.0,0.009623095429029671,0.010918066381046395,0.0,0.0,0.0,0.011086726809854175,0.0
0.010699530350647975,0.0,ssh,0.2,0.19999999999999996,0.6530612244897959,0.531074578989575,0.5129333197667253,0.0,0.0,0.7953963861922564,0.5085699046060141,0.0071545281149486915
0.3540026130866203,0.0,ssh,0.1,0.19999999999999996,0.49999999999999994,0.08861267040898155,0.003589133679228612,0.0,0.0,0.023544886015162584,0.003280860456378444,0.0
0.3711642360252834,0.0,ssh,0.30000000000000004,0.19999999999999996,0.3877551020408163,0.6190858059342421,0.02180278546000263,0.0,0.0,0.017422073698129436,0.02187045663392271,0.28892137781915306
0.2978565627317349,0.0,ssh,0.30000000000000004,0.19999999999999996,0.5612244897959183,0.6156776263031275,0.027113426482823156,0.0,0.0,0.03135815335980518,0.027047852215224693,0.1910322425668173
0.004696493520251421,0.0,ssh,0.0,0.0,0.0,0.0,0.0,0.0,0.0,0.0,0.0,0.0
0.016631943218333983,0.0,ssh,0.2,0.19999999999999996,0.6530612244897959,0.5078187650360866,0.34343774328523863,0.0,0.0,0.5563506167731163,0.3401487169833596,0.00817738347660438
0.0036724460609484804,0.0,ssh,0.0,0.0,0.0,0.0,0.0,0.0,0.0,0.0,0.0,0.0
0.0036724460609484804,0.0,ssh,0.0,0.0,0.0,0.0,0.0,0.0,0.0,0.0,0.0,0.0
0.009322363077792294,0.0,ssh,0.0,0.0,0.0,0.0,0.0,0.0,0.0,0.0,0.0,0.0
0.0025424626575797173,0.0,ssh,0.0,0.0,0.0,0.0,0.0,0.0,0.0,0.0,0.0,0.0
0.6878067728380239,0.0,ssh,0.7000000000000001,0.19999999999999996,0.3469387755102041,0.2770649558941459,0.005349939240047586,0.0,0.0,0.00844419642735116,0.005302142763256937,0.21672425728001993
0.14845156961757122,0.0,ssh,0.1,0.40000000000000013,0.3061224489795918,0.2768644747393745,0.024302739035472122,0.0,0.0,0.033965815391255906,0.024153463494183545,0.0
0.008651435432042092,0.0,ssh,0.0,0.0,0.0,0.0,0.0,0.0,0.0,0.0,0.0,0.0
0.007945195804936614,0.0,ssh,0.0,0.0,0.0,0.0,0.0,0.0,0.0,0.0,0.0,0.0
0.008298315618489354,0.0,ssh,0.0,0.0,0.0,0.0,0.0,0.0,0.0,0.0,0.0,0.0
0.005755852960909637,0.0,ssh,0.0,0.0,0.0,0.0,0.0,0.0,0.0,0.0,0.0,0.0
0.008757371376107914,0.0,ssh,0.2,0.19999999999999996,0.6530612244897959,0.5334803528468324,0.599535775393745,0.0,0.0,0.9255951959734248,0.5944988968071646,0.003997339992724767
0.698647551114093,0.0,ssh,0.9,0.19999999999999996,0.6122448979591836,0.27485966319166,0.005323089893740459,0.0,0.0,0.0146713030772052,0.005178684846326924,0.1502945243098101
0.0005649917016843815,0.0,ssh,0.0,0.0,0.0,0.0,0.0,0.0,0.0,0.0,0.0,0.0
0.39231611285709245,0.0,ssh,0.1,0.19999999999999996,0.49999999999999994,0.05573376102646351,0.002158711098904712,0.0,0.0,0.021263591747396577,0.0018635875537293342,0.0
0.2628623892086585,0.0,ssh,0.30000000000000004,0.40000000000000013,0.24489795918367346,0.46090617481956697,0.022799574834095875,0.0,0.0,0.01548391203729716,0.02291258625585326,0.19473701765680046
0.0033193262473957415,0.0,ssh,0.0,0.40000000000000013,0.0,0.020048115477145148,0.040617804937015216,0.0,0.0,0.0,0.04124526212814307,0.0
0.18796567675412265,0.0,ssh,0.1,0.19999999999999996,0.49999999999999994,0.06635926222935044,0.005191511833464978,0.0,0.0,0.0440046764193915,0.004591936955488265,0.0
0.14806313782266323,0.0,ssh,0.5,0.19999999999999996,0.9285714285714285,0.1950681635926223,0.018373180661090043,0.0,0.0,0.10329433421796226,0.017061337636503388,0.05483841921618931
0.0033899502101062897,0.0,ssh,0.0,0.0,0.0,0.0,0.0,0.0,0.0,0.0,0.0,0.0
0.0030721423779088244,0.0,ssh,0.0,0.0,0.0,0.0,0.0,0.0,0.0,0.0,0.0,0.0
0.34948267947314526,0.0,ssh,0.5,0.19999999999999996,0.3877551020408163,0.32959101844426625,0.012452766736427654,0.0,0.0,0.018493383627053182,0.012359451896955639,0.15652431698958494
0.008510187506620998,0.0,ssh,0.0,0.0,0.0,0.0,0.0,0.0,0.0,0.0,0.0,0.0
0.3806631590098521,0.0,ssh,0.1,0.6000000000000001,0.1020408163265306,0.21672012830793905,0.007421012948954779,0.0,0.0,0.004471293030447689,0.007466576651070911,0.0
0.4197888343514955,0.0,ssh,0.1,0.19999999999999996,0.49999999999999994,0.07297514033680834,0.002549327690002888,0.0,0.0,0.019882192960551655,0.0022815768457790176,0.0
0.325470532151559,0.0,ssh,0.1,0.19999999999999996,0.49999999999999994,0.04550922213311949,0.002192708935817288,0.0,0.0,0.02558940724312904,0.001831280861728754,0.0
0.00911049118966065,0.0,ssh,0.0,0.0,0.0,0.0,0.0,0.0,0.0,0.0,0.0,0.0
0.010593594406582153,0.0,ssh,0.0,0.40000000000000013,0.0,0.017842822774659182,0.016956885035830274,0.0,0.0,0.0,0.017218833463753504,0.0
0.006462092588015113,0.0,ssh,0.0,0.0,0.0,0.0,0.0,0.0,0.0,0.0,0.0,0.0
0.0005649917016843815,0.0,ssh,0.0,0.0,0.0,0.0,0.0,0.0,0.0,0.0,0.0,0.0
0.005473357110067446,0.0,ssh,0.0,0.0,0.0,0.0,0.0,0.0,0.0,0.0,0.0,0.0
0.12179102369433949,0.0,ssh,0.5,0.19999999999999996,0.9387755102040816,0.1387329591018444,0.016385848525687016,0.0,0.0,0.12639592376199682,0.014686438270840265,0.04415875325470976
0.01423072848617536,0.0,ssh,0.0,0.40000000000000013,0.0,0.00400962309542903,0.003011177844155985,0.0,0.0,0.0,0.0030576937475412067,0.0
0.007980507786291889,0.0,ssh,0.0,0.0,0.0,0.0,0.0,0.0,0.0,0.0,0.0,0.0
0.007627387972739151,0.0,ssh,0.0,0.0,0.0,0.0,0.0,0.0,0.0,0.0,0.0,0.0
0.02090469296232212,0.0,ssh,0.2,0.19999999999999996,0.39795918367346933,0.12369687249398556,0.07131531606175208,0.0,0.0,0.2786994223357399,0.06811169767675748,0.01833758220535304
0.007415516084607507,0.0,ssh,0.0,0.0,0.0,0.0,0.0,0.0,0.0,0.0,0.0,0.0
0.22991631060418802,0.0,ssh,0.4,0.40000000000000013,0.5816326530612245,0.3674819566960706,0.02117246896416641,0.0,0.0,0.041973700698832765,0.020851139683961902,0.1406849040099939
0.07242487375966665,0.0,ssh,0.1,0.40000000000000013,0.14285714285714285,0.3957497995188452,0.06870581390067539,0.0,0.0,0.03180515510426001,0.06927584300284996,0.0
0.4944736749178996,0.0,ssh,0.6000000000000001,0.19999999999999996,0.31632653061224486,0.5615477145148356,0.014857276504030594,0.0,0.0,0.010690563938348384,0.014921646564877718,0.18146547494830756
0.07111833044952151,0.0,ssh,0.30000000000000004,0.19999999999999996,0.4693877551020408,0.13372093023255813,0.02507521956733047,0.0,0.0,0.10634219486907114,0.023819825351636976,0.040070996348024204
0.03774850806878774,0.0,ssh,0.2,0.19999999999999996,0.2040816326530612,0.07097032878909382,0.023896051277283725,0.0,0.0,0.08399957893516884,0.022967586451950097,0.0095186798801501
0.003954941911790671,0.0,ssh,0.0,0.0,0.0,0.0,0.0,0.0,0.0,0.0,0.0,0.0
0.03068611179773297,0.0,ssh,0.1,0.40000000000000013,0.32653061224489793,0.15236567762630313,0.061178822915195566,0.0,0.0,0.16248692600380862,0.059613841310221384,0.0
0.02083406899961157,0.0,ssh,0.2,0.19999999999999996,0.6530612244897959,0.37610264635124296,0.21152412532044754,0.0,0.0,0.4587020257458183,0.20770578635833428,0.011733632519336807
0.002648398601645539,0.0,ssh,0.0,0.0,0.0,0.0,0.0,0.0,0.0,0.0,0.0,0.0
0.005367421166001625,0.0,ssh,0.0,0.0,0.0,0.0,0.0,0.0,0.0,0.0,0.0,0.0
0.006603340513436209,0.0,ssh,0.0,0.40000000000000013,0.0,0.018644747393744988,0.024999890591870775,0.0,0.0,0.0,0.02538608343104403,0.0
0.11465800346057417,0.0,ssh,0.6000000000000001,0.19999999999999996,0.9999999999999999,0.17261427425821974,0.02125742289802145,0.0,0.0,0.14279424866259374,0.01937995504768243,0.04549608597220096
0.02090469296232212,0.0,ssh,0.2,0.19999999999999996,0.6530612244897959,0.9182036888532478,0.5048602491524713,0.0,0.0,0.45735294180175773,0.5055941270423722,0.004253633428741002
0.06885836364278398,0.0,ssh,0.2,0.19999999999999996,0.6632653061224489,0.10505212510024058,0.02136480549836763,0.0,0.0,0.15498496236080092,0.019300677446934682,0.06651184857941493
0.0015537271796320497,0.0,ssh,0.0,0.0,0.0,0.0,0.0,0.0,0.0,0.0,0.0,0.0
0.008051131749002436,0.0,ssh,0.0,0.0,0.0,0.0,0.0,0.0,0.0,0.0,0.0,0.0
0.21490871852819662,0.0,ssh,0.5,0.19999999999999996,0.7551020408163265,0.3502405773857257,0.0218037538697951,0.0,0.0,0.05824325216577781,0.02124084208849926,0.0919875058632639
0.15194745577174334,0.0,ssh,0.30000000000000004,0.19999999999999996,0.4081632653061224,0.14234161988773056,0.012626577813072248,0.0,0.0,0.044266657466250275,0.012137810912230889,0.1300827168929009
0.020586885130124653,0.0,ssh,0.2,0.19999999999999996,0.6530612244897959,0.49398556535685645,0.278511048801703,0.0,0.0,0.46348729513407105,0.27565358129256484,0.014687850000957268
0.009075179208305377,0.0,ssh,0.0,0.0,0.0,0.0,0.0,0.0,0.0,0.0,0.0,0.0
0.0068858363642783985,0.0,ssh,0.0,0.0,0.0,0.0,0.0,0.0,0.0,0.0,0.0,0.0
0.00745082806596278,0.0,ssh,0.0,0.0,0.0,0.0,0.0,0.0,0.0,0.0,0.0,0.0
0.3496945513612769,0.0,ssh,0.1,0.19999999999999996,0.49999999999999994,0.06475541299117883,0.0027524645807445003,0.0,0.0,0.023832378780008993,0.0024268284086110207,0.0
0.22306578622126488,0.0,ssh,0.1,0.40000000000000013,0.1020408163265306,0.1615878107457899,0.009418007004958966,0.0,0.0,0.007586820476409466,0.00944629189001639,0.0
0.01239450545570112,0.0,ssh,0.2,0.19999999999999996,0.6530612244897959,0.557738572574178,0.47924572882491406,0.0,0.0,0.7084282151582975,0.47570537746802544,0.004921776281781283
0.29128853419965395,0.0,ssh,0.30000000000000004,0.19999999999999996,0.29591836734693877,0.4901764234161989,0.0219370247990971,0.0,0.0,0.016903213948009425,0.022014788633636487,0.2219095065046332
0.31261697093823937,0.0,ssh,0.2,0.40000000000000013,0.17346938775510204,0.7764635124298316,0.03216261903900157,0.0,0.0,0.009239372380151567,0.03251672960008079,0.09158560305464084
0.492072460185741,0.0,ssh,0.1,0.19999999999999996,0.49999999999999994,0.020048115477145148,0.0007854764434244058,0.0,0.0,0.016979931328529395,0.0005353086560006736,0.0
0.01733818284543946,0.0,ssh,0.2,0.19999999999999996,0.6530612244897959,0.9953889334402566,0.6420826674222332,0.0,0.0,0.5371329433239569,0.6437039066699811,0.009893883897802115
0.01451322433701755,0.0,ssh,0.0,0.40000000000000013,0.0,0.01603849238171612,0.011851606028541684,0.0,0.0,0.0,0.012034689415159387,0.0
0.0033193262473957415,0.0,ssh,0.0,0.0,0.0,0.0,0.0,0.0,0.0,0.0,0.0,0.0
0.5916875595889686,0.0,ssh,0.4,0.40000000000000013,0.7448979591836734,0.26002405773857257,0.006012612450858007,0.0,0.0,0.02105998394098095,0.00578016451365147,0.3515376708722623
0.16988594230022247,0.0,ssh,0.6000000000000001,0.19999999999999996,0.9999999999999999,0.0483159582999198,0.005115406651683075,0.0,0.0,0.09720735979048319,0.003692793768463801,0.05544030120424261
0.006356156643949293,0.0,ssh,0.0,0.0,0.0,0.0,0.0,0.0,0.0,0.0,0.0,0.0
0.008686747413397367,0.0,ssh,0.0,0.0,0.0,0.0,0.0,0.0,0.0,0.0,0.0,0.0
0.003637134079593206,0.0,ssh,0.0,0.0,0.0,0.0,0.0,0.0,0.0,0.0,0.0,0.0
0.000741551608460751,0.0,ssh,0.0,0.0,0.0,0.0,0.0,0.0,0.0,0.0,0.0,0.0
0.013736360747201524,0.0,ssh,0.2,0.19999999999999996,0.6530612244897959,0.4925821972734563,0.3906990389944766,0.0,0.0,0.6519916178213442,0.3866626591605532,0.007106889095765049
0.5130477771107738,0.0,ssh,0.1,0.19999999999999996,0.49999999999999994,0.0872093023255814,0.0024477925106173195,0.0,0.0,0.01628990009914947,0.002233965057838226,0.0
0.0014831032169215015,0.0,ssh,0.0,0.0,0.0,0.0,0.0,0.0,0.0,0.0,0.0,0.0
0.11200960485892862,0.0,ssh,0.1,0.40000000000000013,0.17346938775510204,0.30553327987169204,0.034944025026902574,0.0,0.0,0.025340303539635456,0.035092379916079795,0.0
0.23447155619901833,0.0,ssh,0.1,0.19999999999999996,0.49999999999999994,0.0735765838011227,0.0045708350809064244,0.0,0.0,0.03539082706742255,0.004094732930781567,0.0
0.005720540979554363,0.0,ssh,0.0,0.0,0.0,0.0,0.0,0.0,0.0,0.0,0.0,0.0
0.06267876690561107,0.0,ssh,0.2,0.40000000000000013,0.2040816326530612,0.04671210906174819,0.010039119911546188,0.0,0.0,0.052167211331722,0.009388334078665827,0.07018012784308471
0.20036018220982377,0.0,ssh,0.1,0.19999999999999996,0.49999999999999994,0.05172413793103448,0.003938700044543893,0.0,0.0,0.04132406302293327,0.0033611814797664687,0.0
0.782336946926092,0.0,ssh,0.30000000000000004,0.6000000000000001,0.4693877551020408,0.2588211708099439,0.00444350767430016,0.0,0.0,0.010049490910630447,0.004356907882425895,0.6221041907977868
0.0025071506762244437,0.0,ssh,0.0,0.0,0.0,0.0,0.0,0.0,0.0,0.0,0.0,0.0
0.01670256718104453,0.0,ssh,0.2,0.19999999999999996,0.6530612244897959,0.541299117882919,0.36421938127751313,0.0,0.0,0.5543672021839487,0.36128202836346834,0.009507461900750499
0.2107772167096296,0.0,ssh,0.1,0.19999999999999996,0.49999999999999994,0.052125100240577385,0.0037712834295060356,0.0,0.0,0.03931143144245137,0.003222264580823397,0.0
0.3683392775168615,0.0,ssh,0.4,0.19999999999999996,0.2346938775510204,0.26343223736968724,0.009396036669819986,0.0,0.0,0.010625144604365795,0.009377052540532718,0.1692422150214428
0.0011299834033687635,0.0,ssh,0.0,0.0,0.0,0.0,0.0,0.0,0.0,0.0,0.0,0.0
0.006497404569370388,0.0,ssh,0.0,0.0,0.0,0.0,0.0,0.0,0.0,0.0,0.0,0.0
0.2737384794660829,0.0,ssh,0.1,0.19999999999999996,0.49999999999999994,0.06295108259823576,0.003422774183277186,0.0,0.0,0.030371092842426325,0.0030064853418124917,0.0
0.16490695292912885,0.0,ssh,0.2,0.40000000000000013,0.2755102040816326,0.20028067361668003,0.015940823567622855,0.0,0.0,0.027575251519723926,0.015761099783902388,0.256301737320991
0.013171369045517146,0.0,ssh,0.0,0.40000000000000013,0.0,0.019446672012830794,0.015554590694134849,0.0,0.0,0.0,0.015794877776892133,0.0
0.004696493520251421,0.0,ssh,0.0,0.0,0.0,0.0,0.0,0.0,0.0,0.0,0.0,0.0
0.013630424803135704,0.0,ssh,0.0,0.40000000000000013,0.0,0.007417802726543705,0.005770473040535889,0.0,0.0,0.0,0.005859611952077179,0.0
0.005932412867686006,0.0,ssh,0.0,0.0,0.0,0.0,0.0,0.0,0.0,0.0,0.0,0.0
0.05445107524983226,0.0,ssh,0.4,0.19999999999999996,0.5306122448979591,0.10505212510024058,0.0261229798232485,0.0,0.0,0.15502298696903963,0.024131767434571655,0.024395291081138002
0.33228574455312687,0.0,ssh,0.2,0.40000000000000013,0.22448979591836732,0.4615076182838813,0.0180880542054001,0.0,0.0,0.011255648491774566,0.018193598518965907,0.10368381990446471
0.20901161764186588,0.0,ssh,0.2,0.8,0.26530612244897955,0.3143544506816359,0.01961636749161579,0.0,0.0,0.021032771441794135,0.019594486308175743,0.020129168301998776
0.007945195804936614,0.0,ssh,0.0,0.0,0.0,0.0,0.0,0.0,0.0,0.0,0.0,0.0
0.14484974751933333,0.0,ssh,0.2,0.40000000000000013,0.31632653061224486,0.3700882117080994,0.03311602217590414,0.0,0.0,0.03595238857407901,0.0330722029616026,0.045315326930808704
0.10007415516084608,0.0,ssh,0.5,0.19999999999999996,0.673469387755102,0.05352846832397755,0.008424647723565753,0.0,0.0,0.10976003617318641,0.006859248374648496,0.04188561669570379
0.1660722483138529,0.0,ssh,0.30000000000000004,0.19999999999999996,0.4081632653061224,0.2943063352044908,0.023268211249237395,0.0,0.0,0.0405708599204411,0.023000927183293825,0.13623121661529333
0.0033899502101062897,0.0,ssh,0.0,0.0,0.0,0.0,0.0,0.0,0.0,0.0,0.0,0.0
0.3453864896359335,0.0,ssh,0.1,0.19999999999999996,0.49999999999999994,0.06214915797914996,0.0026891113599702503,0.0,0.0,0.02412697838058053,0.002357946562747802,0.0
0.003531198135527385,0.0,ssh,0.0,0.0,0.0,0.0,0.0,0.0,0.0,0.0,0.0,0.0
0.008333627599844627,0.0,ssh,0.0,0.0,0.0,0.0,0.0,0.0,0.0,0.0,0.0,0.0
0.018220982379321304,0.0,ssh,0.2,0.19999999999999996,0.6530612244897959,0.8087409783480353,0.501559997289044,0.0,0.0,0.5149006351992583,0.5013539154729681,0.005203123205123296
0.008792683357463188,0.0,ssh,0.0,0.0,0.0,0.0,0.0,0.0,0.0,0.0,0.0,0.0
0.009357675059147568,0.0,ssh,0.0,0.40000000000000013,0.0,0.014234161988773055,0.014868646078540607,0.0,0.0,0.0,0.01509833686472626,0.0
0.1069246795437692,0.0,ssh,0.30000000000000004,0.6000000000000001,0.5408163265306122,0.26383319967923013,0.032478342808668716,0.0,0.0,0.08265304616290702,0.0317032577924649,0.09405550297231582
0.013171369045517146,0.0,ssh,0.2,0.19999999999999996,0.6530612244897959,0.9354450681635926,0.7584869142554889,0.0,0.0,0.6746203901920079,0.7597824618807096,0.005496286400099556
0.006603340513436209,0.0,ssh,0.0,0.40000000000000013,0.0,0.018644747393744988,0.024999890591870775,0.0,0.0,0.0,0.02538608343104403,0.0
3.531198135527406e-05,0.0,ssh,0.0,0.0,0.0,0.0,0.0,0.0,0.0,0.0,0.0,0.0
0.23493061195663686,0.0,ssh,0.1,0.19999999999999996,0.49999999999999994,0.061948676824378504,0.003925962868418569,0.0,0.0,0.03532255285071278,0.003440960148580682,0.0
0.01709099897595254,0.0,ssh,0.2,0.19999999999999996,0.6530612244897959,0.9370489174017642,0.612331928414675,0.0,0.0,0.5437062804322147,0.6133920388933762,0.009911533518724156
0.00911049118966065,0.0,ssh,0.0,0.0,0.0,0.0,0.0,0.0,0.0,0.0,0.0,0.0
0.018150358416610758,0.0,ssh,0.1,0.40000000000000013,0.4081632653061224,0.7981154771451483,0.4937708629474526,0.0,0.0,0.32288207335918806,0.4964107091596358,0.0
0.4180938592464424,0.0,ssh,0.1,0.19999999999999996,0.49999999999999994,0.07157177225340818,0.002516209553588811,0.0,0.0,0.019962190419098604,0.002246704760344525,0.0
0.08782089763056605,0.0,ssh,0.4,0.19999999999999996,0.336734693877551,0.1387329591018444,0.020813669439837475,0.0,0.0,0.06227550067809538,0.020173177700103077,0.04831381803779293
0.2227479783890674,0.0,ssh,0.2,0.19999999999999996,0.16326530612244897,0.16379310344827586,0.009627737953218737,0.0,0.0,0.012156029910181136,0.009588685300544188,0.1699140224144203
0.16981531833751193,0.0,ssh,0.4,0.19999999999999996,0.5816326530612245,0.19687249398556536,0.015684594164442428,0.0,0.0,0.05656202995039246,0.01505313095416826,0.08070386389090979
0.00992266676083195,0.0,ssh,0.0,0.0,0.0,0.0,0.0,0.0,0.0,0.0,0.0,0.0
0.09234083124404109,0.0,ssh,0.2,0.19999999999999996,0.3061224489795918,0.2734562951082598,0.03812454152079901,0.0,0.0,0.05393310815395204,0.03788033202117525,0.1239600185231276
0.0076626999540944235,0.0,ssh,0.0,0.40000000000000013,0.0,0.019446672012830794,0.02351038762176533,0.0,0.0,0.0,0.0238735691242488,0.0
0.010134538648963593,0.0,ssh,0.0,0.0,0.0,0.0,0.0,0.0,0.0,0.0,0.0,0.0
0.2757512624033335,0.0,ssh,0.1,0.19999999999999996,0.49999999999999994,0.038291900561347236,0.0022466589714311125,0.0,0.0,0.030151874294289692,0.001815585420628152,0.0
0.009604858928634484,0.0,ssh,0.0,0.0,0.0,0.0,0.0,0.0,0.0,0.0,0.0,0.0
0.010311098555739962,0.0,ssh,0.0,0.0,0.0,0.0,0.0,0.0,0.0,0.0,0.0,0.0
0.014442600374307004,0.0,ssh,0.2,0.19999999999999996,0.6530612244897959,0.9404570970328789,0.7072647411782155,0.0,0.0,0.6257545166522576,0.7085238921072353,0.005787804291430541
0.19584024859634874,0.0,ssh,0.4,0.19999999999999996,0.6530612244897959,0.13793103448275862,0.00986708302078092,0.0,0.0,0.05520055460045217,0.009166785050252901,0.09529374353844387
0.012606377343832761,0.0,ssh,0.2,0.19999999999999996,0.6530612244897959,0.9408580593424218,0.7902436513123889,0.0,0.0,0.698876384974983,0.7916550722346716,0.01068146083818349
0.018785974081005685,0.0,ssh,0.2,0.19999999999999996,0.6530612244897959,0.7493985565356857,0.4533235720583229,0.0,0.0,0.5016129176275828,0.45257760875085845,0.01027694050103385
0.015749143684452137,0.0,ssh,0.2,0.19999999999999996,0.6530612244897959,0.47674418604651164,0.3380588256758288,0.0,0.0,0.5823969874791525,0.3342843533296184,0.004661893092357176
0.21494403050955188,0.0,ssh,0.5,0.19999999999999996,0.7551020408163265,0.2730553327987169,0.017191166281195214,0.0,0.0,0.058233776384810976,0.016557150562076437,0.10157925218257008
0.5777040149722801,0.0,ssh,0.2,0.8,0.25510204081632654,0.4053728949478749,0.00920010001677197,0.0,0.0,0.0073859460683496575,0.009228125540216943,1.0
0.15787986863942935,0.0,ssh,0.6000000000000001,0.19999999999999996,0.9999999999999999,0.07457898957497995,0.0076210745841722265,0.0,0.0,0.10445681816759898,0.006125178965632111,0.051785408729323024
0.005084925315159434,0.0,ssh,0.0,0.0,0.0,0.0,0.0,0.0,0.0,0.0,0.0,0.0
0.05282672410748967,0.0,ssh,0.1,0.40000000000000013,0.14285714285714285,0.31315156375300723,0.07355105639758416,0.0,0.0,0.042949037974374445,0.07402378853299406,0.0
0.11720046611815389,0.0,ssh,0.4,0.19999999999999996,0.5816326530612245,0.38331996792301526,0.04272297258457012,0.0,0.0,0.08129861690650617,0.04212706592041067,0.057974367964083326
0.003954941911790671,0.0,ssh,0.0,0.0,0.0,0.0,0.0,0.0,0.0,0.0,0.0,0.0
0.5098343868074438,0.0,ssh,0.7000000000000001,0.19999999999999996,0.4591836734693877,0.10485164394546913,0.00289061452121465,0.0,0.0,0.015053796620462717,0.002702719863992336,0.13675330137655078
0.008651435432042092,0.0,ssh,0.0,0.0,0.0,0.0,0.0,0.0,0.0,0.0,0.0,0.0
0.011370457996398176,0.0,ssh,0.0,0.0,0.0,0.0,0.0,0.0,0.0,0.0,0.0,0.0
0.26565203573572516,0.0,ssh,0.4,0.40000000000000013,0.5918367346938775,0.09743384121892543,0.005283784284072233,0.0,0.0,0.037031109049656306,0.004793359749898274,0.11288136642766888
0.016384759348847068,0.0,ssh,0.2,0.19999999999999996,0.6530612244897959,0.9372493985565357,0.6346517855643247,0.0,0.0,0.5634057608982262,0.6357523777652593,0.006765787735487825
0.48529255976552843,0.0,ssh,0.1,0.19999999999999996,0.49999999999999994,0.05653568564554932,0.0017691368420106397,0.0,0.0,0.017215611008986623,0.0015305274222856497,0.0
0.006214908718528197,0.0,ssh,0.0,0.0,0.0,0.0,0.0,0.0,0.0,0.0,0.0,0.0
0.6214202478901092,0.0,ssh,0.7000000000000001,0.19999999999999996,0.4081632653061224,0.518644747393745,0.010980406837381195,0.0,0.0,0.01099032662470313,0.010980250784060567,0.1673694855404733
0.005120237296514708,0.0,ssh,0.0,0.0,0.0,0.0,0.0,0.0,0.0,0.0,0.0,0.0
0.003884317949080123,0.0,ssh,0.0,0.0,0.0,0.0,0.0,0.0,0.0,0.0,0.0,0.0
0.4189060348176137,0.0,ssh,0.6000000000000001,0.19999999999999996,0.336734693877551,0.32297514033680835,0.01016916773650075,0.0,0.0,0.01341807030215532,0.010118980460891096,0.12862557615542197
0.4614922843320739,0.0,ssh,0.7000000000000001,0.19999999999999996,0.5408163265306122,0.30032076984763434,0.008714505341600566,0.0,0.0,0.019574898243171983,0.00854673771457786,0.1284596248468372
0.13344397754157986,0.0,ssh,0.30000000000000004,0.19999999999999996,0.4183673469387755,0.22493985565356855,0.022232759407857183,0.0,0.0,0.05152170412444908,0.02178031411343419,0.07167084773223312
0.792012429817437,0.0,ssh,0.30000000000000004,0.40000000000000013,0.673469387755102,0.5066158781074579,0.008512943040826854,0.0,0.0,0.014243374379055412,0.008424422683237644,0.6584933715203325
0.0076626999540944235,0.0,ssh,0.0,0.0,0.0,0.0,0.0,0.0,0.0,0.0,0.0,0.0
0.2190755323281189,0.0,ssh,0.4,0.19999999999999996,0.6530612244897959,0.3859262229350441,0.02336866713221304,0.0,0.0,0.04942786024170651,0.02296611139764208,0.1085602755494716
0.002648398601645539,0.0,ssh,0.0,0.0,0.0,0.0,0.0,0.0,0.0,0.0,0.0,0.0
0.005720540979554363,0.0,ssh,0.0,0.0,0.0,0.0,0.0,0.0,0.0,0.0,0.0,0.0
0.0018362230304742404,0.0,ssh,0.0,0.0,0.0,0.0,0.0,0.0,0.0,0.0,0.0,0.0
0.006038348811751828,0.0,ssh,0.0,0.0,0.0,0.0,0.0,0.0,0.0,0.0,0.0,0.0
0.17659521875772452,0.0,ssh,0.6000000000000001,0.19999999999999996,0.9999999999999999,0.046311146752205296,0.004779154072903899,0.0,0.0,0.09357807493799891,0.0034074148613596317,0.05881706257658141
0.004555245594830327,0.0,ssh,0.0,0.0,0.0,0.0,0.0,0.0,0.0,0.0,0.0,0.0
0.6005508669091423,0.0,ssh,0.8,0.19999999999999996,0.520408163265306,0.24879711307137128,0.005587037005495954,0.0,0.0,0.014497094488661042,0.005449392968376516,0.16819632540875326
0.8317737208234754,0.0,ssh,0.8,0.40000000000000013,0.5510204081632653,0.4755412991178829,0.007585361700909636,0.0,0.0,0.011098690683964907,0.007531084942144275,0.24093714401612037
0.4266393587344186,0.0,ssh,0.30000000000000004,0.19999999999999996,0.5306122448979591,0.4019647153167602,0.012494866688855816,0.0,0.0,0.020763136879539075,0.012367139632289963,0.31422181026478024
0.007027084289699495,0.0,ssh,0.0,0.0,0.0,0.0,0.0,0.0,0.0,0.0,0.0,0.0
0.5938415904516403,0.0,ssh,0.4,0.40000000000000013,0.6938775510204082,0.3674819566960706,0.008312940545138718,0.0,0.0,0.019546713869014215,0.008139406909732203,0.3445932929047328
0.0035665101168826587,0.0,ssh,0.0,0.0,0.0,0.0,0.0,0.0,0.0,0.0,0.0,0.0
0.0022599668067375266,0.0,ssh,0.0,0.0,0.0,0.0,0.0,0.0,0.0,0.0,0.0,0.0
0.003707758042303754,0.0,ssh,0.0,0.0,0.0,0.0,0.0,0.0,0.0,0.0,0.0,0.0
0.262791765245948,0.0,ssh,0.1,0.19999999999999996,0.49999999999999994,0.02967121090617482,0.0019340104572881307,0.0,0.0,0.03162140999256333,0.00147540805831533,0.0
0.0028955824711324562,0.0,ssh,0.0,0.0,0.0,0.0,0.0,0.0,0.0,0.0,0.0,0.0
0.0017655990677636932,0.0,ssh,0.0,0.0,0.0,0.0,0.0,0.0,0.0,0.0,0.0,0.0
0.005685228998199088,0.0,ssh,0.0,0.40000000000000013,0.0,0.012630312750601443,0.01870376323749654,0.0,0.0,0.0,0.018992697930375793,0.0
0.2251845051025813,0.0,ssh,0.2,0.19999999999999996,0.31632653061224486,0.3652766639935846,0.021188237041168918,0.0,0.0,0.023300945397452217,0.021155597649109868,0.32755183603920973
0.00402556587450122,0.0,ssh,0.0,0.0,0.0,0.0,0.0,0.0,0.0,0.0,0.0,0.0
0.26551078781030407,0.0,ssh,0.1,0.19999999999999996,0.49999999999999994,0.08560545308740979,0.004625738741430387,0.0,0.0,0.03130135941618985,0.004213664345178592,0.0
0.1730640206221971,0.0,ssh,0.5,0.40000000000000013,0.673469387755102,0.21391339214113872,0.016788204313353396,0.0,0.0,0.06428515589147873,0.016054484520113408,0.058595245730586616
0.8088562449239027,0.0,ssh,0.4,0.40000000000000013,0.7448979591836734,0.4268243785084202,0.0070793047485966775,0.0,0.0,0.015427239578053191,0.006950348929773456,0.42931326820722937
0.157703308732653,0.0,ssh,0.2,0.19999999999999996,0.07142857142857142,0.1912590216519647,0.015599773294528338,0.0,0.0,0.007469405831480646,0.015725367250121552,0.27175943985487827
0.25467000953423496,0.0,ssh,0.5,0.19999999999999996,0.7551020408163265,0.35344827586206895,0.018602619857492658,0.0,0.0,0.049259422160802424,0.01812904424973663,0.09986080731160975
0.19569900067092763,0.0,ssh,0.30000000000000004,0.6000000000000001,0.4081632653061224,0.10785886126704089,0.0075893979737851015,0.0,0.0,0.034524886468299286,0.007173305452755098,0.11859804872970593
0.5782336946926092,0.0,ssh,0.5,0.19999999999999996,0.3061224489795918,0.49558941459502803,0.011234825092476482,0.0,0.0,0.008855056571323504,0.011271583393190404,0.24590543751914537
0.0040608778558564925,0.0,ssh,0.0,0.0,0.0,0.0,0.0,0.0,0.0,0.0,0.0,0.0
0.13418552915004062,0.0,ssh,0.2,0.19999999999999996,0.336734693877551,0.08961507618283882,0.00912647130277996,0.0,0.0,0.04124467298624317,0.008630316618727606,0.12528015033887274
0.007380204103252233,0.0,ssh,0.0,0.40000000000000013,0.0,0.010024057738572574,0.012445189484234702,0.0,0.0,0.0,0.01263743676592549,0.0
0.0031427663406193725,0.0,ssh,0.0,0.0,0.0,0.0,0.0,0.0,0.0,0.0,0.0,0.0
0.7061336911614111,0.0,ssh,0.30000000000000004,0.40000000000000013,0.32653061224489793,0.37469927826784283,0.006996775535443384,0.0,0.0,0.007742077503019949,0.006985265116704435,0.40559187854189005
0.005226173240580528,0.0,ssh,0.0,0.0,0.0,0.0,0.0,0.0,0.0,0.0,0.0,0.0
0.4756170768741835,0.0,ssh,0.6000000000000001,0.19999999999999996,0.336734693877551,0.1934643143544507,0.005441952955214107,0.0,0.0,0.01182850804496841,0.005343295089457038,0.17092850168479096
0.5683816518944879,0.0,ssh,0.4,0.40000000000000013,0.7755102040816326,0.48376102646351243,0.011369123571100263,0.0,0.0,0.022819624318085444,0.01119223729437364,0.27216635336096645
0.1139517638334687,0.0,ssh,0.30000000000000004,0.19999999999999996,0.4183673469387755,0.18704891740176424,0.021720174929996536,0.0,0.0,0.06010086968839198,0.021127278858387315,0.08090466572216268
0.352413573925633,0.0,ssh,0.1,0.19999999999999996,0.49999999999999994,0.03247794707297514,0.0015492708569152206,0.0,0.0,0.02365009148076875,0.0012078621073967845,0.0
0.007945195804936614,0.0,ssh,0.0,0.0,0.0,0.0,0.0,0.0,0.0,0.0,0.0,0.0
0.022458420141954167,0.0,ssh,0.2,0.19999999999999996,0.6530612244897959,0.7435846030473136,0.38524420840675505,0.0,0.0,0.42955798579641175,0.3845596577190151,0.01319458736981161
0.06066598396836047,0.0,ssh,0.2,0.19999999999999996,0.4693877551020408,0.15236567762630313,0.03299173306261622,0.0,0.0,0.12377143614511137,0.03158939429684496,0.04936030594271711
0.1545958543733889,0.0,ssh,0.2,0.40000000000000013,0.336734693877551,0.0942261427425822,0.00832601777355758,0.0,0.0,0.035906710450444,0.007899954550405217,0.13697354770542963
0.44097602316465984,0.0,ssh,0.1,0.19999999999999996,0.49999999999999994,0.09001603849238171,0.002927347561357853,0.0,0.0,0.018933642988896996,0.002680089227986818,0.0
0.0029662064338430026,0.0,ssh,0.0,0.0,0.0,0.0,0.0,0.0,0.0,0.0,0.0,0.0
0.17546523535435574,0.0,ssh,0.5,0.40000000000000013,0.9285714285714285,0.2772654370489174,0.021547280516056262,0.0,0.0,0.08744378234787134,0.020529325434122257,0.0744337612718257
0.2941488046894311,0.0,ssh,0.4,0.19999999999999996,0.32653061224489793,0.5699679230152366,0.025247411699360178,0.0,0.0,0.01847230608862054,0.025352068040637034,0.13552822323958494
0.005438045128712172,0.0,ssh,0.0,0.0,0.0,0.0,0.0,0.0,0.0,0.0,0.0,0.0
0.01698506303188672,0.0,ssh,0.2,0.19999999999999996,0.6530612244897959,0.3921411387329591,0.2624381592726879,0.0,0.0,0.5465729471434255,0.25804891603433794,0.012539756518992189
0.0070623962710547675,0.0,ssh,0.0,0.0,0.0,0.0,0.0,0.0,0.0,0.0,0.0,0.0
0.2607436703273421,0.0,ssh,0.30000000000000004,0.19999999999999996,0.2755102040816326,0.5799919807538091,0.028889090850381483,0.0,0.0,0.01755929029559152,0.029064109766492874,0.1798444769250651
0.32430523676683504,0.0,ssh,0.1,0.19999999999999996,0.49999999999999994,0.02967121090617482,0.0015706571892022574,0.0,0.0,0.025680459779470633,0.0011982123246336717,0.0
0.14495568346339913,0.0,ssh,0.4,0.40000000000000013,0.7959183673469387,0.12309542902967122,0.01220026312359381,0.0,0.0,0.09039621702526929,0.01099231019752532,0.08186440125306325
0.4246971997598786,0.0,ssh,0.1,0.19999999999999996,0.49999999999999994,0.061948676824378504,0.002184473756360752,0.0,0.0,0.01965410605330503,0.001914611108504692,0.0
0.0036724460609484804,0.0,ssh,0.0,0.0,0.0,0.0,0.0,0.0,0.0,0.0,0.0,0.0
0.006850524382923124,0.0,ssh,0.0,0.0,0.0,0.0,0.0,0.0,0.0,0.0,0.0,0.0
0.14831032169215017,0.0,ssh,0.2,0.40000000000000013,0.3061224489795918,0.18765036086607859,0.0166536840614947,0.0,0.0,0.033997462069997715,0.01638575807178454,0.1738602832076122
0.8010522970443872,0.0,ssh,1.0,0.19999999999999996,0.6428571428571428,0.2716519647153168,0.004603029162175019,0.0,0.0,0.013443156824843164,0.004466471012973551,0.17597614369543577
0.02072813305554575,0.0,ssh,0.2,0.19999999999999996,0.6530612244897959,0.5447072975140337,0.3045685759508867,0.0,0.0,0.4607407157239591,0.30215606877226026,0.010134397376129575
0.08068787739680074,0.0,ssh,0.2,0.40000000000000013,0.2040816326530612,0.221130713712911,0.03498403291848136,0.0,0.0,0.040955540182383274,0.034891788481795034,0.08746052766981928
0.5026307426109679,0.0,ssh,0.2,0.6000000000000001,0.520408163265306,0.7620288692862871,0.019882473196191127,0.0,0.0,0.017303990889158086,0.019922308683164382,0.3136885823106525
0.12203820756382641,0.0,ssh,0.4,0.19999999999999996,0.8061224489795917,0.07056936647955092,0.008990243397012413,0.0,0.0,0.10832129676305499,0.007455802749312251,0.0581449560374866
0.01257106536247749,0.0,ssh,0.2,0.19999999999999996,0.6530612244897959,0.5511226944667201,0.4683544378657632,0.0,0.0,0.7004504579748202,0.4647690771093676,0.008440407700260378
0.010169850630318868,0.0,ssh,0.0,0.0,0.0,0.0,0.0,0.0,0.0,0.0,0.0,0.0
0.0025424626575797173,0.0,ssh,0.0,0.0,0.0,0.0,0.0,0.0,0.0,0.0,0.0,0.0
0.491295596595925,0.0,ssh,0.1,0.19999999999999996,0.49999999999999994,0.05272654370489174,0.0016473389813949405,0.0,0.0,0.017006597148045047,0.0014100749754246992,0.0
0.129206539778947,0.0,ssh,0.4,0.19999999999999996,0.6122448979591836,0.1784282277465918,0.01874251441407748,0.0,0.0,0.07781225841693837,0.017830017336964484,0.05825728540454128
0.3397012606377344,0.0,ssh,0.4,0.19999999999999996,0.17346938775510204,0.5944266238973537,0.022707309775929784,0.0,0.0,0.008509433534776692,0.022926638681627313,0.20425337915454128
0.0042374377626328615,0.0,ssh,0.0,0.0,0.0,0.0,0.0,0.0,0.0,0.0,0.0,0.0
0.46904904834210254,0.0,ssh,0.30000000000000004,0.40000000000000013,0.47959183673469385,0.6794306335204491,0.018996651756408533,0.0,0.0,0.017081067067694675,0.01902624697091569,0.3102323228576352
0.23701401885659804,0.0,ssh,0.1,0.19999999999999996,0.49999999999999994,0.06876503608660786,0.004261527950169506,0.0,0.0,0.03501610852393269,0.003786436258779861,0.0
0.0665630848546912,0.0,ssh,0.2,0.19999999999999996,0.19387755102040816,0.1682036888532478,0.032147568028791956,0.0,0.0,0.046795779851610486,0.031921282454477756,0.06427969503848216
0.25943712701719696,0.0,ssh,0.1,0.40000000000000013,0.3061224489795918,0.6894546912590216,0.03449143020908662,0.0,0.0,0.019607456054699067,0.03472135402613958,0.0
0.06733994844450722,0.0,ssh,0.2,0.19999999999999996,0.6632653061224489,0.11627906976744186,0.02390037585536458,0.0,0.0,0.15832547886253936,0.021823808510596635,0.03723426850398223
0.014760408206504467,0.0,ssh,0.0,0.40000000000000013,0.0,0.0028067361668003207,0.0020453406212158094,0.0,0.0,0.0,0.0020769355804552128,0.0
0.005826476923620184,0.0,ssh,0.0,0.0,0.0,0.0,0.0,0.0,0.0,0.0,0.0,0.0
0.0854549948797627,0.0,ssh,0.30000000000000004,0.19999999999999996,0.4183673469387755,0.2780673616680032,0.042090933649942715,0.0,0.0,0.07943954157143557,0.04151398099120221,0.07076563158121459
0.005932412867686006,0.0,ssh,0.0,0.0,0.0,0.0,0.0,0.0,0.0,0.0,0.0,0.0
0.6495285850489071,0.0,ssh,0.9,0.19999999999999996,0.5816326530612245,0.1347233360064154,0.0029158597077892203,0.0,0.0,0.01498673724746664,0.0027293909477397803,0.1629181913147113
0.0022599668067375266,0.0,ssh,0.0,0.0,0.0,0.0,0.0,0.0,0.0,0.0,0.0,0.0
0.008686747413397367,0.0,ssh,0.0,0.0,0.0,0.0,0.0,0.0,0.0,0.0,0.0,0.0
0.363889967866097,0.0,ssh,0.1,0.19999999999999996,0.49999999999999994,0.03127506014434643,0.0014581442346883616,0.0,0.0,0.02291055537005567,0.0011267538253799914,0.0
0.017938486528479115,0.0,ssh,0.2,0.19999999999999996,0.6530612244897959,0.7183239775461107,0.45235290017886154,0.0,0.0,0.5218120633130379,0.45127991377177823,0.010373489910399755
0.4575373424202832,0.0,ssh,0.30000000000000004,0.19999999999999996,0.5612244897959183,0.654971932638332,0.01882536889464198,0.0,0.0,0.020487974778386688,0.018799682570189578,0.3213805264253714
0.40471061831279354,0.0,ssh,0.1,0.19999999999999996,0.49999999999999994,0.09823576583801122,0.003450104038259963,0.0,0.0,0.020617294891709742,0.003184909674969691,0.0
0.20784632225714186,0.0,ssh,0.1,0.19999999999999996,0.49999999999999994,0.0471130713712911,0.0035143147822092203,0.0,0.0,0.039857625176129556,0.002952895455273509,0.0
0.018256294360676578,0.0,ssh,0.2,0.19999999999999996,0.6530612244897959,0.3769045709703288,0.2375356271309451,0.0,0.0,0.5140495764356279,0.2332641133447194,0.006781492906647266
0.2950669162046683,0.0,ssh,0.1,0.19999999999999996,0.49999999999999994,0.09442662389735365,0.004552427902408422,0.0,0.0,0.02819864857140757,0.004187146209174282,0.0
0.4659415939828384,0.0,ssh,0.5,0.19999999999999996,0.39795918367346933,0.4033680834001604,0.01141451315984634,0.0,0.0,0.014267549768957985,0.011370439243388986,0.21093869658446932
0.2240898336805678,0.0,ssh,0.1,0.19999999999999996,0.49999999999999994,0.030673616680032077,0.002320908650480887,0.0,0.0,0.03700796627691038,0.0017850728150378273,0.0
0.27621031816095204,0.0,ssh,0.1,0.19999999999999996,0.49999999999999994,0.06796311146752206,0.00362612545481255,0.0,0.0,0.03010230867077085,0.003217130040636724,0.0
0.011052650164200714,0.0,ssh,0.0,0.40000000000000013,0.0,0.015236567762630313,0.014010612825092948,0.0,0.0,0.0,0.014227044241897824,0.0
0.02432995515378368,0.0,ssh,0.2,0.19999999999999996,0.6530612244897959,0.3137530072173216,0.1549843845029831,0.0,0.0,0.40025741323449526,0.1511954696338006,0.01194565232998928
0.0030368303965535508,0.0,ssh,0.0,0.0,0.0,0.0,0.0,0.0,0.0,0.0,0.0,0.0
0.009004555245594832,0.0,ssh,0.0,0.0,0.0,0.0,0.0,0.0,0.0,0.0,0.0,0.0
0.21081252869098485,0.0,ssh,0.1,0.19999999999999996,0.49999999999999994,0.026062550120288693,0.0021842963377728193,0.0,0.0,0.03930493202858309,0.0016108662739382116,0.0
0.012359193474345845,0.0,ssh,0.2,0.19999999999999996,0.6530612244897959,0.43825180433039296,0.3797486898228676,0.0,0.0,0.7100456580787138,0.3746463469328127,0.00575243026305713
0.0020127829372506094,0.0,ssh,0.0,0.0,0.0,0.0,0.0,0.0,0.0,0.0,0.0,0.0
0.006108972774462375,0.0,ssh,0.0,0.0,0.0,0.0,0.0,0.0,0.0,0.0,0.0,0.0
0.10900808644373035,0.0,ssh,0.30000000000000004,0.6000000000000001,0.5306122448979591,0.07638331996792301,0.010081663410444182,0.0,0.0,0.07958659840297859,0.009007965239778482,0.04317015012348752
0.36593806278470287,0.0,ssh,0.1,0.19999999999999996,0.49999999999999994,0.022453889334402566,0.0011388203461744175,0.0,0.0,0.022783421975417273,0.0008044619657166922,0.0
0.18090328048306792,0.0,ssh,0.2,0.19999999999999996,0.14285714285714285,0.2818765036086608,0.02014443913371471,0.0,0.0,0.013055317969245379,0.020253948183423378,0.2372993028698882
0.07475546452911473,0.0,ssh,0.2,0.19999999999999996,0.2755102040816326,0.3544506816359262,0.06017883261407837,0.0,0.0,0.05950255915939617,0.06018927669804642,0.10529636704989279
0.243970479183587,0.0,ssh,0.1,0.19999999999999996,0.49999999999999994,0.08440256615878107,0.004965621008821015,0.0,0.0,0.03403020210808185,0.004516641626040267,0.0
0.17557117129842154,0.0,ssh,0.5,0.40000000000000013,0.673469387755102,0.18163592622293503,0.01420050246126893,0.0,0.0,0.06338313443405867,0.01344073895611756,0.07580818810786491
0.012853561213319679,0.0,ssh,0.2,0.19999999999999996,0.6530612244897959,0.41720128307939053,0.3508138545465642,0.0,0.0,0.6880530993609132,0.34560427102462815,0.004548965433067851
0.30470708711465805,0.0,ssh,0.5,0.19999999999999996,0.4591836734693877,0.1744186046511628,0.007759645893788716,0.0,0.0,0.02508567229724456,0.007491997879641336,0.13994608788673613
0.007168332215120589,0.0,ssh,0.0,0.0,0.0,0.0,0.0,0.0,0.0,0.0,0.0,0.0
0.00780394787951552,0.0,ssh,0.0,0.0,0.0,0.0,0.0,0.0,0.0,0.0,0.0,0.0
0.012641689325188036,0.0,ssh,0.0,0.40000000000000013,0.0,0.0048115477145148355,0.003977998261770955,0.0,0.0,0.0,0.004039446544122426,0.0
0.1904022034676366,0.0,ssh,0.1,0.19999999999999996,0.49999999999999994,0.0884121892542101,0.006610032583515069,0.0,0.0,0.04345058620157427,0.006040925402419095,0.0
0.008298315618489354,0.0,ssh,0.0,0.40000000000000013,0.0,0.01603849238171612,0.018309450425816436,0.0,0.0,0.0,0.0185922910604785,0.0
0.003531198135527385,0.0,ssh,0.0,0.0,0.0,0.0,0.0,0.0,0.0,0.0,0.0,0.0
0.003460574172816837,0.0,ssh,0.0,0.0,0.0,0.0,0.0,0.0,0.0,0.0,0.0,0.0
0.012747625269253859,0.0,ssh,0.0,0.40000000000000013,0.0,0.020048115477145148,0.016464230579347386,0.0,0.0,0.0,0.016718569545854416,0.0
0.005367421166001625,0.0,ssh,0.0,0.0,0.0,0.0,0.0,0.0,0.0,0.0,0.0,0.0
0.009145803171015925,0.0,ssh,0.0,0.0,0.0,0.0,0.0,0.0,0.0,0.0,0.0,0.0
0.008686747413397367,0.0,ssh,0.0,0.40000000000000013,0.0,0.009021651964715317,0.009959872942269648,0.0,0.0,0.0,0.010113733321138926,0.0
0.20463293195381194,0.0,ssh,0.5,0.19999999999999996,0.2755102040816326,0.285084202085004,0.018207796967372247,0.0,0.0,0.0223021008960505,0.018144550148235312,0.08392626586671008
0.007521452028673329,0.0,ssh,0.0,0.40000000000000013,0.0,0.003408179631114675,0.004175132490287514,0.0,0.0,0.0,0.004239628866652542,0.0
0.005579293054133266,0.0,ssh,0.0,0.40000000000000013,0.0,0.010425020048115477,0.015626297373424258,0.0,0.0,0.0,0.015867689347591203,0.0
0.289099191355627,0.0,ssh,0.1,0.19999999999999996,0.49999999999999994,0.06255012028869286,0.003224982027497042,0.0,0.0,0.02877454523388566,0.002830297048360124,0.0
0.002577774638934991,0.0,ssh,0.0,0.0,0.0,0.0,0.0,0.0,0.0,0.0,0.0,0.0
0.010452346481161058,0.0,ssh,0.0,0.0,0.0,0.0,0.0,0.0,0.0,0.0,0.0,0.0
0.6340266252339418,0.0,ssh,1.0,0.19999999999999996,0.6428571428571428,0.5557337610264635,0.011615343608944829,0.0,0.0,0.016967296953906946,0.011532671759027684,0.13019130693348907
0.44588438857304286,0.0,ssh,0.1,0.19999999999999996,0.49999999999999994,0.07618283881315156,0.0024941874713616825,0.0,0.0,0.018726633620083016,0.0022434309279776936,0.0
0.17475899572725026,0.0,ssh,0.6000000000000001,0.19999999999999996,0.9999999999999999,0.06896551724137931,0.006486911475931039,0.0,0.0,0.09454411865913083,0.005126630067197554,0.05206615736043039
0.06190190331579505,0.0,ssh,0.2,0.19999999999999996,0.39795918367346933,0.214915797914996,0.044611637807759154,0.0,0.0,0.10294166508787601,0.04371056862327364,0.0782498187174529
0.008192379674423532,0.0,ssh,0.0,0.0,0.0,0.0,0.0,0.0,0.0,0.0,0.0,0.0
0.004343373706698683,0.0,ssh,0.0,0.0,0.0,0.0,0.0,0.0,0.0,0.0,0.0,0.0
0.0074861400473180545,0.0,ssh,0.0,0.0,0.0,0.0,0.0,0.0,0.0,0.0,0.0,0.0
0.22458420141954166,0.0,ssh,0.2,0.19999999999999996,0.4591836734693877,0.7656375300721732,0.04429961765111509,0.0,0.0,0.033913151916267134,0.04446006417276314,0.22945823441568386
0.006673964476146757,0.0,ssh,0.0,0.0,0.0,0.0,0.0,0.0,0.0,0.0,0.0,0.0
0.004978989371093612,0.0,ssh,0.0,0.0,0.0,0.0,0.0,0.0,0.0,0.0,0.0,0.0
0.07479077651047,0.0,ssh,0.30000000000000004,0.19999999999999996,0.4693877551020408,0.11748195669607056,0.021178708184508704,0.0,0.0,0.10132877783138614,0.019940569517698896,0.04996473067276765
0.006956460326988946,0.0,ssh,0.0,0.0,0.0,0.0,0.0,0.0,0.0,0.0,0.0,0.0
0.19350965782690066,0.0,ssh,0.4,0.19999999999999996,0.6530612244897959,0.3562550120288693,0.024442323109528062,0.0,0.0,0.0558548694246494,0.023957067332043273,0.08727909554966305
0.5266428899325541,0.0,ssh,0.30000000000000004,0.40000000000000013,0.5612244897959183,0.5864073777064955,0.014684359912766827,0.0,0.0,0.017815318608253174,0.01463599178883808,0.24543293622683413
0.21494403050955188,0.0,ssh,0.1,0.19999999999999996,0.49999999999999994,0.0966319165998396,0.006356900613182295,0.0,0.0,0.03856023283208679,0.005859431792772383,0.0
0.4155160846075074,0.0,ssh,0.4,0.19999999999999996,0.6326530612244897,0.6335204490777867,0.020091479685216844,0.0,0.0,0.025413862326499816,0.020009258067641342,0.19055398271174762
0.016172887460715425,0.0,ssh,0.2,0.19999999999999996,0.6530612244897959,0.8871291098636728,0.60777780764324,0.0,0.0,0.5695970296585262,0.6083676154517805,0.01403967515124828
0.14453193968713585,0.0,ssh,0.6000000000000001,0.19999999999999996,0.9999999999999999,0.0483159582999198,0.005993872612507632,0.0,0.0,0.11390064874476577,0.0043269545213442066,0.04776249174356716
0.007380204103252233,0.0,ssh,0.0,0.0,0.0,0.0,0.0,0.0,0.0,0.0,0.0,0.0
0.010028602704897771,0.0,ssh,0.0,0.40000000000000013,0.0,0.012028869286287089,0.0119232905305076,0.0,0.0,0.0,0.012107480342604785,0.0
0.3968007344892122,0.0,ssh,0.5,0.19999999999999996,0.25510204081632654,0.5725741780272654,0.018805845457528236,0.0,0.0,0.010727069991944978,0.018930646186489694,0.18169043282853423
0.5007238956177832,0.0,ssh,0.30000000000000004,0.40000000000000013,0.5306122448979591,0.7880914194065758,0.020636457840257506,0.0,0.0,0.01771011314264701,0.020681660447953748,0.4033988383557972
0.1723930929764469,0.0,ssh,0.5,0.19999999999999996,0.7551020408163265,0.09723336006415396,0.008314633414165242,0.0,0.0,0.07235287225195518,0.00732539087088307,0.07387951830295604
0.12938309968572337,0.0,ssh,0.30000000000000004,0.19999999999999996,0.4387755102040816,0.09141940657578188,0.009831628872959065,0.0,0.0,0.05569110849204304,0.009123205265086622,0.08215277811016236
0.007733323916804971,0.0,ssh,0.0,0.0,0.0,0.0,0.0,0.0,0.0,0.0,0.0,0.0
0.006214908718528197,0.0,ssh,0.0,0.0,0.0,0.0,0.0,0.0,0.0,0.0,0.0,0.0
0.2804830679049402,0.0,ssh,0.2,0.40000000000000013,0.14285714285714285,0.2309542902967121,0.010732893122332953,0.0,0.0,0.00847110521560955,0.010767832642079754,0.2985909769154924
0.007909883823581342,0.0,ssh,0.0,0.0,0.0,0.0,0.0,0.0,0.0,0.0,0.0,0.0
0.006956460326988946,0.0,ssh,0.0,0.0,0.0,0.0,0.0,0.0,0.0,0.0,0.0,0.0
0.009569546947279212,0.0,ssh,0.0,0.0,0.0,0.0,0.0,0.0,0.0,0.0,0.0,0.0
0.12722906882305166,0.0,ssh,0.2,0.19999999999999996,0.2755102040816326,0.22253408179631115,0.022772163662260297,0.0,0.0,0.03554675225807556,0.022574825092550065,0.10154298071584471
0.008686747413397367,0.0,ssh,0.0,0.40000000000000013,0.0,0.018043303929430633,0.019919753276980454,0.0,0.0,0.0,0.020227466642277852,0.0
0.007344892121896958,0.0,ssh,0.0,0.0,0.0,0.0,0.0,0.0,0.0,0.0,0.0,0.0
0.4559836152406512,0.0,ssh,0.1,0.19999999999999996,0.49999999999999994,0.07518043303929431,0.002410889444327348,0.0,0.0,0.018314680116768345,0.0021652098864861917,0.0
0.20449168402839082,0.0,ssh,0.30000000000000004,0.6000000000000001,0.4897959183673469,0.2598235765838011,0.016899881922015775,0.0,0.0,0.03967509490814657,0.01654805627050311,0.1442833326552688
0.3095801405416858,0.0,ssh,0.5,0.19999999999999996,0.39795918367346933,0.5451082598235766,0.02302468205997647,0.0,0.0,0.021402083930758035,0.023049743786585437,0.14691320095918212
0.5126240333345105,0.0,ssh,0.5,0.19999999999999996,0.846938775510204,0.45589414595028066,0.011930150715907658,0.0,0.0,0.027615766557575725,0.011687842405250278,0.23062864359970903
0.010063914686253046,0.0,ssh,0.0,0.0,0.0,0.0,0.0,0.0,0.0,0.0,0.0,0.0
0.32840142660404675,0.0,ssh,0.4,0.40000000000000013,0.26530612244897955,0.5108259823576584,0.020268580398179352,0.0,0.0,0.013457977918150267,0.02037378883931179,0.10308612596205392
0.5093753310498252,0.0,ssh,0.4,0.40000000000000013,0.6938775510204082,0.20469125902165197,0.005547006936593671,0.0,0.0,0.02276835791336743,0.005280974044943458,0.29123848885740544
0.0076626999540944235,0.0,ssh,0.0,0.0,0.0,0.0,0.0,0.0,0.0,0.0,0.0,0.0
0.005261485221935803,0.0,ssh,0.0,0.0,0.0,0.0,0.0,0.0,0.0,0.0,0.0,0.0
0.0014124792542109543,0.0,ssh,0.0,0.0,0.0,0.0,0.0,0.0,0.0,0.0,0.0,0.0
0.09495391786433137,0.0,ssh,0.30000000000000004,0.40000000000000013,0.520408163265306,0.25240577385725743,0.034872517943524584,0.0,0.0,0.08924308737222804,0.034032613448873525,0.052112898941262066
0.005155549277869981,0.0,ssh,0.0,0.0,0.0,0.0,0.0,0.0,0.0,0.0,0.0,0.0
0.016172887460715425,0.0,ssh,0.0,0.40000000000000013,0.0,0.014033680834001604,0.009477486586563355,0.0,0.0,0.0,0.00962389424634546,0.0
0.001977470955895335,0.0,ssh,0.0,0.0,0.0,0.0,0.0,0.0,0.0,0.0,0.0,0.0
0.6369222077050744,0.0,ssh,1.0,0.19999999999999996,0.6428571428571428,0.39595028067361665,0.008312164338816513,0.0,0.0,0.016890518831201292,0.008179646241122064,0.11760450968754786
0.14763939404639995,0.0,ssh,0.2,0.40000000000000013,0.2755102040816326,0.16339214113873296,0.01458054786150279,0.0,0.0,0.03073390591752195,0.014331013989029405,0.12092129226336347
0.31794908012288575,0.0,ssh,0.30000000000000004,0.19999999999999996,0.29591836734693877,0.30914194065757816,0.012773347339939454,0.0,0.0,0.015499522779018166,0.012731231265654971,0.23180152073920202
0.004166813799922314,0.0,ssh,0.0,0.0,0.0,0.0,0.0,0.0,0.0,0.0,0.0,0.0
0.016667255199689257,0.0,ssh,0.2,0.19999999999999996,0.6530612244897959,0.5587409783480353,0.37635445785492405,0.0,0.0,0.5553571175840548,0.3735892725335515,0.010539889938160515
0.0073095801405416855,0.0,ssh,0.0,0.0,0.0,0.0,0.0,0.0,0.0,0.0,0.0,0.0
0.2235601539602387,0.0,ssh,0.1,0.19999999999999996,0.49999999999999994,0.06255012028869286,0.004157457163464734,0.0,0.0,0.03709446314932561,0.003648653800459174,0.0
0.6487517214590911,0.0,ssh,0.2,0.8,0.4081632653061224,0.3041299117882919,0.006235117537448923,0.0,0.0,0.010529536404097838,0.006168781270711489,0.0864637728069
0.08291253222218298,0.0,ssh,0.4,0.19999999999999996,0.8571428571428571,0.2780673616680032,0.044639906502769736,0.0,0.0,0.1675646690161339,0.04274099534636037,0.04602923913979936
0.390197393975776,0.0,ssh,0.4,0.19999999999999996,0.7448979591836734,0.57457898957498,0.01950653799324437,0.0,0.0,0.031849010962324474,0.019315876511617383,0.14865011810288714
0.004731805501606696,0.0,ssh,0.0,0.0,0.0,0.0,0.0,0.0,0.0,0.0,0.0,0.0
0.006921148345633673,0.0,ssh,0.0,0.0,0.0,0.0,0.0,0.0,0.0,0.0,0.0,0.0
0.29647939545887925,0.0,ssh,0.1,0.19999999999999996,0.49999999999999994,0.05653568564554932,0.002884131350313948,0.0,0.0,0.028065683926943426,0.0024951341200307787,0.0
0.4554186235389668,0.0,ssh,0.6000000000000001,0.19999999999999996,0.4081632653061224,0.27325581395348836,0.007987362651400152,0.0,0.0,0.014969182755803718,0.007879513037618907,0.14244119086479554
0.002754334545711361,0.0,ssh,0.0,0.0,0.0,0.0,0.0,0.0,0.0,0.0,0.0,0.0
0.8337158797980155,0.0,ssh,1.0,0.19999999999999996,0.6428571428571428,0.11347233360064155,0.0019621239110342767,0.0,0.0,0.012918405082711724,0.0017928759649267856,0.17818257067027876
0.8290900102404746,0.0,ssh,0.30000000000000004,0.6000000000000001,0.4693877551020408,0.22193263833199678,0.003616700092328633,0.0,0.0,0.009484953036875425,0.003526052578556652,0.3633923827825854
0.056534482149793425,0.0,ssh,0.2,0.19999999999999996,0.13265306122448978,0.12830793905372895,0.028580604280613753,0.0,0.0,0.03740194009326234,0.02844433454643445,0.07884018357998929
0.009710794872700306,0.0,ssh,0.0,0.40000000000000013,0.0,0.012028869286287089,0.01221891425265022,0.0,0.0,0.0,0.012407665154242128,0.0
0.19771178360817826,0.0,ssh,0.1,0.19999999999999996,0.49999999999999994,0.07999198075380914,0.005823484236121904,0.0,0.0,0.041869041912897774,0.005266657948520197,0.0
0.02496557081817861,0.0,ssh,0.2,0.19999999999999996,0.6530612244897959,0.7076984763432237,0.33419413135977627,0.0,0.0,0.39119498284124365,0.3333135986955971,0.014442774544340637
0.0024718386948691692,0.0,ssh,0.0,0.0,0.0,0.0,0.0,0.0,0.0,0.0,0.0,0.0
0.016455383311557614,0.0,ssh,0.1,0.40000000000000013,0.4081632653061224,0.41379310344827586,0.2807526365584957,0.0,0.0,0.3508573729138324,0.27966967937845166,0.0
0.09308238285250185,0.0,ssh,0.2,0.19999999999999996,0.336734693877551,0.107457898957498,0.015441626800709957,0.0,0.0,0.05886907890488886,0.014770770653749129,0.13211960280575127
0.009357675059147568,0.0,ssh,0.0,0.0,0.0,0.0,0.0,0.0,0.0,0.0,0.0,0.0
0.5362124368798333,0.0,ssh,0.1,0.19999999999999996,0.49999999999999994,0.03488372093023256,0.00107936294189352,0.0,0.0,0.015590210862245652,0.0008552049599080193,0.0
0.012041385642148381,0.0,ssh,0.2,0.19999999999999996,0.6530612244897959,0.9366479550922213,0.8160979306842135,0.0,0.0,0.7249417072429528,0.8175060914699399,0.01105285074283964
0.5905222642042445,0.0,ssh,0.4,0.19999999999999996,0.7448979591836734,0.590617481956696,0.013275700679229322,0.0,0.0,0.02110134936943233,0.013154812064461304,0.27931676821680196
0.001518415198276776,0.0,ssh,0.0,0.0,0.0,0.0,0.0,0.0,0.0,0.0,0.0,0.0
0.03764257212472191,0.0,ssh,0.2,0.19999999999999996,0.3469387755102041,0.3013231756214916,0.09845911808531753,0.0,0.0,0.14317048576072572,0.09776842646309998,0.026762060374865983
0.005649917016843815,0.0,ssh,0.0,0.40000000000000013,0.0,0.007618283881315156,0.011327127112848393,0.0,0.0,0.0,0.011502106606973459,0.0
0.009957978742187224,0.0,ssh,0.0,0.40000000000000013,0.0,0.0052125100240577385,0.005194690583165436,0.0,0.0,0.0,0.005274934954913956,0.0
0.5478300787457184,0.0,ssh,0.7000000000000001,0.19999999999999996,0.4897959183673469,0.4003608660785886,0.009689487014260433,0.0,0.0,0.014949988225127305,0.009608226955136233,0.15080374578802266
0.5227232600021188,0.0,ssh,0.1,0.19999999999999996,0.49999999999999994,0.0611467522052927,0.001757382860560108,0.0,0.0,0.01599013741279472,0.0015375226702921652,0.0
0.005861788904975459,0.0,ssh,0.0,0.0,0.0,0.0,0.0,0.0,0.0,0.0,0.0,0.0
0.0074861400473180545,0.0,ssh,0.0,0.0,0.0,0.0,0.0,0.0,0.0,0.0,0.0,0.0
0.39090363360288144,0.0,ssh,0.1,0.19999999999999996,0.49999999999999994,0.0892141138732959,0.003272870261356505,0.0,0.0,0.02133976244824538,0.002993774727527279,0.0
0.003284014266040468,0.0,ssh,0.0,0.0,0.0,0.0,0.0,0.0,0.0,0.0,0.0,0.0
0.5133302729616159,0.0,ssh,0.1,0.19999999999999996,0.49999999999999994,0.05292702485966319,0.0015821080805650711,0.0,0.0,0.016280970997853795,0.001355044752777065,0.0
0.15399555069034923,0.0,ssh,0.1,0.40000000000000013,0.1530612244897959,0.293504410585405,0.02457501003597812,0.0,0.0,0.016383625291661198,0.024701545632560166,0.0
0.009075179208305377,0.0,ssh,0.0,0.0,0.0,0.0,0.0,0.0,0.0,0.0,0.0,0.0
0.0036018220982379323,0.0,ssh,0.0,0.0,0.0,0.0,0.0,0.0,0.0,0.0,0.0,0.0
0.0028602704897771817,0.0,ssh,0.0,0.0,0.0,0.0,0.0,0.0,0.0,0.0,0.0,0.0
0.0030015184151982763,0.0,ssh,0.0,0.0,0.0,0.0,0.0,0.0,0.0,0.0,0.0,0.0
0.4619160281083372,0.0,ssh,0.5,0.19999999999999996,0.3469387755102041,0.43905372894947875,0.01248446552413827,0.0,0.0,0.012546055484463576,0.012483511283231349,0.17061163116001687
0.05586355450404322,0.0,ssh,0.2,0.19999999999999996,0.2755102040816326,0.12951082598235766,0.02979109434387176,0.0,0.0,0.07856473261320232,0.02903765262191987,0.02705140945684638
0.005649917016843815,0.0,ssh,0.0,0.0,0.0,0.0,0.0,0.0,0.0,0.0,0.0,0.0
0.07295455347999576,0.0,ssh,0.2,0.19999999999999996,0.39795918367346933,0.2884923817161187,0.05072436608929926,0.0,0.0,0.08798311221456714,0.05014880065422,0.05491230830716802
0.005473357110067446,0.0,ssh,0.0,0.0,0.0,0.0,0.0,0.0,0.0,0.0,0.0,0.0
0.190720011299834,0.0,ssh,0.4,0.19999999999999996,0.6530612244897959,0.3151563753007217,0.0220332152435212,0.0,0.0,0.056658792252188436,0.021498331959889188,0.11468731153794609
0.003107454359264098,0.0,ssh,0.0,0.0,0.0,0.0,0.0,0.0,0.0,0.0,0.0,0.0
0.005190861259225254,0.0,ssh,0.0,0.0,0.0,0.0,0.0,0.0,0.0,0.0,0.0,0.0
0.004202125781277587,0.0,ssh,0.0,0.40000000000000013,0.0,0.015236567762630313,0.027141332948216718,0.0,0.0,0.0,0.02756060248660771,0.0
0.006391468625304566,0.0,ssh,0.0,0.0,0.0,0.0,0.0,0.0,0.0,0.0,0.0,0.0
0.0068858363642783985,0.0,ssh,0.0,0.0,0.0,0.0,0.0,0.0,0.0,0.0,0.0,0.0
0.002577774638934991,0.0,ssh,0.0,0.0,0.0,0.0,0.0,0.0,0.0,0.0,0.0,0.0
0.009181115152371199,0.0,ssh,0.0,0.0,0.0,0.0,0.0,0.0,0.0,0.0,0.0,0.0
0.0048377414456725176,0.0,ssh,0.0,0.0,0.0,0.0,0.0,0.0,0.0,0.0,0.0,0.0
0.23005755852960907,0.0,ssh,0.1,0.19999999999999996,0.49999999999999994,0.05693664795509222,0.0037281263579914416,0.0,0.0,0.036060813375526475,0.0032286611744733527,0.0
0.7496733641724638,0.0,ssh,0.9,0.19999999999999996,0.5816326530612245,0.4115878107457899,0.007316846060514878,0.0,0.0,0.012992996486732722,0.007229161405549712,0.18176836039209682
0.00402556587450122,0.0,ssh,0.0,0.0,0.0,0.0,0.0,0.0,0.0,0.0,0.0,0.0
0.0021893428440269785,0.0,ssh,0.0,0.0,0.0,0.0,0.0,0.0,0.0,0.0,0.0,0.0
0.0026837105830008127,0.0,ssh,0.0,0.0,0.0,0.0,0.0,0.0,0.0,0.0,0.0,0.0
0.00533210918464635,0.0,ssh,0.0,0.40000000000000013,0.0,0.011828388131515637,0.018249120713478204,0.0,0.0,0.0,0.018531030328540022,0.0
0.308308909212896,0.0,ssh,0.5,0.40000000000000013,0.39795918367346933,0.1690056134723336,0.00739327650970799,0.0,0.0,0.02148949193595854,0.007175525540854818,0.12558924306459643
0.059606624527702254,0.0,ssh,0.30000000000000004,0.19999999999999996,0.7346938775510203,0.2060946271050521,0.04578651848193086,0.0,0.0,0.19700166852709855,0.043450582794848515,0.04834507880705315
0.1931918499947032,0.0,ssh,0.30000000000000004,0.19999999999999996,0.14285714285714285,0.5575380914194066,0.03716832925625418,0.0,0.0,0.012238031860855689,0.037553444222580244,0.14303723950356104
0.5531621879303648,0.0,ssh,0.4,0.19999999999999996,0.7755102040816326,0.4971932638331997,0.011994590625532993,0.0,0.0,0.023443932502554356,0.011817724127391911,0.280922509788061
0.019103781913203152,0.0,ssh,0.2,0.19999999999999996,0.6530612244897959,0.30914194065757816,0.18874817672831135,0.0,0.0,0.4944356209670605,0.18402599920964677,0.006314974536682494
0.022069988347046154,0.0,ssh,0.2,0.19999999999999996,0.6530612244897959,0.5481154771451483,0.2900988851370771,0.0,0.0,0.4361851404811862,0.28784218023881325,0.013963093745213664
0.013347928952293515,0.0,ssh,0.0,0.40000000000000013,0.0,0.003809141940657578,0.003014083073533381,0.0,0.0,0.0,0.0030606466711463718,0.0
0.4097249196652425,0.0,ssh,0.2,0.40000000000000013,0.37755102040816324,0.4641138732959102,0.014872142703211109,0.0,0.0,0.015379071024805104,0.014864310866126527,0.2988702298160132
0.048553974363501534,0.0,ssh,0.1,0.40000000000000013,0.17346938775510204,0.34903769045709704,0.08883056696357075,0.0,0.0,0.05646575358608197,0.08933052748853174,0.0
0.00808644373035771,0.0,ssh,0.0,0.0,0.0,0.0,0.0,0.0,0.0,0.0,0.0,0.0
0.015819767647162686,0.0,ssh,0.2,0.19999999999999996,0.6530612244897959,0.7105052125100241,0.4976105929896948,0.0,0.0,0.5802238750440912,0.49633440324908756,0.0037831513727217035
0.6689148628129524,0.0,ssh,0.9,0.19999999999999996,0.5816326530612245,0.41880513231756217,0.008335967999364131,0.0,0.0,0.014554374369761858,0.008239906713587044,0.16836152885204472
0.00642678060665984,0.0,ssh,0.0,0.0,0.0,0.0,0.0,0.0,0.0,0.0,0.0,0.0
0.014124792542109537,0.0,ssh,0.2,0.19999999999999996,0.6530612244897959,0.6972734562951083,0.5365579206044722,0.0,0.0,0.6372950459948941,0.5350017602549325,0.014343458033389494
0.005685228998199088,0.0,ssh,0.0,0.40000000000000013,0.0,0.017040898155573376,0.02523524374120447,0.0,0.0,0.0,0.025625068502174202,0.0
0.012112009604858929,0.0,ssh,0.0,0.40000000000000013,0.0,0.003007217321571772,0.0025727765133746407,0.0,0.0,0.0,0.002612519167061642,0.0
0.0070623962710547675,0.0,ssh,0.0,0.0,0.0,0.0,0.0,0.0,0.0,0.0,0.0,0.0
0.01698506303188672,0.0,ssh,0.2,0.19999999999999996,0.6530612244897959,0.4739374498797113,0.31544546643465043,0.0,0.0,0.5465729471434255,0.31187507024160294,0.009458701083626897
0.004343373706698683,0.0,ssh,0.0,0.0,0.0,0.0,0.0,0.0,0.0,0.0,0.0,0.0
0.00854549948797627,0.0,ssh,0.0,0.0,0.0,0.0,0.0,0.0,0.0,0.0,0.0,0.0
0.00826300363713408,0.0,ssh,0.0,0.0,0.0,0.0,0.0,0.0,0.0,0.0,0.0,0.0
0.34980048730534274,0.0,ssh,0.30000000000000004,0.19999999999999996,0.32653061224489793,0.4582999198075381,0.017145968895919395,0.0,0.0,0.015559353831917746,0.01717047570369129,0.1821801350225915
0.010982026201490165,0.0,ssh,0.2,0.19999999999999996,0.6530612244897959,0.3247794707297514,0.3120017790353207,0.0,0.0,0.779448586082884,0.3047807787189464,0.006856055076389953
0.009957978742187224,0.0,ssh,0.2,0.19999999999999996,0.6530612244897959,0.9280272654370489,0.9376412547657589,0.0,0.0,0.84054052527291,0.9391412410037064,0.004560856491231429
0.5037254140329814,0.0,ssh,0.1,0.19999999999999996,0.49999999999999994,0.0404971932638332,0.0012927605409705648,0.0,0.0,0.016589541301132847,0.0010564626082886326,0.0
0.005720540979554363,0.0,ssh,0.0,0.0,0.0,0.0,0.0,0.0,0.0,0.0,0.0,0.0
0.3092976446908436,0.0,ssh,0.1,0.19999999999999996,0.49999999999999994,0.09783480352846832,0.004487100899843422,0.0,0.0,0.02691413357072999,0.004140656663569613,0.0
0.014725096225149193,0.0,ssh,0.2,0.19999999999999996,0.6530612244897959,0.7155172413793104,0.531816608437886,0.0,0.0,0.6158415741750467,0.5305186132463088,0.004448003618471435
0.006320844662594019,0.0,ssh,0.0,0.0,0.0,0.0,0.0,0.0,0.0,0.0,0.0,0.0
0.007097708252410042,0.0,ssh,0.0,0.40000000000000013,0.0,0.013231756214915798,0.016882391406222094,0.0,0.0,0.0,0.017143186260663325,0.0
0.46604752992690424,0.0,ssh,0.1,0.8,0.21428571428571427,0.7203287890938251,0.020108600578952335,0.0,0.0,0.007680788637663933,0.02030057941681463,0.0
0.003778382005014302,0.0,ssh,0.0,0.0,0.0,0.0,0.0,0.0,0.0,0.0,0.0,0.0
0.06779900420212578,0.0,ssh,0.2,0.19999999999999996,0.336734693877551,0.3488372093023256,0.0652728972881214,0.0,0.0,0.07986024194948886,0.06504755760409156,0.054214774348100785
0.005967724849041279,0.0,ssh,0.0,0.0,0.0,0.0,0.0,0.0,0.0,0.0,0.0,0.0
0.5285497369257389,0.0,ssh,0.1,0.19999999999999996,0.49999999999999994,0.0946271050521251,0.0025580877327820582,0.0,0.0,0.01581489620709392,0.002353302769000754,0.0
0.1079840389844274,0.0,ssh,0.30000000000000004,0.40000000000000013,0.47959183673469385,0.3360064153969527,0.04048689219644448,0.0,0.0,0.07259711658059398,0.03999086074366685,0.0943815722401976
0.008192379674423532,0.0,ssh,0.0,0.0,0.0,0.0,0.0,0.0,0.0,0.0,0.0,0.0
0.004096189837211765,0.0,ssh,0.0,0.0,0.0,0.0,0.0,0.0,0.0,0.0,0.0,0.0
0.0044139976694092305,0.0,ssh,0.0,0.0,0.0,0.0,0.0,0.0,0.0,0.0,0.0,0.0
0.09915604364560895,0.0,ssh,0.30000000000000004,0.40000000000000013,0.26530612244897955,0.2898957497995188,0.03757483959585465,0.0,0.0,0.04362698150880309,0.03748134672079237,0.04695382500191454
0.008510187506620998,0.0,ssh,0.0,0.0,0.0,0.0,0.0,0.0,0.0,0.0,0.0,0.0
0.08672622620855257,0.0,ssh,0.2,0.19999999999999996,0.336734693877551,0.3616680032076985,0.053380167109385174,0.0,0.0,0.06303435280385625,0.053231031723742474,0.13800993942889417
0.7320879974575374,0.0,ssh,0.8,0.6000000000000001,0.4591836734693877,0.5138331996792301,0.009260082284375502,0.0,0.0,0.010502992068953557,0.00924088025599864,0.15084368179468524
0.004096189837211765,0.0,ssh,0.0,0.0,0.0,0.0,0.0,0.0,0.0,0.0,0.0,0.0
0.09018680038136939,0.0,ssh,0.1,0.40000000000000013,0.16326530612244897,0.09322373696872494,0.013458604458505458,0.0,0.0,0.029428434862783095,0.013211909427465526,0.0
0.18341043115929234,0.0,ssh,0.1,0.40000000000000013,0.1530612244897959,0.5960304731355253,0.04181865525699555,0.0,0.0,0.013799834939184618,0.04225148374863655,0.0
0.5420036018220983,0.0,ssh,0.4,0.40000000000000013,0.6326530612244897,0.3129510825982358,0.007772190866443781,0.0,0.0,0.019516828713657265,0.00759076365018752,0.34699498750765817
0.09361206257283096,0.0,ssh,0.30000000000000004,0.19999999999999996,0.44897959183673464,0.1417401764234162,0.020269164401031298,0.0,0.0,0.07806227325321723,0.019376388456445306,0.03935641106026957
0.5005473357110067,0.0,ssh,0.1,0.6000000000000001,0.07142857142857142,0.7614274258219728,0.019721125775348798,0.0,0.0,0.0023848596943586847,0.01998892915442053,0.0
0.11910731311133867,0.0,ssh,0.5,0.19999999999999996,0.8673469387755102,0.09121892542101043,0.011534004578818917,0.0,0.0,0.11934320932431425,0.009868593745424618,0.04552689802228519
0.2104594088774321,0.0,ssh,0.30000000000000004,0.6000000000000001,0.47959183673469385,0.38813151563753007,0.02423811431481769,0.0,0.0,0.0377629916449731,0.024029184538755112,0.07684271016809618
0.27176100851018753,0.0,ssh,0.30000000000000004,0.19999999999999996,0.1530612244897959,0.26343223736968724,0.012621469636228023,0.0,0.0,0.009364136829548255,0.012671790893358697,0.1981670270380227
0.3308379533175607,0.0,ssh,0.1,0.19999999999999996,0.49999999999999994,0.02826784282277466,0.0014852079617892404,0.0,0.0,0.025178121903856904,0.0011192087161619646,0.0
0.28500300151841523,0.0,ssh,0.5,0.19999999999999996,0.7551020408163265,0.2512028869286287,0.012023251119925266,0.0,0.0,0.0440732543470297,0.011528149009813544,0.11230401442123603
0.007839259860870793,0.0,ssh,0.0,0.0,0.0,0.0,0.0,0.0,0.0,0.0,0.0,0.0
0.12242663935873443,0.0,ssh,0.5,0.40000000000000013,0.8673469387755102,0.2082999198075381,0.02337300649517622,0.0,0.0,0.11618759203580047,0.021939230571868994,0.03892414492073824
0.0650799816377697,0.0,ssh,0.2,0.40000000000000013,0.2755102040816326,0.3686848436246993,0.07143601984107552,0.0,0.0,0.06794566222740502,0.07148993611403735,0.023896464930502376
0.20156078957590312,0.0,ssh,0.2,0.40000000000000013,0.3061224489795918,0.10364875701684041,0.006976645918154203,0.0,0.0,0.0251520635061981,0.006695879541727989,0.1293467426577577
0.4441541014866345,0.0,ssh,0.1,0.19999999999999996,0.49999999999999994,0.06255012028869286,0.002106956618316553,0.0,0.0,0.018799099047605048,0.001849100681298403,0.0
0.020975316925032666,0.0,ssh,0.2,0.19999999999999996,0.6530612244897959,0.6653969526864475,0.3666954350906999,0.0,0.0,0.45601169359965055,0.3653156966732214,0.009541863704242612
0.010240474593029415,0.0,ssh,0.0,0.0,0.0,0.0,0.0,0.0,0.0,0.0,0.0,0.0
0.21455559871464386,0.0,ssh,0.2,0.19999999999999996,0.08163265306122448,0.3213712910986367,0.019320610705532214,0.0,0.0,0.006306800397472566,0.019521641895936734,0.2713019706549625
0.25272785055969493,0.0,ssh,0.1,0.19999999999999996,0.49999999999999994,0.05232558139534883,0.003163085117632072,0.0,0.0,0.03286534921320343,0.0027042549714019486,0.0
0.3763904092658639,0.0,ssh,0.1,0.19999999999999996,0.49999999999999994,0.03608660785886127,0.001575203540518029,0.0,0.0,0.02215589445510706,0.0012572764267152444,0.0
0.004096189837211765,0.0,ssh,0.0,0.40000000000000013,0.0,0.01222935044105854,0.022104847998398975,0.0,0.0,0.0,0.022446318961766926,0.0
0.005120237296514708,0.0,ssh,0.0,0.0,0.0,0.0,0.0,0.0,0.0,0.0,0.0,0.0
0.003637134079593206,0.0,ssh,0.0,0.0,0.0,0.0,0.0,0.0,0.0,0.0,0.0,0.0
0.048553974363501534,0.0,ssh,0.4,0.19999999999999996,0.8673469387755102,0.24057738572574178,0.06493019110820616,0.0,0.0,0.28232870718822417,0.06157187456450066,0.023489476637884824
0.1244747342773403,0.0,ssh,0.2,0.19999999999999996,0.11224489795918366,0.22012830793905372,0.022690883771663693,0.0,0.0,0.014794670456331135,0.022812865265659774,0.12065325734224232
0.5923231752533634,0.0,ssh,0.8,0.19999999999999996,0.5408163265306122,0.31796311146752204,0.007185511950797804,0.0,0.0,0.015273804817013252,0.00706056701446042,0.16027186997434523
0.609166990359829,0.0,ssh,0.4,0.19999999999999996,0.5408163265306122,0.6906575781876504,0.014913636475463836,0.0,0.0,0.014853590376445442,0.014914566867197079,0.3244380241039975
0.13764610332285745,0.0,ssh,0.5,0.19999999999999996,0.9285714285714285,0.09803528468323977,0.010756689390439408,0.0,0.0,0.1109390419973294,0.00920909621364791,0.053080786203859705
0.07429640877149617,0.0,ssh,0.30000000000000004,0.19999999999999996,0.4591836734693877,0.07678428227746592,0.014434147956693778,0.0,0.0,0.09975907826891817,0.013116068430633131,0.04363158300945781
0.06688089268688865,0.0,ssh,0.30000000000000004,0.19999999999999996,0.4693877551020408,0.10625501202886928,0.021483579850547312,0.0,0.0,0.11278062358292276,0.02007324933904313,0.04633219937011794
0.7577598079028215,0.0,ssh,0.7000000000000001,0.40000000000000013,0.5306122448979591,0.5677626303127505,0.009894553332145811,0.0,0.0,0.011727250821431761,0.009866245106154288,0.2177658092740083
0.008757371376107914,0.0,ssh,0.0,0.0,0.0,0.0,0.0,0.0,0.0,0.0,0.0,0.0
0.012818249231964405,0.0,ssh,0.2,0.19999999999999996,0.6530612244897959,0.956495589414595,0.7925155850401593,0.0,0.0,0.6895787000965741,0.7941057314029905,0.009862997061188544
0.007909883823581342,0.0,ssh,0.0,0.0,0.0,0.0,0.0,0.0,0.0,0.0,0.0,0.0
0.11695328224866697,0.0,ssh,0.2,0.40000000000000013,0.31632653061224486,0.3404170008019246,0.03759273669591234,0.0,0.0,0.04430607914475974,0.03748903164113755,0.1602776285371037
0.3182315759737279,0.0,ssh,0.1,0.19999999999999996,0.49999999999999994,0.09182036888532477,0.004118646847354488,0.0,0.0,0.026165850585278292,0.003778066357744567,0.0
0.18951940393375472,0.0,ssh,0.2,0.19999999999999996,0.12244897959183673,0.5148356054530874,0.03496333408322256,0.0,0.0,0.010689713547748794,0.03533830581209316,0.28571408272227755
0.008757371376107914,0.0,ssh,0.0,0.40000000000000013,0.0,0.011427425821972734,0.012540751571159874,0.0,0.0,0.0,0.012734475071471005,0.0
0.24760761326318018,0.0,ssh,0.1,0.19999999999999996,0.49999999999999994,0.07397754611066559,0.0043521666712795495,0.0,0.0,0.03353655036502105,0.0039013366087320856,0.0
0.05830008121755712,0.0,ssh,0.1,0.40000000000000013,0.13265306122448978,0.21110665597433842,0.045315368636793626,0.0,0.0,0.036326560437897705,0.04545422356480273,0.0
0.34287933895970907,0.0,ssh,0.4,0.40000000000000013,0.21428571428571427,0.243785084202085,0.00933297914669229,0.0,0.0,0.010415098126267576,0.009316260035120762,0.1904166746438965
0.01193544969808256,0.0,ssh,0.0,0.40000000000000013,0.0,0.00821972734562951,0.007114788466183189,0.0,0.0,0.0,0.007224698709437171,0.0
0.15897454006144285,0.0,ssh,0.2,0.40000000000000013,0.520408163265306,0.5246591820368885,0.04296956963691404,0.0,0.0,0.05399306069122299,0.04279928251144001,0.08824399135108746
0.18662382146262227,0.0,ssh,0.1,0.19999999999999996,0.49999999999999994,0.09723336006415396,0.007347036790228067,0.0,0.0,0.04431591937884069,0.006775952846071919,0.0
0.4206010099226668,0.0,ssh,0.30000000000000004,0.19999999999999996,0.6224489795918366,0.20348837209302326,0.006629105081717818,0.0,0.0,0.024703907660215258,0.006349893918494935,0.36673145174414157
0.00826300363713408,0.0,ssh,0.0,0.0,0.0,0.0,0.0,0.0,0.0,0.0,0.0,0.0
0.11130336523182316,0.0,ssh,0.4,0.19999999999999996,0.5306122448979591,0.2119085805934242,0.02530314331329449,0.0,0.0,0.07798999005225225,0.024489246658452837,0.06193521213049472
0.19149687488965006,0.0,ssh,0.2,0.19999999999999996,0.520408163265306,0.37469927826784283,0.025754828860847286,0.0,0.0,0.04496974826555244,0.025458003588516253,0.08322028102982847
0.008969243264239557,0.0,ssh,0.0,0.0,0.0,0.0,0.0,0.0,0.0,0.0,0.0,0.0
0.12415692644514284,0.0,ssh,0.2,0.40000000000000013,0.3469387755102041,0.2716519647153168,0.028490845260002208,0.0,0.0,0.04584316015351494,0.028222791147999797,0.08515635470114108
0.0044139976694092305,0.0,ssh,0.0,0.0,0.0,0.0,0.0,0.0,0.0,0.0,0.0,0.0
0.06755182033263886,0.0,ssh,0.2,0.19999999999999996,0.2755102040816326,0.16519647153167602,0.031439120822294934,0.0,0.0,0.06556875975937104,0.030911891156215534,0.0737626269576122
0.008651435432042092,0.0,ssh,0.0,0.40000000000000013,0.0,0.015838011226944667,0.01753762042878051,0.0,0.0,0.0,0.0178085399081756,0.0
0.24418235107171862,0.0,ssh,0.1,0.19999999999999996,0.49999999999999994,0.08019246190858059,0.004739693221971234,0.0,0.0,0.03400104585895312,0.004287669471271935,0.0
0.016349447367491794,0.0,ssh,0.2,0.19999999999999996,0.6530612244897959,0.3033279871692061,0.21157676689397534,0.0,0.0,0.564428294852045,0.2061260041327813,0.00808031056153316
0.00889861930152901,0.0,ssh,0.0,0.0,0.0,0.0,0.0,0.0,0.0,0.0,0.0,0.0
0.4631519474557718,0.0,ssh,0.2,0.40000000000000013,0.4591836734693877,0.47514033680834,0.013520708356723017,0.0,0.0,0.016561053216046652,0.013473743765424224,0.1667142059704779
0.004378685688053956,0.0,ssh,0.0,0.40000000000000013,0.0,0.011427425821972734,0.019875901315996463,0.0,0.0,0.0,0.0201829410207614,0.0
0.009534234965923937,0.0,ssh,0.0,0.0,0.0,0.0,0.0,0.0,0.0,0.0,0.0,0.0
0.0011652953847240371,0.0,ssh,0.0,0.0,0.0,0.0,0.0,0.0,0.0,0.0,0.0,0.0
0.2357427875278082,0.0,ssh,0.1,0.19999999999999996,0.49999999999999994,0.07076984763432237,0.004393497809826671,0.0,0.0,0.03520246554961382,0.003917567836098511,0.0
0.00487305342702779,0.0,ssh,0.0,0.0,0.0,0.0,0.0,0.0,0.0,0.0,0.0,0.0
0.7634803488823758,0.0,ssh,0.30000000000000004,0.6000000000000001,0.6224489795918366,0.254009623095429,0.004522163248283593,0.0,0.0,0.013654357404469396,0.00438109051577585,0.5225254034882831
0.01864472615558459,0.0,ssh,0.2,0.19999999999999996,0.6530612244897959,0.5767842822774659,0.3529410590612285,0.0,0.0,0.5048700958505615,0.35059410200304375,0.004319669934139991
0.2754687665524913,0.0,ssh,0.30000000000000004,0.19999999999999996,0.19387755102040816,0.46992782678428224,0.022142652942510936,0.0,0.0,0.011703379142457613,0.022303915229612288,0.1474150933575203
0.005049613333804159,0.0,ssh,0.0,0.0,0.0,0.0,0.0,0.0,0.0,0.0,0.0,0.0
0.00992266676083195,0.0,ssh,0.0,0.0,0.0,0.0,0.0,0.0,0.0,0.0,0.0,0.0
0.012888873194674954,0.0,ssh,0.2,0.19999999999999996,0.6530612244897959,0.41198877305533277,0.34579653080424316,0.0,0.0,0.6865341802656778,0.34053290200918757,0.007996848794800122
0.25396376990712954,0.0,ssh,0.5,0.19999999999999996,0.7551020408163265,0.2730553327987169,0.014581789791618319,0.0,0.0,0.04939475575050828,0.01404401177152265,0.09960728097717875
0.22115893922808008,0.0,ssh,0.1,0.19999999999999996,0.49999999999999994,0.09703287890938252,0.0062040175374725795,0.0,0.0,0.037491656301518864,0.005720694114804395,0.0
0.010770154313358524,0.0,ssh,0.0,0.0,0.0,0.0,0.0,0.0,0.0,0.0,0.0,0.0
0.003919629930435398,0.0,ssh,0.0,0.0,0.0,0.0,0.0,0.0,0.0,0.0,0.0,0.0
0.010487658462516331,0.0,ssh,0.2,0.19999999999999996,0.6530612244897959,0.7169206094627105,0.69892171339754,0.0,0.0,0.8077921655093356,0.6972399068102351,0.006446673614833818
0.170344998057841,0.0,ssh,0.2,0.19999999999999996,0.07142857142857142,0.535084202085004,0.0402731545450739,0.0,0.0,0.006925034363372997,0.040788305879793645,0.2805435664439424
0.0013771672728556806,0.0,ssh,0.0,0.0,0.0,0.0,0.0,0.0,0.0,0.0,0.0,0.0
0.048448038419435714,0.0,ssh,0.2,0.19999999999999996,0.4591836734693877,0.13211708099438652,0.035645745111940484,0.0,0.0,0.14977522657898248,0.03388270026402994,0.034493416990542196
0.015572583777675767,0.0,ssh,0.2,0.19999999999999996,0.6530612244897959,0.8257818765036087,0.5845478522770257,0.0,0.0,0.5879016873146565,0.58449604309316,0.010839335201600553
0.003637134079593206,0.0,ssh,0.0,0.0,0.0,0.0,0.0,0.0,0.0,0.0,0.0,0.0
0.01027578657438469,0.0,ssh,0.0,0.0,0.0,0.0,0.0,0.0,0.0,0.0,0.0,0.0
0.541968289840743,0.0,ssh,0.7000000000000001,0.40000000000000013,0.32653061224489793,0.2896952686447474,0.007073486897400723,0.0,0.0,0.010073848527090071,0.00702713901845343,0.14208049543383366
0.004802429464317243,0.0,ssh,0.0,0.0,0.0,0.0,0.0,0.0,0.0,0.0,0.0,0.0
0.11250397259790247,0.0,ssh,0.2,0.19999999999999996,0.07142857142857142,0.12469927826784283,0.014202335786677565,0.0,0.0,0.010389647150465623,0.01426123603829077,0.11824916957037832
0.3455277375613546,0.0,ssh,0.2,0.40000000000000013,0.520408163265306,0.5366880513231757,0.02042598764788135,0.0,0.0,0.02510158674989399,0.020353762068258396,0.26975867583569463
0.37903880786750943,0.0,ssh,0.4,0.19999999999999996,0.7755102040816326,0.7947072975140337,0.027596988236674502,0.0,0.0,0.03412611401927823,0.027496129852063417,0.16251112823556443
0.006638652494791484,0.0,ssh,0.0,0.40000000000000013,0.0,0.013031275060144346,0.017409731196645795,0.0,0.0,0.0,0.017678676014298508,0.0
0.16402415339524698,0.0,ssh,0.4,0.19999999999999996,0.5918367346938775,0.3009222133119487,0.02434991759497986,0.0,0.0,0.05954866247833098,0.023806176407639285,0.08877340519221934
0.009816730816766128,0.0,ssh,0.0,0.0,0.0,0.0,0.0,0.0,0.0,0.0,0.0,0.0
0.004272749743988134,0.0,ssh,0.0,0.0,0.0,0.0,0.0,0.0,0.0,0.0,0.0,0.0
0.3711642360252834,0.0,ssh,0.30000000000000004,0.40000000000000013,0.6224489795918366,0.17000801924619086,0.0063399645304759,0.0,0.0,0.02796697787520554,0.006005876910998656,0.2684559692812835
0.2742328472050567,0.0,ssh,0.2,0.40000000000000013,0.36734693877551017,0.6704089815557337,0.031813666246302885,0.0,0.0,0.022273673553149985,0.03196103479274685,0.21130215911701639
0.008792683357463188,0.0,ssh,0.0,0.0,0.0,0.0,0.0,0.0,0.0,0.0,0.0,0.0
0.2545287616088139,0.0,ssh,0.4,0.40000000000000013,0.5816326530612245,0.17923015236567763,0.009635707004793378,0.0,0.0,0.03796386605303291,0.009198100866077105,0.13463534686590597
0.21321374342314348,0.0,ssh,0.30000000000000004,0.19999999999999996,0.1020408163265306,0.23436246992782678,0.014227373984899549,0.0,0.0,0.007932382770770593,0.014324615518720024,0.16891831456291162
0.005402733147356897,0.0,ssh,0.0,0.0,0.0,0.0,0.0,0.0,0.0,0.0,0.0,0.0
0.24453547088527136,0.0,ssh,0.2,0.40000000000000013,0.2857142857142857,0.7237369687249399,0.03834835506947593,0.0,0.0,0.01940147930304173,0.03864104061072886,0.14205918127297443
0.01267700130654331,0.0,ssh,0.2,0.19999999999999996,0.6530612244897959,0.6473536487570168,0.5445930384257909,0.0,0.0,0.6957494379981125,0.5422580121776112,0.008175289453783121
0.00579116494226491,0.0,ssh,0.0,0.0,0.0,0.0,0.0,0.0,0.0,0.0,0.0,0.0
0.19001377167272857,0.0,ssh,0.1,0.19999999999999996,0.49999999999999994,0.05152365677626303,0.004136196502677483,0.0,0.0,0.04353799420677478,0.00352752950952409,0.0
0.009216427133726472,0.0,ssh,0.0,0.0,0.0,0.0,0.0,0.0,0.0,0.0,0.0,0.0
0.28348458632013845,0.0,ssh,0.30000000000000004,0.19999999999999996,0.673469387755102,0.6172814755412991,0.028646167841295995,0.0,0.0,0.03951686151443754,0.028478237337275954,0.23821663443865831
0.016773191143755077,0.0,ssh,0.2,0.19999999999999996,0.6530612244897959,0.3275862068965517,0.222954975775266,0.0,0.0,0.5523978797818602,0.21786582625078393,0.009308604519260223
0.27299692785762214,0.0,ssh,0.1,0.19999999999999996,0.49999999999999994,0.02425821972734563,0.0016072571654045108,0.0,0.0,0.030452669597801085,0.001161661567343558,0.0
0.0667043327801123,0.0,ssh,0.30000000000000004,0.19999999999999996,0.5306122448979591,0.09081796311146752,0.01888306689792588,0.0,0.0,0.12781358563369558,0.01720033804679087,0.05378265778162813
0.3748366820862319,0.0,ssh,0.1,0.19999999999999996,0.49999999999999994,0.04611066559743384,0.0019270246003882862,0.0,0.0,0.022246946991448652,0.001613123895226431,0.0
0.013136057064161872,0.0,ssh,0.0,0.40000000000000013,0.0,0.017842822774659182,0.014302769492329719,0.0,0.0,0.0,0.014523712193772804,0.0
0.014477912355662275,0.0,ssh,0.2,0.19999999999999996,0.6530612244897959,0.43504410585404973,0.3316207560586673,0.0,0.0,0.624497943056995,0.32709646247981256,0.012819757284806249
0.009569546947279212,0.0,ssh,0.0,0.0,0.0,0.0,0.0,0.0,0.0,0.0,0.0,0.0
0.006462092588015113,0.0,ssh,0.0,0.0,0.0,0.0,0.0,0.0,0.0,0.0,0.0,0.0
0.003354638228751015,0.0,ssh,0.0,0.0,0.0,0.0,0.0,0.0,0.0,0.0,0.0,0.0
0.002754334545711361,0.0,ssh,0.0,0.0,0.0,0.0,0.0,0.0,0.0,0.0,0.0,0.0
0.011158586108266536,0.0,ssh,0.0,0.40000000000000013,0.0,0.012028869286287089,0.010978876602060279,0.0,0.0,0.0,0.011148471719924292,0.0
0.49514460256364984,0.0,ssh,0.2,0.6000000000000001,0.25510204081632654,0.4673215717722534,0.012343439924055382,0.0,0.0,0.00860977962552807,0.012401114674519327,0.31974389801749886
0.005084925315159434,0.0,ssh,0.0,0.0,0.0,0.0,0.0,0.0,0.0,0.0,0.0,0.0
0.4521346092729263,0.0,ssh,0.1,0.19999999999999996,0.49999999999999994,0.07959101844426623,0.0025574224130773112,0.0,0.0,0.01846957269026472,0.0023116155948645417,0.0
0.004731805501606696,0.0,ssh,0.0,0.0,0.0,0.0,0.0,0.0,0.0,0.0,0.0,0.0
0.009251739115081746,0.0,ssh,0.0,0.40000000000000013,0.0,0.007818765036086608,0.008237293694708976,0.0,0.0,0.0,0.008364539419317078,0.0
0.017126310957307815,0.0,ssh,0.2,0.19999999999999996,0.6530612244897959,0.35485164394546914,0.23660972387517204,0.0,0.0,0.5427574267496316,0.23188043170744727,0.004346742657757697
0.009781418835410855,0.0,ssh,0.0,0.0,0.0,0.0,0.0,0.0,0.0,0.0,0.0,0.0
0.5577880574879057,0.0,ssh,0.4,0.40000000000000013,0.6326530612244897,0.43364073777064954,0.010355191125948036,0.0,0.0,0.018967597870694828,0.010222146059459087,0.26118282973081636
0.23182315759737276,0.0,ssh,0.1,0.19999999999999996,0.49999999999999994,0.02846832397754611,0.0021222885412903914,0.0,0.0,0.03578978174300066,0.0016021979840543496,0.0
0.0036724460609484804,0.0,ssh,0.0,0.0,0.0,0.0,0.0,0.0,0.0,0.0,0.0,0.0
0.1710512376849465,0.0,ssh,0.4,0.19999999999999996,0.6530612244897959,0.17622293504410586,0.01413436968261707,0.0,0.0,0.06305755631878787,0.01337861871416245,0.0789009102418058
0.15261838341749356,0.0,ssh,0.6000000000000001,0.19999999999999996,0.9999999999999999,0.11066559743384122,0.010895889057554826,0.0,0.0,0.10798612138244598,0.0093960631005075,0.04845105131911472
0.008510187506620998,0.0,ssh,0.0,0.0,0.0,0.0,0.0,0.0,0.0,0.0,0.0,0.0
0.16261167414103603,0.0,ssh,0.4,0.19999999999999996,0.6530612244897959,0.32417802726543704,0.026479214170493585,0.0,0.0,0.06626893493376033,0.025864549949722277,0.099008689596416
0.13227868215685581,0.0,ssh,0.6000000000000001,0.19999999999999996,0.9999999999999999,0.06094627105052125,0.007751070662038642,0.0,0.0,0.12420938730389916,0.005952055257020692,0.03867779809312299
0.6351919206186659,0.0,ssh,0.7000000000000001,0.19999999999999996,0.4693877551020408,0.5086206896551724,0.010563554472592494,0.0,0.0,0.012366197872650727,0.010535704884488363,0.20070169209009803
0.021646244570782867,0.0,ssh,0.2,0.19999999999999996,0.6530612244897959,0.6010425020048116,0.3229052009904215,0.0,0.0,0.44365193439868245,0.3210399401609127,0.009636842596492572
0.5300681521240157,0.0,ssh,0.8,0.19999999999999996,0.49999999999999994,0.5687650360866079,0.014129801153977805,0.0,0.0,0.015769886247501447,0.014104464601578688,0.13285864328859703
0.007768635898160245,0.0,ssh,0.0,0.0,0.0,0.0,0.0,0.0,0.0,0.0,0.0,0.0
0.28803983191496874,0.0,ssh,0.1,0.40000000000000013,0.07142857142857142,0.4404570970328789,0.019760993210545474,0.0,0.0,0.004125609251715192,0.020002526490284032,0.0
0.6656661605282672,0.0,ssh,0.4,0.19999999999999996,0.6938775510204082,0.4785485164394547,0.00958257753014874,0.0,0.0,0.017447463931745705,0.009461082781274164,0.31677606938754027
0.003284014266040468,0.0,ssh,0.0,0.0,0.0,0.0,0.0,0.0,0.0,0.0,0.0,0.0
0.30777922949256686,0.0,ssh,0.1,0.19999999999999996,0.49999999999999994,0.0611467522052927,0.0029724266675750497,0.0,0.0,0.027045579660552013,0.0026005507715789987,0.0
0.5471944630813235,0.0,ssh,0.4,0.40000000000000013,0.5408163265306122,0.20549318364073776,0.005113610288480258,0.0,0.0,0.0165263694280206,0.004937309849419072,0.2717527090672385
0.16183481055122004,0.0,ssh,0.4,0.19999999999999996,0.5918367346938775,0.3093424218123496,0.025337828647235307,0.0,0.0,0.06033903979846228,0.024797135157029616,0.08649780067774544
0.12931247572301283,0.0,ssh,0.5,0.19999999999999996,0.7551020408163265,0.3221732157177225,0.03313785205466101,0.0,0.0,0.09589168404854928,0.03216844506905217,0.03903011743279982
0.006320844662594019,0.0,ssh,0.0,0.0,0.0,0.0,0.0,0.0,0.0,0.0,0.0,0.0
0.005438045128712172,0.0,ssh,0.0,0.0,0.0,0.0,0.0,0.0,0.0,0.0,0.0,0.0
0.016420071330202343,0.0,ssh,0.2,0.19999999999999996,0.6530612244897959,0.7101042502004812,0.4820459855377829,0.0,0.0,0.5623869929599199,0.4808048954365107,0.013973040353614644
0.1555492778699813,0.0,ssh,0.5,0.19999999999999996,0.7551020408163265,0.07898957497995188,0.007700114565096181,0.0,0.0,0.08003420756929028,0.006582717916732984,0.07511992767843469
0.016455383311557614,0.0,ssh,0.2,0.19999999999999996,0.6530612244897959,0.5675621491579791,0.38630175625477403,0.0,0.0,0.5613718088105689,0.3835973161491959,0.011535747362727831
0.01981002154030863,0.0,ssh,0.1,0.40000000000000013,0.4081632653061224,0.7680433039294307,0.4409266552148882,0.0,0.0,0.2994992474954326,0.443111386737749,0.0
0.7769695257600905,0.0,ssh,0.4,0.40000000000000013,0.7755102040816326,0.26182838813151565,0.0046246668374616265,0.0,0.0,0.01671776805511357,0.0044378566483915674,0.4118533059235718
0.16338853773085207,0.0,ssh,0.4,0.40000000000000013,0.5816326530612245,0.23416198877305533,0.01920623485584503,0.0,0.0,0.0587453470726488,0.01859544572497185,0.06615249930598101
0.10551220028955825,0.0,ssh,0.2,0.19999999999999996,0.336734693877551,0.24137931034482757,0.0297283768730376,0.0,0.0,0.05213240605932458,0.02938228798869667,0.07842743672461326
0.4860694233553445,0.0,ssh,0.4,0.40000000000000013,0.3571428571428571,0.278869286287089,0.007609631085250577,0.0,0.0,0.012277332054993787,0.007537524698961004,0.18995830800562877
0.008580811469331545,0.0,ssh,0.0,0.40000000000000013,0.0,0.005813953488372093,0.006476761654213064,0.0,0.0,0.0,0.006576812069522655,0.0
0.04583495179914544,0.0,ssh,0.2,0.19999999999999996,0.26530612244897955,0.10324779470729752,0.028855056051263088,0.0,0.0,0.09115713438534345,0.027892629517037956,0.03163103736693981
0.12345068681803736,0.0,ssh,0.4,0.19999999999999996,0.5918367346938775,0.21752205292702487,0.023575781156300806,0.0,0.0,0.0786394455015947,0.02272517272405053,0.07160002488895696
0.8202267029203009,0.0,ssh,1.0,0.19999999999999996,0.6428571428571428,0.36627906976744184,0.005992327592304385,0.0,0.0,0.013130091599823434,0.0058820671204264634,0.1736137868069383
0.12440411031462975,0.0,ssh,0.5,0.19999999999999996,0.9285714285714285,0.26042502004811546,0.028456086001649755,0.0,0.0,0.1224600123561754,0.027003939323010484,0.044784866078266206
0.007027084289699495,0.0,ssh,0.0,0.40000000000000013,0.0,0.019647153167602245,0.025242480941103887,0.0,0.0,0.0,0.025632421253801174,0.0
0.003178078321974646,0.0,ssh,0.0,0.0,0.0,0.0,0.0,0.0,0.0,0.0,0.0,0.0
0.0032133903033299198,0.0,ssh,0.0,0.0,0.0,0.0,0.0,0.0,0.0,0.0,0.0,0.0
0.07849853455277375,0.0,ssh,0.1,0.6000000000000001,0.16326530612244897,0.37650360866078586,0.06058538730832582,0.0,0.0,0.0336434566118264,0.06100158216182971,0.0
0.17391150817472367,0.0,ssh,0.5,0.19999999999999996,0.7551020408163265,0.11347233360064155,0.009437789177513447,0.0,0.0,0.07173226934081305,0.008475477202893513,0.07797467907604534
0.006921148345633673,0.0,ssh,0.0,0.0,0.0,0.0,0.0,0.0,0.0,0.0,0.0,0.0
0.02129312475723013,0.0,ssh,0.1,0.40000000000000013,0.4081632653061224,0.9332397754611066,0.5022794666253162,0.0,0.0,0.2812952396409821,0.5056931761884914,0.0
0.001518415198276776,0.0,ssh,0.0,0.0,0.0,0.0,0.0,0.0,0.0,0.0,0.0,0.0
0.1745471238391186,0.0,ssh,0.2,0.40000000000000013,0.12244897959183673,0.44266238973536487,0.03262019636216196,0.0,0.0,0.01159064164582653,0.03294505271725398,0.06651506440017614
0.19820615134715208,0.0,ssh,0.2,0.19999999999999996,0.520408163265306,0.22854851643945467,0.015443600582500706,0.0,0.0,0.043470995575964386,0.01501064150812788,0.16536782408293768
0.40315689113316155,0.0,ssh,0.30000000000000004,0.40000000000000013,0.5306122448979591,0.3488372093023256,0.011514348077764221,0.0,0.0,0.021963280984300393,0.011352932825943303,0.2796419400463318
0.002154030862671705,0.0,ssh,0.0,0.0,0.0,0.0,0.0,0.0,0.0,0.0,0.0,0.0
0.26039055051378934,0.0,ssh,0.1,0.40000000000000013,0.07142857142857142,0.49799518845228546,0.02467779453792038,0.0,0.0,0.004558518809091137,0.024988592889893118,0.0
0.7354779476676436,0.0,ssh,0.5,0.19999999999999996,0.846938775510204,0.5408981555733761,0.009829019341228222,0.0,0.0,0.01928321426751332,0.009682974300032145,0.2747648113225609
0.0012006073660793108,0.0,ssh,0.0,0.0,0.0,0.0,0.0,0.0,0.0,0.0,0.0,0.0
0.4454253328154243,0.0,ssh,0.30000000000000004,0.40000000000000013,0.5612244897959183,0.6890537289494787,0.020323099651762794,0.0,0.0,0.02104121460560433,0.02031200921104231,0.3420566086163655
0.00745082806596278,0.0,ssh,0.0,0.0,0.0,0.0,0.0,0.0,0.0,0.0,0.0,0.0
0.3708111162117307,0.0,ssh,0.30000000000000004,0.19999999999999996,0.47959183673469385,0.6088612670408982,0.02153015962232077,0.0,0.0,0.021568639003905904,0.021529567079358117,0.31645381423265434
0.008686747413397367,0.0,ssh,0.0,0.40000000000000013,0.0,0.006214915797914996,0.006861249911586403,0.0,0.0,0.0,0.0069672388645980405,0.0
0.5616370634556306,0.0,ssh,0.2,0.6000000000000001,0.25510204081632654,0.3628708901363272,0.00848191696526215,0.0,0.0,0.007596114030819248,0.008495600621907294,0.8069267582612192
0.48017232246901376,0.0,ssh,0.30000000000000004,0.40000000000000013,0.6224489795918366,0.48275862068965514,0.013336207810155487,0.0,0.0,0.021658780407462226,0.01320764565725203,0.3178071512674223
0.01440728839295173,0.0,ssh,0.2,0.19999999999999996,0.6530612244897959,0.6996792301523657,0.529692257405511,0.0,0.0,0.627016131848932,0.5281888222049136,0.006733106022170318
0.004731805501606696,0.0,ssh,0.0,0.0,0.0,0.0,0.0,0.0,0.0,0.0,0.0,0.0
0.0024718386948691692,0.0,ssh,0.0,0.0,0.0,0.0,0.0,0.0,0.0,0.0,0.0,0.0
0.27147851265934536,0.0,ssh,0.4,0.19999999999999996,0.19387755102040816,0.5894145950280674,0.028130441575940714,0.0,0.0,0.011873457262375202,0.028381578116934283,0.15748382816089754
0.018115046435255484,0.0,ssh,0.2,0.19999999999999996,0.6530612244897959,0.5467121090617482,0.3432995563825627,0.0,0.0,0.5174708800443272,0.34060900148719914,0.01445100106256701
0.01331261697093824,0.0,ssh,0.0,0.40000000000000013,0.0,0.0036086607858861267,0.002861591797205349,0.0,0.0,0.0,0.0029057950570260172,0.0
0.0068858363642783985,0.0,ssh,0.0,0.0,0.0,0.0,0.0,0.0,0.0,0.0,0.0,0.0
0.007521452028673329,0.0,ssh,0.0,0.0,0.0,0.0,0.0,0.0,0.0,0.0,0.0,0.0
0.27712842967618917,0.0,ssh,0.30000000000000004,0.19999999999999996,0.1530612244897959,0.5659582999198075,0.02643617537803761,0.0,0.0,0.00918482589740657,0.026702668863895804,0.1826788863866978
0.0017655990677636932,0.0,ssh,0.0,0.0,0.0,0.0,0.0,0.0,0.0,0.0,0.0,0.0
0.3286132984921784,0.0,ssh,0.2,0.19999999999999996,0.17346938775510204,0.243785084202085,0.009702874725208175,0.0,0.0,0.008793828448153173,0.009716916500721571,0.28005872537429166
0.009145803171015925,0.0,ssh,0.0,0.0,0.0,0.0,0.0,0.0,0.0,0.0,0.0,0.0
0.002401214732158622,0.0,ssh,0.0,0.0,0.0,0.0,0.0,0.0,0.0,0.0,0.0,0.0
0.015501959814965218,0.0,ssh,0.2,0.19999999999999996,0.6530612244897959,0.4476744186046512,0.32220943921296163,0.0,0.0,0.590132808537047,0.3180706258123302,0.007755811810767347
0.006108972774462375,0.0,ssh,0.0,0.0,0.0,0.0,0.0,0.0,0.0,0.0,0.0,0.0
0.28161305130830894,0.0,ssh,0.1,0.19999999999999996,0.49999999999999994,0.03588612670408982,0.0020903827652271867,0.0,0.0,0.029531089156590497,0.0016664867059749938,0.0
0.12821780430099933,0.0,ssh,0.2,0.40000000000000013,0.26530612244897955,0.37910986367281474,0.03810515854006738,0.0,0.0,0.03397249703168124,0.038169002588910796,0.11374298203208762
0.01497228009463611,0.0,ssh,0.2,0.19999999999999996,0.6530612244897959,0.8578588612670409,0.6270580482275764,0.0,0.0,0.6074218568485266,0.6273613812013692,0.011972799840136317
0.006603340513436209,0.0,ssh,0.0,0.40000000000000013,0.0,0.0,0.0,0.0,0.0,0.0,0.0,0.0
0.010063914686253046,0.0,ssh,0.0,0.0,0.0,0.0,0.0,0.0,0.0,0.0,0.0,0.0
0.048342102475369894,0.0,ssh,0.2,0.19999999999999996,0.24489795918367346,0.14113873295910184,0.03693683496120801,0.0,0.0,0.0800445944830424,0.03627091921996167,0.05037785146079033
0.01193544969808256,0.0,ssh,0.0,0.40000000000000013,0.0,0.0024057738572574178,0.0020823767514467303,0.0,0.0,0.0,0.0021145457119907127,0.0
0.0030015184151982763,0.0,ssh,0.0,0.0,0.0,0.0,0.0,0.0,0.0,0.0,0.0,0.0
0.004555245594830327,0.0,ssh,0.0,0.0,0.0,0.0,0.0,0.0,0.0,0.0,0.0,0.0
0.002154030862671705,0.0,ssh,0.0,0.0,0.0,0.0,0.0,0.0,0.0,0.0,0.0,0.0
0.13499770472121192,0.0,ssh,0.30000000000000004,0.19999999999999996,0.47959183673469385,0.23456295108259823,0.02300332529745409,0.0,0.0,0.05839699063774617,0.022456573967194585,0.06518924880820187
0.014301352448885906,0.0,ssh,0.2,0.19999999999999996,0.6530612244897959,0.3626704089815557,0.2808527819589425,0.0,0.0,0.630831652242726,0.2754464018453688,0.0055280706750650945
0.12881810798403898,0.0,ssh,0.6000000000000001,0.19999999999999996,0.9999999999999999,0.14474739374498796,0.016225380805343182,0.0,0.0,0.12746753740184896,0.014506938611832568,0.03652686272304335
0.5231823157597373,0.0,ssh,0.4,0.40000000000000013,0.2346938775510204,0.43724939855653566,0.010931927208228625,0.0,0.0,0.007499048018094854,0.010984954630909214,0.26533422997396233
0.003284014266040468,0.0,ssh,0.0,0.0,0.0,0.0,0.0,0.0,0.0,0.0,0.0,0.0
0.6097319820615135,0.0,ssh,0.8,0.19999999999999996,0.42857142857142855,0.5916198877305533,0.012748819220157779,0.0,0.0,0.011759930117330212,0.012764095325504763,0.17091025377163427
0.11236272467248137,0.0,ssh,0.2,0.19999999999999996,0.3061224489795918,0.12750601443464316,0.01505616274110299,0.0,0.0,0.04458142347246918,0.014600065959136476,0.08604362208512023
0.27338535965253014,0.0,ssh,0.5,0.19999999999999996,0.7551020408163265,0.11748195669607056,0.006231177366308589,0.0,0.0,0.045925101362003805,0.005617994866103508,0.10443751854705928
0.00826300363713408,0.0,ssh,0.0,0.0,0.0,0.0,0.0,0.0,0.0,0.0,0.0,0.0
0.018115046435255484,0.0,ssh,0.2,0.19999999999999996,0.6530612244897959,0.8883319967923015,0.5528955556288885,0.0,0.0,0.5174708800443272,0.5534427897507707,0.011015756624291623
0.46735407323704936,0.0,ssh,0.1,0.19999999999999996,0.49999999999999994,0.06716118684843625,0.002130671569570204,0.0,0.0,0.017872051809682824,0.001887505578100371,0.0
0.13626893605000176,0.0,ssh,0.4,0.40000000000000013,0.8673469387755102,0.16299117882919006,0.016818882944183402,0.0,0.0,0.10464827753687764,0.015462114157637591,0.0551043601144892
0.008439563543910449,0.0,ssh,0.0,0.0,0.0,0.0,0.0,0.0,0.0,0.0,0.0,0.0
0.012323881492990572,0.0,ssh,0.2,0.19999999999999996,0.6530612244897959,0.3706896551724138,0.3236096119240431,0.0,0.0,0.7116704508035978,0.3176149456923898,0.0056708381595573605
0.01440728839295173,0.0,ssh,0.2,0.19999999999999996,0.6530612244897959,0.6912590216519647,0.5234325304314276,0.0,0.0,0.627016131848932,0.5218323946966307,0.004465503666334815
0.006391468625304566,0.0,ssh,0.0,0.0,0.0,0.0,0.0,0.0,0.0,0.0,0.0,0.0
0.4324305236766835,0.0,ssh,0.1,0.19999999999999996,0.49999999999999994,0.05072173215717722,0.0018100540038525853,0.0,0.0,0.019305142196545555,0.0015397915515369344,0.0
0.30467177513330274,0.0,ssh,0.1,0.19999999999999996,0.49999999999999994,0.08400160384923817,0.003969326928285751,0.0,0.0,0.02731867652739111,0.0036086293465734712,0.0
0.0712948903562979,0.0,ssh,0.4,0.19999999999999996,0.8061224489795917,0.04290296712109062,0.010279950859782306,0.0,0.0,0.18219770451635764,0.007624207597799623,0.032286840442640526
0.00293089445248773,0.0,ssh,0.0,0.0,0.0,0.0,0.0,0.0,0.0,0.0,0.0,0.0
0.0044139976694092305,0.0,ssh,0.0,0.0,0.0,0.0,0.0,0.0,0.0,0.0,0.0,0.0
0.0036724460609484804,0.0,ssh,0.0,0.0,0.0,0.0,0.0,0.0,0.0,0.0,0.0,0.0
0.022634980048730536,0.0,ssh,0.1,0.40000000000000013,0.4081632653061224,0.7205292702485966,0.36850659796072704,0.0,0.0,0.2666323797275871,0.37008032758231274,0.0
0.005226173240580528,0.0,ssh,0.0,0.0,0.0,0.0,0.0,0.0,0.0,0.0,0.0,0.0
0.20562166743175958,0.0,ssh,0.2,0.40000000000000013,0.25510204081632654,0.7814755412991179,0.049061998275018205,0.0,0.0,0.020552240010841265,0.049502408773537454,0.18767619706310307
0.14075355768212153,0.0,ssh,0.4,0.19999999999999996,0.5816326530612245,0.061948676824378504,0.0066412212927853785,0.0,0.0,0.06798830324175578,0.0056935472978927254,0.08275196778315975
0.008192379674423532,0.0,ssh,0.0,0.0,0.0,0.0,0.0,0.0,0.0,0.0,0.0,0.0
0.07023553091563968,0.0,ssh,0.5,0.19999999999999996,0.9387755102040816,0.1904570970328789,0.03708677584533451,0.0,0.0,0.21524430841164466,0.03433464489338502,0.02914588099728136
0.1458031710159257,0.0,ssh,0.5,0.19999999999999996,0.9285714285714285,0.23897353648757017,0.02249111044165164,0.0,0.0,0.10486202928830264,0.021218667480734,0.05203235384917292
0.008227691655778805,0.0,ssh,0.0,0.0,0.0,0.0,0.0,0.0,0.0,0.0,0.0,0.0
0.352025142130725,0.0,ssh,0.4,0.19999999999999996,0.5408163265306122,0.42702485966319165,0.016046232386178288,0.0,0.0,0.025608723258176824,0.015898516293635208,0.21520429585790324
0.007168332215120589,0.0,ssh,0.0,0.0,0.0,0.0,0.0,0.0,0.0,0.0,0.0,0.0
0.006603340513436209,0.0,ssh,0.0,0.0,0.0,0.0,0.0,0.0,0.0,0.0,0.0,0.0
0.1359511282178043,0.0,ssh,0.4,0.19999999999999996,0.6122448979591836,0.14975942261427425,0.015149063549209174,0.0,0.0,0.07403822493596711,0.014239356066055234,0.07331084153392557
0.15812705250891626,0.0,ssh,0.4,0.19999999999999996,0.5816326530612245,0.19025661587810747,0.0162873294622963,0.0,0.0,0.060662370452862754,0.015601838020133391,0.075974887281743
0.6948338571277235,0.0,ssh,0.4,0.40000000000000013,0.6938775510204082,0.6359262229350441,0.012118140494704527,0.0,0.0,0.016718314734784735,0.012047080997342358,0.2946311797604917
0.0021893428440269785,0.0,ssh,0.0,0.0,0.0,0.0,0.0,0.0,0.0,0.0,0.0,0.0
0.014054168579398991,0.0,ssh,0.2,0.19999999999999996,0.6530612244897959,1.0,0.7684488201190786,0.0,0.0,0.6399176506040234,0.7704343385519107,0.0075098389157987454
0.12069635227232599,0.0,ssh,0.1,0.40000000000000013,0.16326530612244897,0.29771451483560546,0.03164875566881958,0.0,0.0,0.022176243087311486,0.031795085553117025,0.0
0.06755182033263886,0.0,ssh,0.30000000000000004,0.19999999999999996,0.5306122448979591,0.20429029671210905,0.03956674025989693,0.0,0.0,0.12628063509356693,0.038227205304316315,0.04854909645906724
0.015007592075991385,0.0,ssh,0.2,0.19999999999999996,0.6530612244897959,0.6325180433039295,0.4638648752830122,0.0,0.0,0.6062378094229717,0.4616655346954153,0.008593346152741614
0.28821639182174513,0.0,ssh,0.1,0.19999999999999996,0.49999999999999994,0.024859663191659984,0.001550172734737211,0.0,0.0,0.028861771012529108,0.0011282701661953544,0.0
0.4004378685688054,0.0,ssh,0.4,0.40000000000000013,0.7448979591836734,0.7177225340817963,0.023630196915707953,0.0,0.0,0.03104083618178751,0.02351571832180148,0.21802771169972432
0.04304530527207881,0.0,ssh,0.30000000000000004,0.19999999999999996,0.7346938775510203,0.1978748997594226,0.05989743934117618,0.0,0.0,0.2676931812583873,0.05668746305262247,0.03328479189002911
0.3529079416646069,0.0,ssh,0.30000000000000004,0.19999999999999996,0.5918367346938775,0.5487169206094628,0.020493820688000895,0.0,0.0,0.027955133148996995,0.020378563060888873,0.15911843733247819
0.07440234471556198,0.0,ssh,0.30000000000000004,0.19999999999999996,0.4897959183673469,0.27365677626303125,0.04758779026568079,0.0,0.0,0.10626426264483745,0.04668136928612063,0.038608545766962786
0.004943677389738338,0.0,ssh,0.0,0.0,0.0,0.0,0.0,0.0,0.0,0.0,0.0,0.0
0.12814718033828879,0.0,ssh,0.4,0.19999999999999996,0.5306122448979591,0.0607457898957498,0.0070603061748055656,0.0,0.0,0.06798156085914477,0.006119212126990469,0.05618689512655078
0.00928705109643702,0.0,ssh,0.0,0.0,0.0,0.0,0.0,0.0,0.0,0.0,0.0,0.0
0.018609414174229316,0.0,ssh,0.2,0.19999999999999996,0.6530612244897959,0.7169206094627105,0.43753635602564384,0.0,0.0,0.5056910264900923,0.4364835192102408,0.014815959325700722
0.055051378932871924,0.0,ssh,0.2,0.19999999999999996,0.2755102040816326,0.10545308740978349,0.024821008300587775,0.0,0.0,0.07966185797104214,0.0239738399756538,0.03644100778737173
0.19195593064726862,0.0,ssh,0.0,0.6000000000000001,0.0,0.5665597433841218,0.037818679267644456,0.0,0.0,0.0,0.038402893468031926,0.0
0.008474875525265723,0.0,ssh,0.0,0.40000000000000013,0.0,0.0010024057738572574,0.001126896338577117,0.0,0.0,0.0,0.0011443043443221598,0.0
0.07984038984427416,0.0,ssh,0.30000000000000004,0.19999999999999996,0.5408163265306122,0.0892141138732959,0.015672352281875083,0.0,0.0,0.10964104223142979,0.014220748049527105,0.048820795920125594
0.01807973445390021,0.0,ssh,0.2,0.19999999999999996,0.6530612244897959,0.491579791499599,0.3099896970069011,0.0,0.0,0.5183332975966808,0.30677126035301283,0.012202843204357484
0.05618136233624069,0.0,ssh,0.2,0.19999999999999996,0.4081632653061224,0.1764234161988773,0.04050652652017568,0.0,0.0,0.11576828872801792,0.039343902111837976,0.025972538984722012
0.47046152759631343,0.0,ssh,0.30000000000000004,0.19999999999999996,0.5918367346938775,0.7413793103448276,0.020703906473436534,0.0,0.0,0.021015885114173745,0.020699087107373868,0.38062768633213356
0.0040608778558564925,0.0,ssh,0.0,0.0,0.0,0.0,0.0,0.0,0.0,0.0,0.0,0.0
0.0024365267135138956,0.0,ssh,0.0,0.0,0.0,0.0,0.0,0.0,0.0,0.0,0.0,0.0
0.008933931282884283,0.0,ssh,0.0,0.0,0.0,0.0,0.0,0.0,0.0,0.0,0.0,0.0
0.0020127829372506094,0.0,ssh,0.0,0.0,0.0,0.0,0.0,0.0,0.0,0.0,0.0,0.0
0.005614605035488541,0.0,ssh,0.0,0.0,0.0,0.0,0.0,0.0,0.0,0.0,0.0,0.0
0.22281860235177794,0.0,ssh,0.4,0.40000000000000013,0.5816326530612245,0.09302325581395349,0.0060197905112281125,0.0,0.0,0.04329235280786524,0.005444013524134886,0.11167924775520754
0.003884317949080123,0.0,ssh,0.0,0.0,0.0,0.0,0.0,0.0,0.0,0.0,0.0,0.0
0.672728556799322,0.0,ssh,0.4,0.40000000000000013,0.7755102040816326,0.24879711307137128,0.005086916183437572,0.0,0.0,0.019296334579621252,0.004867410854147529,0.34892328337992035
0.42120131360570645,0.0,ssh,0.1,0.19999999999999996,0.49999999999999994,0.026663993584603047,0.0011196961008835208,0.0,0.0,0.019816044720340847,0.0008308778237823425,0.0
0.0038490059677248494,0.0,ssh,0.0,0.0,0.0,0.0,0.0,0.0,0.0,0.0,0.0,0.0
0.005932412867686006,0.0,ssh,0.0,0.0,0.0,0.0,0.0,0.0,0.0,0.0,0.0,0.0
0.18768318090328046,0.0,ssh,0.1,0.19999999999999996,0.49999999999999994,0.033279871692060946,0.0029416519350099154,0.0,0.0,0.04406985278463135,0.0023063149703187596,0.0
0.20156078957590312,0.0,ssh,0.1,0.19999999999999996,0.49999999999999994,0.08500400962309543,0.006032823384999992,0.0,0.0,0.041081701702050714,0.0054913982362852585,0.0
0.002154030862671705,0.0,ssh,0.0,0.0,0.0,0.0,0.0,0.0,0.0,0.0,0.0,0.0
0.004096189837211765,0.0,ssh,0.0,0.0,0.0,0.0,0.0,0.0,0.0,0.0,0.0,0.0
0.9543769200889861,0.0,ssh,0.9,0.19999999999999996,0.6326530612244897,0.4697273456295108,0.0065568217920176294,0.0,0.0,0.011111264316401671,0.006486465931486526,0.2207628794369352
0.4028390833009641,0.0,ssh,0.1,0.19999999999999996,0.49999999999999994,0.07618283881315156,0.0027586594464398123,0.0,0.0,0.020712356412306534,0.002481317215014556,0.0
0.009498922984568663,0.0,ssh,0.0,0.0,0.0,0.0,0.0,0.0,0.0,0.0,0.0,0.0
0.1027225537624916,0.0,ssh,0.2,0.19999999999999996,0.07142857142857142,0.18825180433039293,0.02333416660930132,0.0,0.0,0.011349920363957457,0.02351929523466544,0.07637342469654619
0.6625233941876479,0.0,ssh,0.9,0.40000000000000013,0.6122448979591836,0.316158781074579,0.006419854642133697,0.0,0.0,0.01546751164716225,0.006280088756194639,0.13118873487517232
0.1108443094742046,0.0,ssh,0.5,0.19999999999999996,0.7551020408163265,0.3013231756214916,0.03612606158412089,0.0,0.0,0.11143281522476157,0.03496274122133369,0.04900417249004442
0.31710159257035914,0.0,ssh,0.30000000000000004,0.19999999999999996,0.13265306122448978,0.2780673616680032,0.011413123380907537,0.0,0.0,0.006966460534010065,0.011481811473622297,0.1933851763526191
0.17101592570359123,0.0,ssh,0.4,0.19999999999999996,0.6530612244897959,0.31756214915797915,0.024706432854989163,0.0,0.0,0.06307037291996737,0.024113798420577717,0.08401458875784959
0.08997492849323775,0.0,ssh,0.30000000000000004,0.19999999999999996,0.5408163265306122,0.09683239775461107,0.015031671583527133,0.0,0.0,0.09770368418971412,0.013754575526741732,0.0474356746103921
0.7104770648681097,0.0,ssh,0.9,0.19999999999999996,0.6326530612244897,0.5541299117882919,0.010338003700242068,0.0,0.0,0.014908987249790027,0.010267392318194722,0.15760625370941186
0.125851901550196,0.0,ssh,0.4,0.19999999999999996,0.5918367346938775,0.34242181234963914,0.035747672090707734,0.0,0.0,0.07717519437347564,0.03510771410024109,0.07182206609453975
0.006320844662594019,0.0,ssh,0.0,0.0,0.0,0.0,0.0,0.0,0.0,0.0,0.0,0.0
0.0044139976694092305,0.0,ssh,0.0,0.0,0.0,0.0,0.0,0.0,0.0,0.0,0.0,0.0
0.4308414845156962,0.0,ssh,0.1,0.19999999999999996,0.49999999999999994,0.07658380112269447,0.002592676964987743,0.0,0.0,0.019375785358497037,0.00233341674740423,0.0
0.004166813799922314,0.0,ssh,0.0,0.40000000000000013,0.0,0.003809141940657578,0.006818270258659742,0.0,0.0,0.0,0.006923598088000451,0.0
0.003990253893145945,0.0,ssh,0.0,0.0,0.0,0.0,0.0,0.0,0.0,0.0,0.0,0.0
0.007733323916804971,0.0,ssh,0.0,0.0,0.0,0.0,0.0,0.0,0.0,0.0,0.0,0.0
0.003284014266040468,0.0,ssh,0.0,0.0,0.0,0.0,0.0,0.0,0.0,0.0,0.0,0.0
0.588650729192415,0.0,ssh,0.8,0.19999999999999996,0.49999999999999994,0.4190056134723336,0.009435748863752223,0.0,0.0,0.014208690591029362,0.009362019560209125,0.16819984037563182
0.01267700130654331,0.0,ssh,0.0,0.40000000000000013,0.0,0.015036086607858861,0.012403422191658913,0.0,0.0,0.0,0.012595029892899807,0.0
0.5331756064832798,0.0,ssh,0.1,0.19999999999999996,0.49999999999999994,0.035685645549318364,0.0011049481807616271,0.0,0.0,0.01567846925804574,0.0008798192249257139,0.0
0.001518415198276776,0.0,ssh,0.0,0.0,0.0,0.0,0.0,0.0,0.0,0.0,0.0,0.0
0.43868074437656696,0.0,ssh,0.30000000000000004,0.19999999999999996,0.47959183673469385,0.4785485164394547,0.014381905574988803,0.0,0.0,0.018255213516982876,0.014322071706869501,0.26028972899754943
0.016631943218333983,0.0,ssh,0.2,0.19999999999999996,0.6530612244897959,0.5924218123496391,0.3992447231572182,0.0,0.0,0.5563506167731163,0.3968177887736175,0.013711960579721245
0.40919523994491336,0.0,ssh,0.4,0.19999999999999996,0.336734693877551,0.5956295108259824,0.019019265233928773,0.0,0.0,0.013734111894273607,0.019100907989478055,0.20942763475934295
0.0008474875525265727,0.0,ssh,0.0,0.0,0.0,0.0,0.0,0.0,0.0,0.0,0.0,0.0
0.13309085772802712,0.0,ssh,0.2,0.19999999999999996,0.3469387755102041,0.08520449077786688,0.008797330252400414,0.0,0.0,0.04283605750900062,0.008271508719973553,0.1162589504518303
0.0044139976694092305,0.0,ssh,0.0,0.40000000000000013,0.0,0.01082598235765838,0.018741398155461733,0.0,0.0,0.0,0.01903091234624613,0.0
0.007874571842226067,0.0,ssh,0.2,0.19999999999999996,0.6530612244897959,0.8305934242181234,1.0,0.0,0.0,1.0,1.0,0.008324638152856487
0.06070129594971574,0.0,ssh,0.30000000000000004,0.19999999999999996,0.2040816326530612,0.25421010425020046,0.05269210825561807,0.0,0.0,0.053783864603724356,0.052675244021766994,0.04819774934427171
0.44055227938839653,0.0,ssh,0.4,0.19999999999999996,0.6938775510204082,0.659382518043304,0.01975201139453139,0.0,0.0,0.026300333784384552,0.019650852712333945,0.2701687303760147
0.36018220982379323,0.0,ssh,0.2,0.19999999999999996,0.2857142857142857,0.43985565356856454,0.015966179640814884,0.0,0.0,0.013225335346977283,0.01600851762415859,0.41359134486521676
0.016420071330202343,0.0,ssh,0.2,0.19999999999999996,0.6530612244897959,0.9805533279871692,0.6623787698788657,0.0,0.0,0.5623869929599199,0.6639234172146268,0.00489717151363149
0.8027119601680851,0.0,ssh,0.30000000000000004,0.6000000000000001,0.47959183673469385,0.2351643945469126,0.0039521395025797846,0.0,0.0,0.010008368450921802,0.003858582553712787,0.6271431575710292
0.04551714396694798,0.0,ssh,0.2,0.19999999999999996,0.2040816326530612,0.14615076182838813,0.04021015616147552,0.0,0.0,0.0705791396877718,0.03974102295108217,0.0631128008213356
0.010063914686253046,0.0,ssh,0.0,0.40000000000000013,0.0,0.01643945469125902,0.016251476122651598,0.0,0.0,0.0,0.016502527574524015,0.0
0.8338218157420814,0.0,ssh,0.30000000000000004,0.6000000000000001,0.5612244897959183,0.43504410585404973,0.006939868523364016,0.0,0.0,0.011276543803650155,0.0068728757370627985,0.7305884084469291
0.005120237296514708,0.0,ssh,0.0,0.0,0.0,0.0,0.0,0.0,0.0,0.0,0.0,0.0
0.000741551608460751,0.0,ssh,0.0,0.0,0.0,0.0,0.0,0.0,0.0,0.0,0.0,0.0
0.021787492496203962,0.0,ssh,0.2,0.19999999999999996,0.6530612244897959,0.4107858861267041,0.22156351875231678,0.0,0.0,0.4411347174817164,0.21817164010236642,0.01300814455219023
0.17641865885094812,0.0,ssh,0.5,0.40000000000000013,0.6632653061224489,0.2858861267040898,0.0216800339744768,0.0,0.0,0.062128140135623934,0.02105520293818282,0.05678376641713892
0.5494191179067057,0.0,ssh,0.4,0.40000000000000013,0.6938775510204082,0.7333600641539695,0.017603524041756292,0.0,0.0,0.021118235697052724,0.01754923061547318,0.34815051417234644
0.13895264663300255,0.0,ssh,0.4,0.19999999999999996,0.5918367346938775,0.07878909382518043,0.008287325736505955,0.0,0.0,0.07005809321896712,0.007333105817779056,0.06906700514052688
0.09332956672198876,0.0,ssh,0.4,0.19999999999999996,0.5918367346938775,0.17161186848436247,0.02474071899710713,0.0,0.0,0.1032016416426072,0.023528677593460497,0.04834575188581713
0.08764433772378967,0.0,ssh,0.2,0.19999999999999996,0.39795918367346933,0.10986367281475541,0.016884683062982887,0.0,0.0,0.0737414993588966,0.016006371664106157,0.07669949396442795
0.09866167590663512,0.0,ssh,0.4,0.40000000000000013,0.6020408163265306,0.14514835605453086,0.020084249877758593,0.0,0.0,0.09948063608973881,0.0188577576727542,0.029466640421580644
0.006073660793107101,0.0,ssh,0.0,0.0,0.0,0.0,0.0,0.0,0.0,0.0,0.0,0.0
0.791871181892016,0.0,ssh,0.8,0.40000000000000013,0.5714285714285714,0.1635926222935044,0.0028633290208788555,0.0,0.0,0.012087451982542938,0.002720835257421416,0.22896239972622148
0.014689784243793918,0.0,ssh,0.1,0.40000000000000013,0.24489795918367346,0.6569767441860465,0.48417556302606085,0.0,0.0,0.23139881417890262,0.48808039156326255,0.0
0.0018715350118295132,0.0,ssh,0.0,0.0,0.0,0.0,0.0,0.0,0.0,0.0,0.0,0.0
0.44772061160351706,0.0,ssh,0.4,0.19999999999999996,0.7448979591836734,0.2445870088211708,0.00748682046019543,0.0,0.0,0.027785237255636464,0.0071732575979397625,0.2058186612134324
0.0042374377626328615,0.0,ssh,0.0,0.0,0.0,0.0,0.0,0.0,0.0,0.0,0.0,0.0
0.006638652494791484,0.0,ssh,0.0,0.40000000000000013,0.0,0.006214915797914996,0.008303101205949626,0.0,0.0,0.0,0.008431368199769399,0.0
0.6995303506479749,0.0,ssh,1.0,0.19999999999999996,0.6428571428571428,0.3440256615878107,0.00660928594695752,0.0,0.0,0.015385509696487698,0.006473711215704827,0.15157120515201408
0.0028955824711324562,0.0,ssh,0.0,0.0,0.0,0.0,0.0,0.0,0.0,0.0,0.0,0.0
0.13090151488400015,0.0,ssh,0.2,0.6000000000000001,0.3061224489795918,0.2892943063352045,0.028693191159539284,0.0,0.0,0.03841402639114335,0.028543025250603635,0.05085513909097872
0.00872205939475264,0.0,ssh,0.0,0.0,0.0,0.0,0.0,0.0,0.0,0.0,0.0,0.0
0.407606200783926,0.0,ssh,0.30000000000000004,0.40000000000000013,0.6224489795918366,0.6212910986367282,0.020084353371934885,0.0,0.0,0.025485477363422257,0.020000920069816276,0.3855611293124905
0.17818425791871184,0.0,ssh,0.5,0.19999999999999996,0.7551020408163265,0.26002405773857257,0.019741011442079574,0.0,0.0,0.07004163208664654,0.018963983164514572,0.05948587850838567
0.4214838094565486,0.0,ssh,0.1,0.19999999999999996,0.49999999999999994,0.06255012028869286,0.002219454787948121,0.0,0.0,0.01980286366604724,0.0019478298569858001,0.0
0.11935449698082559,0.0,ssh,0.2,0.40000000000000013,0.2755102040816326,0.17882919005613473,0.01958954032263215,0.0,0.0,0.03783248070539657,0.019307729933053658,0.060205250134017466
0.00533210918464635,0.0,ssh,0.0,0.0,0.0,0.0,0.0,0.0,0.0,0.0,0.0,0.0
0.006956460326988946,0.0,ssh,0.0,0.0,0.0,0.0,0.0,0.0,0.0,0.0,0.0,0.0
0.452734912955966,0.0,ssh,0.4,0.6000000000000001,0.21428571428571427,0.36948676824378507,0.01067434498831521,0.0,0.0,0.007905109529398094,0.010717122489428363,0.256517945177286
0.0016596631236978714,0.0,ssh,0.0,0.0,0.0,0.0,0.0,0.0,0.0,0.0,0.0,0.0
0.36632649457961086,0.0,ssh,0.30000000000000004,0.40000000000000013,0.47959183673469385,0.4059743384121893,0.01464073711745891,0.0,0.0,0.021830498566393304,0.014529670587447032,0.32684353281991885
0.003990253893145945,0.0,ssh,0.0,0.0,0.0,0.0,0.0,0.0,0.0,0.0,0.0,0.0
0.007592075991383876,0.0,ssh,0.0,0.0,0.0,0.0,0.0,0.0,0.0,0.0,0.0,0.0
0.006038348811751828,0.0,ssh,0.0,0.0,0.0,0.0,0.0,0.0,0.0,0.0,0.0,0.0
0.08037006956460327,0.0,ssh,0.4,0.19999999999999996,0.8673469387755102,0.15216519647153168,0.02639264129202366,0.0,0.0,0.17472374302095064,0.024101260458959602,0.03721968513076275
0.5743140647621738,0.0,ssh,0.30000000000000004,0.6000000000000001,0.4387755102040816,0.5190457097032879,0.011898791980490578,0.0,0.0,0.012778455086893821,0.011885204108664688,0.2625939019662276
0.012782937250609134,0.0,ssh,0.0,0.40000000000000013,0.0,0.014033680834001604,0.011499356207083922,0.0,0.0,0.0,0.011676991560455197,0.0
0.046788375295737844,0.0,ssh,0.2,0.19999999999999996,0.13265306122448978,0.1413392141138733,0.03756385442828515,0.0,0.0,0.0447076457343223,0.03745349990991519,0.0782734512607214
0.48049013030121124,0.0,ssh,0.1,0.19999999999999996,0.49999999999999994,0.026663993584603047,0.0009824184684707061,0.0,0.0,0.017386600261689485,0.0007290127501958475,0.0
0.007592075991383876,0.0,ssh,0.0,0.0,0.0,0.0,0.0,0.0,0.0,0.0,0.0,0.0
0.41134927080758504,0.0,ssh,0.7000000000000001,0.19999999999999996,0.3469387755102041,0.12489975942261428,0.004138052005409611,0.0,0.0,0.014076758563721863,0.003984523291062015,0.1317064820177286
0.00413150181856704,0.0,ssh,0.0,0.0,0.0,0.0,0.0,0.0,0.0,0.0,0.0,0.0
0.005367421166001625,0.0,ssh,0.0,0.40000000000000013,0.0,0.0028067361668003207,0.004312254881435888,0.0,0.0,0.0,0.004378872304335555,0.0
0.008439563543910449,0.0,ssh,0.0,0.0,0.0,0.0,0.0,0.0,0.0,0.0,0.0,0.0
0.14884000141247924,0.0,ssh,0.5,0.19999999999999996,0.7551020408163265,0.16559743384121892,0.015461763810440302,0.0,0.0,0.08356812719024931,0.014409674168826346,0.03979443576255935
0.009251739115081746,0.0,ssh,0.0,0.0,0.0,0.0,0.0,0.0,0.0,0.0,0.0,0.0
0.005932412867686006,0.0,ssh,0.0,0.0,0.0,0.0,0.0,0.0,0.0,0.0,0.0,0.0
0.34937674352907944,0.0,ssh,0.1,0.19999999999999996,0.49999999999999994,0.06575781876503609,0.002791977178765313,0.0,0.0,0.023853881513741428,0.0024666173417388923,0.0
0.3153359935025955,0.0,ssh,0.1,0.19999999999999996,0.49999999999999994,0.07337610264635125,0.0034019348916362745,0.0,0.0,0.026403777726605862,0.00304660644365858,0.0
0.009534234965923937,0.0,ssh,0.0,0.0,0.0,0.0,0.0,0.0,0.0,0.0,0.0,0.0
0.13167837847381617,0.0,ssh,0.4,0.19999999999999996,0.6530612244897959,0.2880914194065758,0.029070094772278506,0.0,0.0,0.08147762412771943,0.02826051481743051,0.08298881672155002
0.009781418835410855,0.0,ssh,0.0,0.0,0.0,0.0,0.0,0.0,0.0,0.0,0.0,0.0
0.014725096225149193,0.0,ssh,0.0,0.40000000000000013,0.0,0.01643945469125902,0.012003565049105916,0.0,0.0,0.0,0.012188995859716794,0.0
0.0012006073660793108,0.0,ssh,0.0,0.0,0.0,0.0,0.0,0.0,0.0,0.0,0.0,0.0
0.00889861930152901,0.0,ssh,0.0,0.0,0.0,0.0,0.0,0.0,0.0,0.0,0.0,0.0
0.005720540979554363,0.0,ssh,0.0,0.0,0.0,0.0,0.0,0.0,0.0,0.0,0.0,0.0
0.005014301352448887,0.0,ssh,0.0,0.0,0.0,0.0,0.0,0.0,0.0,0.0,0.0,0.0
0.00861612345068682,0.0,ssh,0.0,0.0,0.0,0.0,0.0,0.0,0.0,0.0,0.0,0.0
0.008792683357463188,0.0,ssh,0.0,0.40000000000000013,0.0,0.006415396952686447,0.007019529469345734,0.0,0.0,0.0,0.007127964422718501,0.0
0.45435926409830857,0.0,ssh,0.1,0.19999999999999996,0.49999999999999994,0.0483159582999198,0.0016548127394115995,0.0,0.0,0.018379734997636826,0.0013964485513401094,0.0
0.09855573996256929,0.0,ssh,0.4,0.40000000000000013,0.7959183673469387,0.23215717722534082,0.03173691052969857,0.0,0.0,0.13165376735487763,0.030193423355328503,0.03670739740484761
0.0014831032169215015,0.0,ssh,0.0,0.0,0.0,0.0,0.0,0.0,0.0,0.0,0.0,0.0
0.009392987040502843,0.0,ssh,0.0,0.0,0.0,0.0,0.0,0.0,0.0,0.0,0.0,0.0
0.0032487022846851934,0.0,ssh,0.0,0.0,0.0,0.0,0.0,0.0,0.0,0.0,0.0,0.0
0.006214908718528197,0.0,ssh,0.0,0.0,0.0,0.0,0.0,0.0,0.0,0.0,0.0,0.0
0.35138952646633004,0.0,ssh,0.1,0.6000000000000001,0.21428571428571427,0.5116279069767442,0.0189468562727288,0.0,0.0,0.010165022547803037,0.01908251766544322,0.0
0.10628906387937427,0.0,ssh,0.4,0.19999999999999996,0.8673469387755102,0.2866880513231756,0.036150900186431446,0.0,0.0,0.1333269108595669,0.03464974820912104,0.04965017853040282
0.010240474593029415,0.0,ssh,0.0,0.0,0.0,0.0,0.0,0.0,0.0,0.0,0.0,0.0
0.003884317949080123,0.0,ssh,0.0,0.0,0.0,0.0,0.0,0.0,0.0,0.0,0.0,0.0
0.005897100886330732,0.0,ssh,0.0,0.0,0.0,0.0,0.0,0.0,0.0,0.0,0.0,0.0
0.007945195804936614,0.0,ssh,0.0,0.0,0.0,0.0,0.0,0.0,0.0,0.0,0.0,0.0
0.009498922984568663,0.0,ssh,0.0,0.40000000000000013,0.0,0.003809141940657578,0.0039343532891395454,0.0,0.0,0.0,0.003995129231802142,0.0
0.18605882976093788,0.0,ssh,0.5,0.19999999999999996,0.7551020408163265,0.2544105854049719,0.01853284999778818,0.0,0.0,0.06712594643158792,0.017782197239827522,0.08089771057493492
0.2514213072495498,0.0,ssh,0.1,0.19999999999999996,0.49999999999999994,0.04851643945469126,0.002984461561789808,0.0,0.0,0.03303403026285027,0.002520264466390336,0.0
0.012182633567569476,0.0,ssh,0.0,0.40000000000000013,0.0,0.003007217321571772,0.00256088946798316,0.0,0.0,0.0,0.002600452246959189,0.0
0.0040608778558564925,0.0,ssh,0.0,0.0,0.0,0.0,0.0,0.0,0.0,0.0,0.0,0.0
0.004555245594830327,0.0,ssh,0.0,0.0,0.0,0.0,0.0,0.0,0.0,0.0,0.0,0.0
0.0040608778558564925,0.0,ssh,0.0,0.0,0.0,0.0,0.0,0.0,0.0,0.0,0.0,0.0
0.04396341678731593,0.0,ssh,0.2,0.19999999999999996,0.3877551020408163,0.25,0.07126246749987165,0.0,0.0,0.13852680640730441,0.07022338523644399,0.043411411467108287
0.4490624668950175,0.0,ssh,0.4,0.19999999999999996,0.6938775510204082,0.16760224538893342,0.00521887125821241,0.0,0.0,0.025805345713238694,0.004900858555078482,0.26910347105222854
0.008651435432042092,0.0,ssh,0.0,0.0,0.0,0.0,0.0,0.0,0.0,0.0,0.0,0.0
0.0021893428440269785,0.0,ssh,0.0,0.0,0.0,0.0,0.0,0.0,0.0,0.0,0.0,0.0
0.007168332215120589,0.0,ssh,0.0,0.0,0.0,0.0,0.0,0.0,0.0,0.0,0.0,0.0
0.13030121120096047,0.0,ssh,0.2,0.19999999999999996,0.2755102040816326,0.09161988773055332,0.009470463767457691,0.0,0.0,0.03472819056378649,0.009080289817356778,0.11845071926692449
0.13683392775168615,0.0,ssh,0.6000000000000001,0.19999999999999996,0.9999999999999999,0.266439454691259,0.026618753889902536,0.0,0.0,0.12016620519815832,0.02517365965908494,0.0478903019221933
0.5836717398213215,0.0,ssh,0.2,0.8,0.37755102040816324,0.7550120288692863,0.016918488696425205,0.0,0.0,0.010820066278228487,0.01701269650086801,0.12097693344118549
0.007627387972739151,0.0,ssh,0.0,0.0,0.0,0.0,0.0,0.0,0.0,0.0,0.0,0.0
0.06815212401567851,0.0,ssh,0.4,0.19999999999999996,0.5918367346938775,0.27004811547714513,0.05146868142032331,0.0,0.0,0.1396648719982958,0.05010624834008887,0.0312894872874866
0.005190861259225254,0.0,ssh,0.0,0.0,0.0,0.0,0.0,0.0,0.0,0.0,0.0,0.0
0.014089480560754262,0.0,ssh,0.2,0.19999999999999996,0.6530612244897959,0.35384923817161185,0.2776339800122584,0.0,0.0,0.6386036756432887,0.2720578136313603,0.01015234614316894
0.5042550937533106,0.0,ssh,0.1,0.19999999999999996,0.49999999999999994,0.07598235765838011,0.002202089943654222,0.0,0.0,0.016572229778212665,0.001980105584105869,0.0
0.01239450545570112,0.0,ssh,0.0,0.40000000000000013,0.0,0.019847634322373697,0.016670878879641828,0.0,0.0,0.0,0.016928408219455633,0.0
0.004484621632119778,0.0,ssh,0.0,0.0,0.0,0.0,0.0,0.0,0.0,0.0,0.0,0.0
0.3591934743458456,0.0,ssh,0.1,0.8,0.07142857142857142,0.7808740978348035,0.028114333446644667,0.0,0.0,0.0033153692368649425,0.028497420549917832,0.0
0.0027190225643560864,0.0,ssh,0.0,0.0,0.0,0.0,0.0,0.0,0.0,0.0,0.0,0.0
0.2835905222642043,0.0,ssh,0.1,0.19999999999999996,0.49999999999999994,0.04149959903769046,0.0023309106233755845,0.0,0.0,0.029327420607989187,0.0019138735813506852,0.0
0.43419612274444724,0.0,ssh,0.1,0.19999999999999996,0.49999999999999994,0.095028067361668,0.0031219683598787025,0.0,0.0,0.019227149230126205,0.0028731805928797443,0.0
0.005190861259225254,0.0,ssh,0.0,0.40000000000000013,0.0,0.004210104250200481,0.006606011095521931,0.0,0.0,0.0,0.006708059061395939,0.0
0.0026130866202902646,0.0,ssh,0.0,0.0,0.0,0.0,0.0,0.0,0.0,0.0,0.0,0.0
0.22988099862283273,0.0,ssh,0.4,0.19999999999999996,0.5816326530612245,0.3937449879711307,0.022643409514509407,0.0,0.0,0.041980078628329684,0.022344705360543372,0.11302069373181192
0.35746318725943715,0.0,ssh,0.1,0.19999999999999996,0.49999999999999994,0.027666399358460304,0.0013538221049840193,0.0,0.0,0.023318925084414934,0.0010145098868437892,0.0
0.27998870016596633,0.0,ssh,0.1,0.19999999999999996,0.49999999999999994,0.06595829991980753,0.0034855212238759994,0.0,0.0,0.029700559854651237,0.0030805589659748446,0.0
0.010699530350647975,0.0,ssh,0.0,0.40000000000000013,0.0,0.010625501202886928,0.010020446605166287,0.0,0.0,0.0,0.01017523801880265,0.0
0.13100745082806597,0.0,ssh,0.30000000000000004,0.19999999999999996,0.4387755102040816,0.07638331996792301,0.008252751289182599,0.0,0.0,0.05501662726219844,0.007530354921627968,0.0741690169579951
0.0076626999540944235,0.0,ssh,0.0,0.40000000000000013,0.0,0.01884522854851644,0.022783259716447245,0.0,0.0,0.0,0.0231352115484464,0.0
0.2335534446837812,0.0,ssh,0.5,0.19999999999999996,0.7551020408163265,0.2082999198075381,0.012276612255934117,0.0,0.0,0.053654665974772676,0.011637416566501768,0.08952568289075662
0.2588368233341573,0.0,ssh,0.1,0.40000000000000013,0.1020408163265306,0.7099037690457097,0.03538765281358676,0.0,0.0,0.0065508017573686185,0.0358331142810439,0.0
0.006497404569370388,0.0,ssh,0.0,0.0,0.0,0.0,0.0,0.0,0.0,0.0,0.0,0.0
0.019209717857268972,0.0,ssh,0.2,0.19999999999999996,0.6530612244897959,0.7167201283079391,0.4256502125119846,0.0,0.0,0.4920886036543835,0.42462388927788963,0.01373903330333895
0.18379886295420036,0.0,ssh,0.1,0.40000000000000013,0.07142857142857142,0.7981154771451483,0.05569820010025332,0.0,0.0,0.00642652324545741,0.05645933257960623,0.0
0.22525512906529183,0.0,ssh,0.30000000000000004,0.40000000000000013,0.47959183673469385,0.25240577385725743,0.014928916651349527,0.0,0.0,0.035316296405587234,0.01461397388213481,0.16769166590882986
0.002648398601645539,0.0,ssh,0.0,0.0,0.0,0.0,0.0,0.0,0.0,0.0,0.0,0.0
0.008580811469331545,0.0,ssh,0.0,0.40000000000000013,0.0,0.007417802726543705,0.008263455543987863,0.0,0.0,0.0,0.008391105410136726,0.0
0.09580140541685794,0.0,ssh,0.1,0.40000000000000013,0.1020408163265306,0.08259823576583801,0.011137488819671984,0.0,0.0,0.017348697137822135,0.011041537789230999,0.0
0.11059712560471768,0.0,ssh,0.2,0.19999999999999996,0.26530612244897955,0.21672012830793905,0.025414384767928205,0.0,0.0,0.03923720449154447,0.025200855269141665,0.1461306347162659
0.0038490059677248494,0.0,ssh,0.0,0.0,0.0,0.0,0.0,0.0,0.0,0.0,0.0,0.0
0.003954941911790671,0.0,ssh,0.0,0.0,0.0,0.0,0.0,0.0,0.0,0.0,0.0,0.0
0.06338500653271655,0.0,ssh,0.2,0.19999999999999996,0.39795918367346933,0.15978348035284684,0.03282039845376152,0.0,0.0,0.10064554972680291,0.03177265102802141,0.06313052522878695
0.6611462269147922,0.0,ssh,0.30000000000000004,0.6000000000000001,0.4387755102040816,0.4330392943063352,0.008657457873139086,0.0,0.0,0.011108044980560373,0.00861960464672997,0.2844692609415684
0.005508669091422719,0.0,ssh,0.0,0.0,0.0,0.0,0.0,0.0,0.0,0.0,0.0,0.0
0.0024365267135138956,0.0,ssh,0.0,0.0,0.0,0.0,0.0,0.0,0.0,0.0,0.0,0.0
0.00826300363713408,0.0,ssh,0.0,0.40000000000000013,0.0,0.011026463512429831,0.012626843940954147,0.0,0.0,0.0,0.01282189643579334,0.0
0.004731805501606696,0.0,ssh,0.0,0.0,0.0,0.0,0.0,0.0,0.0,0.0,0.0,0.0
0.019880645503019177,0.0,ssh,0.2,0.19999999999999996,0.6530612244897959,0.3528468323977546,0.20712461745595465,0.0,0.0,0.4777265390444999,0.20294442928160975,0.006745221439921887
0.0034958861541721105,0.0,ssh,0.0,0.0,0.0,0.0,0.0,0.0,0.0,0.0,0.0,0.0
0.4972986334263215,0.0,ssh,0.6000000000000001,0.6000000000000001,0.3061224489795918,0.29069767441860467,0.007720562057355407,0.0,0.0,0.010287296567586646,0.0076809146156434525,0.17163934764607905
0.0011652953847240371,0.0,ssh,0.0,0.0,0.0,0.0,0.0,0.0,0.0,0.0,0.0,0.0
0.1320314982873689,0.0,ssh,0.2,0.8,0.19387755102040816,0.26263031275060145,0.025671686075077395,0.0,0.0,0.024125459825938403,0.02569557178178058,0.17895937835043654
0.44885059500688584,0.0,ssh,0.4,0.40000000000000013,0.14285714285714285,0.4408580593424218,0.01278183386239556,0.0,0.0,0.005315366442724401,0.01289717675196594,0.1826815039152244
0.003531198135527385,0.0,ssh,0.0,0.0,0.0,0.0,0.0,0.0,0.0,0.0,0.0,0.0
0.0042374377626328615,0.0,ssh,0.0,0.0,0.0,0.0,0.0,0.0,0.0,0.0,0.0,0.0
0.018962533987782058,0.0,ssh,0.2,0.19999999999999996,0.6530612244897959,0.9629109863672815,0.5756641783118314,0.0,0.0,0.49759998513031295,0.576870093955414,0.008248056746821872
0.7694127617500618,0.0,ssh,0.9,0.19999999999999996,0.5816326530612245,0.2858861267040898,0.00501119540859619,0.0,0.0,0.012660979699779317,0.0048930225636495865,0.18127357271404504
0.010805466294713796,0.0,ssh,0.0,0.0,0.0,0.0,0.0,0.0,0.0,0.0,0.0,0.0
0.00826300363713408,0.0,ssh,0.0,0.40000000000000013,0.0,0.01904570970328789,0.021810000482578557,0.0,0.0,0.0,0.022146912025461225,0.0
0.1343267770754617,0.0,ssh,0.1,0.40000000000000013,0.1530612244897959,0.7121090617481957,0.06775138321445105,0.0,0.0,0.018728334401282194,0.06850867682821508,0.0
0.05056675730075214,0.0,ssh,0.2,0.19999999999999996,0.14285714285714285,0.2971130713712911,0.07275718214099762,0.0,0.0,0.0447573935843982,0.07318971757320016,0.07742963485028335
0.4208481937921537,0.0,ssh,0.4,0.40000000000000013,0.6938775510204082,0.7616279069767442,0.023810239820253678,0.0,0.0,0.02752270952910653,0.023752887724938006,0.2209363841849824
0.13030121120096047,0.0,ssh,0.5,0.40000000000000013,0.8673469387755102,0.1830392943063352,0.01952793911041374,0.0,0.0,0.10932949556105218,0.018140709564722145,0.04036879630781896
0.7234718740068505,0.0,ssh,0.4,0.40000000000000013,0.5408163265306122,0.27245388933440257,0.005072959254520211,0.0,0.0,0.012516838493149161,0.004957970931358102,0.3544609267307398
0.0010240474593029418,0.0,ssh,0.0,0.0,0.0,0.0,0.0,0.0,0.0,0.0,0.0,0.0
0.007980507786291889,0.0,ssh,0.0,0.40000000000000013,0.0,0.012429831595829992,0.014596537711740213,0.0,0.0,0.0,0.01482202316097433,0.0
0.009781418835410855,0.0,ssh,0.0,0.40000000000000013,0.0,0.010625501202886928,0.010734231154183612,0.0,0.0,0.0,0.010900048928546027,0.0
0.0031427663406193725,0.0,ssh,0.0,0.0,0.0,0.0,0.0,0.0,0.0,0.0,0.0,0.0
0.005155549277869981,0.0,ssh,0.0,0.0,0.0,0.0,0.0,0.0,0.0,0.0,0.0,0.0
0.11098555739962569,0.0,ssh,0.1,0.40000000000000013,0.17346938775510204,0.30693664795509223,0.03541782136597646,0.0,0.0,0.025567722282839548,0.03556998504808198,0.0
0.8040891274409407,0.0,ssh,1.0,0.19999999999999996,0.6428571428571428,0.34242181234963914,0.005727293791697802,0.0,0.0,0.013392558584167684,0.0056088789929467945,0.173444320531475
0.0019068469931847877,0.0,ssh,0.0,0.0,0.0,0.0,0.0,0.0,0.0,0.0,0.0,0.0
0.014901656131925562,0.0,ssh,0.2,0.19999999999999996,0.6530612244897959,0.45549318364073776,0.33860279845887115,0.0,0.0,0.6098039224023437,0.33441335020684115,0.014476802415186094
0.0023659027508033475,0.0,ssh,0.0,0.0,0.0,0.0,0.0,0.0,0.0,0.0,0.0,0.0
0.007839259860870793,0.0,ssh,0.0,0.0,0.0,0.0,0.0,0.0,0.0,0.0,0.0,0.0
0.09576609343550266,0.0,ssh,0.2,0.6000000000000001,0.13265306122448978,0.1884522854851644,0.025160698364508145,0.0,0.0,0.022561409286739133,0.025200855269141665,0.04930429083224844
0.007274268159186411,0.0,ssh,0.0,0.0,0.0,0.0,0.0,0.0,0.0,0.0,0.0,0.0
0.00402556587450122,0.0,ssh,0.0,0.0,0.0,0.0,0.0,0.0,0.0,0.0,0.0,0.0
0.1101733818284544,0.0,ssh,0.5,0.19999999999999996,0.8673469387755102,0.17161186848436247,0.021684188526410884,0.0,0.0,0.12875527173836784,0.020030180005240445,0.047298740475187624
0.00826300363713408,0.0,ssh,0.0,0.0,0.0,0.0,0.0,0.0,0.0,0.0,0.0,0.0
0.4512164977576892,0.0,ssh,0.6000000000000001,0.19999999999999996,0.4081632653061224,0.2119085805934242,0.006303054071744764,0.0,0.0,0.015107674939165181,0.006167041607424556,0.16712613017403127
0.05882976093788622,0.0,ssh,0.2,0.19999999999999996,0.39795918367346933,0.26804330392943065,0.057993153889807914,0.0,0.0,0.10804765321654473,0.05721992387794578,0.042908546843888805
0.017232246901373635,0.0,ssh,0.2,0.19999999999999996,0.6530612244897959,0.983159582999198,0.6375980503826209,0.0,0.0,0.5399305461700442,0.639106792949469,0.013041723703859705
0.006673964476146757,0.0,ssh,0.0,0.40000000000000013,0.0,0.019847634322373697,0.02642063646671118,0.0,0.0,0.0,0.026828777562263567,0.0
0.018115046435255484,0.0,ssh,0.2,0.19999999999999996,0.6530612244897959,0.781074578989575,0.487089301103236,0.0,0.0,0.5174708800443272,0.48661997426043374,0.010868427161510187
0.45467707193050605,0.0,ssh,0.1,0.19999999999999996,0.49999999999999994,0.06275060144346431,0.0020642283083894624,0.0,0.0,0.018366979138643005,0.0018123866546383182,0.0
0.006956460326988946,0.0,ssh,0.0,0.0,0.0,0.0,0.0,0.0,0.0,0.0,0.0,0.0
0.36664430241180834,0.0,ssh,0.1,0.40000000000000013,0.1020408163265306,0.4548917401764234,0.016089552091398486,0.0,0.0,0.004640763728508427,0.01626641285398431,0.0
0.08711465800346058,0.0,ssh,0.4,0.40000000000000013,0.6020408163265306,0.040096230954290296,0.0074937102153601436,0.0,0.0,0.11221256266239803,0.005876037413694087,0.04049585862115179
0.10409972103534729,0.0,ssh,0.2,0.19999999999999996,0.3061224489795918,0.32598235765838013,0.04032240298810751,0.0,0.0,0.04801754817447561,0.040203534111329466,0.11531492009208916
0.003954941911790671,0.0,ssh,0.0,0.0,0.0,0.0,0.0,0.0,0.0,0.0,0.0,0.0
0.0027896465270666345,0.0,ssh,0.0,0.0,0.0,0.0,0.0,0.0,0.0,0.0,0.0,0.0
0.3865602598961828,0.0,ssh,0.6000000000000001,0.19999999999999996,0.4387755102040816,0.5380914194065758,0.01826840759247471,0.0,0.0,0.018935465254467543,0.01825810211839071,0.15025084897668095
0.0042374377626328615,0.0,ssh,0.0,0.0,0.0,0.0,0.0,0.0,0.0,0.0,0.0,0.0
0.08976305660510611,0.0,ssh,0.30000000000000004,0.19999999999999996,0.7244897959183673,0.1623897353648757,0.024763273335098056,0.0,0.0,0.13118465545483354,0.02311930216817135,0.06428291085924338
0.5904163282601786,0.0,ssh,0.7000000000000001,0.19999999999999996,0.32653061224489793,0.5092221331194867,0.011312090887521109,0.0,0.0,0.009251520817288538,0.01134391923072525,0.16019162402837342
0.0033193262473957415,0.0,ssh,0.0,0.0,0.0,0.0,0.0,0.0,0.0,0.0,0.0,0.0
0.26646421130689646,0.0,ssh,0.1,0.40000000000000013,0.21428571428571427,0.3668805132317562,0.01792429684873835,0.0,0.0,0.013367411319294153,0.017994690448185333,0.0
0.006108972774462375,0.0,ssh,0.0,0.0,0.0,0.0,0.0,0.0,0.0,0.0,0.0,0.0
0.008474875525265723,0.0,ssh,0.0,0.40000000000000013,0.0,0.011427425821972734,0.012846621216755599,0.0,0.0,0.0,0.01304507158959799,0.0
0.014654472262438644,0.0,ssh,0.2,0.19999999999999996,0.6530612244897959,0.49238171611868486,0.3703568964142757,0.0,0.0,0.6182902131643745,0.36652688234445974,0.005724908820263441
0.7281330555457466,0.0,ssh,0.4,0.40000000000000013,0.6938775510204082,0.20008019246190858,0.003805458685006544,0.0,0.0,0.01595697217941079,0.003617744281400472,0.3615280293929009
0.009640170909989759,0.0,ssh,0.0,0.0,0.0,0.0,0.0,0.0,0.0,0.0,0.0,0.0
0.008015819767647163,0.0,ssh,0.0,0.40000000000000013,0.0,0.012830793905372895,0.015019562764900735,0.0,0.0,0.0,0.015251581120049141,0.0
0.014760408206504467,0.0,ssh,0.2,0.19999999999999996,0.6530612244897959,0.37048917401764236,0.27933492897697365,0.0,0.0,0.6146244830004793,0.27415546377854816,0.012504083344501456
0.012359193474345845,0.0,ssh,0.2,0.19999999999999996,0.6530612244897959,0.3991579791499599,0.3468371351771146,0.0,0.0,0.7100456580787138,0.34122638490482043,0.006382357199609436
0.08880963310851372,0.0,ssh,0.30000000000000004,0.19999999999999996,0.47959183673469385,0.11347233360064155,0.0174090141298529,0.0,0.0,0.08774129757335575,0.01632253904573612,0.071383143953898
0.13782266322963382,0.0,ssh,0.2,0.6000000000000001,0.31632653061224486,0.12249398556535686,0.011891621312561636,0.0,0.0,0.037745072700196065,0.01149224663835475,0.10412827624827692
0.008404251562555176,0.0,ssh,0.0,0.0,0.0,0.0,0.0,0.0,0.0,0.0,0.0,0.0
0.0067799004202125784,0.0,ssh,0.0,0.0,0.0,0.0,0.0,0.0,0.0,0.0,0.0,0.0
0.007945195804936614,0.0,ssh,0.0,0.0,0.0,0.0,0.0,0.0,0.0,0.0,0.0,0.0
0.3616300010593595,0.0,ssh,0.1,0.19999999999999996,0.49999999999999994,0.027465918203688853,0.0013312012350226183,0.0,0.0,0.02305250985800117,0.0009956522746121404,0.0
0.009392987040502843,0.0,ssh,0.0,0.0,0.0,0.0,0.0,0.0,0.0,0.0,0.0,0.0
0.005155549277869981,0.0,ssh,0.0,0.0,0.0,0.0,0.0,0.0,0.0,0.0,0.0,0.0
0.002754334545711361,0.0,ssh,0.0,0.0,0.0,0.0,0.0,0.0,0.0,0.0,0.0,0.0
0.005579293054133266,0.0,ssh,0.0,0.0,0.0,0.0,0.0,0.0,0.0,0.0,0.0,0.0
0.09633108513718704,0.0,ssh,0.30000000000000004,0.6000000000000001,0.4693877551020408,0.2734562951082598,0.037014706936428075,0.0,0.0,0.07937898161230778,0.036360276358480846,0.05637386144987748
0.03626540485186624,0.0,ssh,0.2,0.19999999999999996,0.3877551020408163,0.27485966319166,0.09341658611862774,0.0,0.0,0.16561095735576628,0.09230134785630269,0.028421124741537754
0.0022952787880928,0.0,ssh,0.0,0.0,0.0,0.0,0.0,0.0,0.0,0.0,0.0,0.0
0.4017797238603058,0.0,ssh,0.5,0.19999999999999996,0.4387755102040816,0.17461908580593424,0.0058928031569153855,0.0,0.0,0.01822368832261244,0.005702321619034096,0.1361245710244678
0.005084925315159434,0.0,ssh,0.0,0.0,0.0,0.0,0.0,0.0,0.0,0.0,0.0,0.0
0.46354037925067976,0.0,ssh,0.5,0.40000000000000013,0.3877551020408163,0.4117882919005613,0.011702603984442991,0.0,0.0,0.013973253879314874,0.011667524751986017,0.1987679368011947
0.26416893251880363,0.0,ssh,0.4,0.19999999999999996,0.3061224489795918,0.18644747393744987,0.009376062293795246,0.0,0.0,0.019260314463510134,0.009223375715212385,0.13306296008672844
3.531198135527406e-05,0.0,ssh,0.0,0.0,0.0,0.0,0.0,0.0,0.0,0.0,0.0,0.0
0.017620678696281648,0.0,ssh,0.1,0.40000000000000013,0.4081632653061224,0.44687249398556533,0.28574870703247063,0.0,0.0,0.3311328666673186,0.285047622292542,0.0
0.18778911684734628,0.0,ssh,0.4,0.19999999999999996,0.6530612244897959,0.3289895749799519,0.023315042364010427,0.0,0.0,0.057528681093381204,0.02278651978232256,0.08367692757792158
0.014548536318372824,0.0,ssh,0.2,0.19999999999999996,0.6530612244897959,0.5152365677626303,0.389433800511959,0.0,0.0,0.6219999814128911,0.38584117777051163,0.008960398438696586
0.09347081464740986,0.0,ssh,0.30000000000000004,0.19999999999999996,0.4693877551020408,0.06495589414595028,0.010000745749464609,0.0,0.0,0.08172988642486863,0.008892689557941267,0.06042916100283352
0.0032133903033299198,0.0,ssh,0.0,0.0,0.0,0.0,0.0,0.0,0.0,0.0,0.0,0.0
0.49514460256364984,0.0,ssh,0.2,0.6000000000000001,0.520408163265306,0.7574178027265437,0.020060704952651706,0.0,0.0,0.01756402818607494,0.02009927485194839,0.3049201608927477
0.003178078321974646,0.0,ssh,0.0,0.0,0.0,0.0,0.0,0.0,0.0,0.0,0.0,0.0
0.004484621632119778,0.0,ssh,0.0,0.0,0.0,0.0,0.0,0.0,0.0,0.0,0.0,0.0
0.0018009110491189668,0.0,ssh,0.0,0.0,0.0,0.0,0.0,0.0,0.0,0.0,0.0,0.0
0.008051131749002436,0.0,ssh,0.0,0.0,0.0,0.0,0.0,0.0,0.0,0.0,0.0,0.0
0.014124792542109537,0.0,ssh,0.0,0.40000000000000013,0.0,0.019647153167602245,0.01484547816793308,0.0,0.0,0.0,0.015074805432196763,0.0
0.6204668243935167,0.0,ssh,0.7000000000000001,0.19999999999999996,0.44897959183673464,0.3839214113873296,0.008200797212683015,0.0,0.0,0.012107861356933048,0.008140444702394202,0.19829229447465158
0.005826476923620184,0.0,ssh,0.0,0.0,0.0,0.0,0.0,0.0,0.0,0.0,0.0,0.0
0.16960344644938027,0.0,ssh,0.6000000000000001,0.19999999999999996,0.9999999999999999,0.09061748195669607,0.0083129035829329,0.0,0.0,0.09736632209042044,0.006937232018722741,0.057122399821948236
0.006462092588015113,0.0,ssh,0.0,0.0,0.0,0.0,0.0,0.0,0.0,0.0,0.0,0.0
0.18662382146262227,0.0,ssh,0.30000000000000004,0.40000000000000013,0.4387755102040816,0.22493985565356855,0.016028653161090638,0.0,0.0,0.03888945547849869,0.015675502532541106,0.07497267300218258
0.19124969102016312,0.0,ssh,0.1,0.19999999999999996,0.49999999999999994,0.06214915797914996,0.004821741926448877,0.0,0.0,0.04326113132442322,0.004227939155094504,0.0
0.23704933083795332,0.0,ssh,0.5,0.19999999999999996,0.7551020408163265,0.3350040096230954,0.018967518145781778,0.0,0.0,0.052873642951236845,0.018443745960355706,0.08669202129441722
0.11105618136233625,0.0,ssh,0.2,0.19999999999999996,0.31632653061224486,0.09202085004009623,0.011204131676764149,0.0,0.0,0.04659466247480794,0.010657428768109718,0.06706594197522592
0.010346410537095237,0.0,ssh,0.0,0.0,0.0,0.0,0.0,0.0,0.0,0.0,0.0,0.0
0.014018856598043717,0.0,ssh,0.0,0.40000000000000013,0.0,0.008420208500400962,0.0064016988066352655,0.0,0.0,0.0,0.006500593423637579,0.0
0.004731805501606696,0.0,ssh,0.0,0.0,0.0,0.0,0.0,0.0,0.0,0.0,0.0,0.0
0.4011441081959109,0.0,ssh,0.7000000000000001,0.19999999999999996,0.5306122448979591,0.13973536487570168,0.004836600733188228,0.0,0.0,0.022072616918533128,0.004570341297155609,0.13083342407432227
0.005614605035488541,0.0,ssh,0.0,0.40000000000000013,0.0,0.0136327185244587,0.020351656651978772,0.0,0.0,0.0,0.02066604664153813,0.0
0.006214908718528197,0.0,ssh,0.0,0.40000000000000013,0.0,0.020048115477145148,0.028001672643307496,0.0,0.0,0.0,0.028434233427079635,0.0
0.015184151982767754,0.0,ssh,0.0,0.40000000000000013,0.0,0.010625501202886928,0.007563694455858373,0.0,0.0,0.0,0.0076805364687693245,0.0
0.4902362371552668,0.0,ssh,0.5,0.19999999999999996,0.846938775510204,0.754410585404972,0.020350244695716474,0.0,0.0,0.02886893859043992,0.020218651034629134,0.20674085390660898
0.43416081076309193,0.0,ssh,0.1,0.19999999999999996,0.49999999999999994,0.03748997594226143,0.001408881006772422,0.0,0.0,0.019228728526954012,0.0011336036322810732,0.0
0.004166813799922314,0.0,ssh,0.0,0.0,0.0,0.0,0.0,0.0,0.0,0.0,0.0,0.0
0.005755852960909637,0.0,ssh,0.0,0.0,0.0,0.0,0.0,0.0,0.0,0.0,0.0,0.0
0.013206681026872417,0.0,ssh,0.0,0.40000000000000013,0.0,0.015236567762630313,0.012160728348249503,0.0,0.0,0.0,0.012348581347236593,0.0
0.01744411878950528,0.0,ssh,0.2,0.19999999999999996,0.6530612244897959,0.5916198877305533,0.3829589387151251,0.0,0.0,0.5343642537582557,0.3806200663462351,0.012138975508309082
0.12789999646880187,0.0,ssh,0.30000000000000004,0.40000000000000013,0.4387755102040816,0.09643143544506816,0.010441076507389721,0.0,0.0,0.05632161237945181,0.009732325751259867,0.07328234786625058
0.009993290723542497,0.0,ssh,0.0,0.40000000000000013,0.0,0.004611066559743384,0.0045829143297681655,0.0,0.0,0.0,0.004653710953779471,0.0
0.005826476923620184,0.0,ssh,0.0,0.0,0.0,0.0,0.0,0.0,0.0,0.0,0.0,0.0
0.0040608778558564925,0.0,ssh,0.0,0.0,0.0,0.0,0.0,0.0,0.0,0.0,0.0,0.0
0.07475546452911473,0.0,ssh,0.30000000000000004,0.19999999999999996,0.5408163265306122,0.17341619887730553,0.030776691562042924,0.0,0.0,0.11680127033777453,0.029447807799200088,0.037864494586651865
0.21882834845863203,0.0,ssh,0.4,0.19999999999999996,0.37755102040816324,0.12951082598235766,0.008033469306939125,0.0,0.0,0.02860732199669526,0.007715653458258774,0.11346028895121765
0.2454535824005085,0.0,ssh,0.1,0.19999999999999996,0.49999999999999994,0.05072173215717722,0.0031716381720586534,0.0,0.0,0.033827140981337385,0.0026980807618938504,0.0
0.08852713725767153,0.0,ssh,0.30000000000000004,0.19999999999999996,0.4897959183673469,0.3710906174819567,0.05409728564936741,0.0,0.0,0.08988440336868872,0.05354445636762287,0.06392670262004135
0.008157067693068258,0.0,ssh,0.0,0.40000000000000013,0.0,0.00040096230954290296,0.00046347649120914545,0.0,0.0,0.0,0.0004706352188979139,0.0
0.608107630919171,0.0,ssh,0.30000000000000004,0.6000000000000001,0.4387755102040816,0.45188452285485164,0.009810176008701554,0.0,0.0,0.0120719627251933,0.009775239322330287,0.4531961967759229
0.007380204103252233,0.0,ssh,0.0,0.40000000000000013,0.0,0.00801924619085806,0.009956147151923063,0.0,0.0,0.0,0.01010994997573822,0.0
0.01020516261167414,0.0,ssh,0.0,0.0,0.0,0.0,0.0,0.0,0.0,0.0,0.0,0.0
0.5827536283060843,0.0,ssh,0.1,0.8,0.21428571428571427,0.2417802726543705,0.005467139002259366,0.0,0.0,0.006150753722448179,0.005456575882325527,0.0
0.007627387972739151,0.0,ssh,0.0,0.0,0.0,0.0,0.0,0.0,0.0,0.0,0.0,0.0
0.13436208905681696,0.0,ssh,0.2,0.19999999999999996,0.08163265306122448,0.25801924619085803,0.024590829860068775,0.0,0.0,0.009985893842218407,0.024816446920842103,0.13681118615025273
0.14054168579398987,0.0,ssh,0.5,0.19999999999999996,0.6632653061224489,0.09703287890938252,0.009976528112211816,0.0,0.0,0.07764485295319092,0.008931201424330458,0.06008402116997243
0.003637134079593206,0.0,ssh,0.0,0.0,0.0,0.0,0.0,0.0,0.0,0.0,0.0,0.0
0.008792683357463188,0.0,ssh,0.0,0.0,0.0,0.0,0.0,0.0,0.0,0.0,0.0,0.0
0.2233129700907518,0.0,ssh,0.30000000000000004,0.19999999999999996,0.09183673469387754,0.32858861267040895,0.018999911822961797,0.0,0.0,0.006820679288366419,0.019188052546535213,0.15892331927745446
0.40827712842967623,0.0,ssh,0.5,0.19999999999999996,0.29591836734693877,0.345028067361668,0.011104525924522346,0.0,0.0,0.012096320341652927,0.011089204938624826,0.19892820433355032
0.022352484197888343,0.0,ssh,0.2,0.19999999999999996,0.6530612244897959,0.7608259823576584,0.3956647782823562,0.0,0.0,0.43134532461018854,0.3951135934114872,0.0039700429095190694
0.1785726897136198,0.0,ssh,0.6000000000000001,0.19999999999999996,0.9999999999999999,0.20549318364073776,0.016135496113231854,0.0,0.0,0.09255954996843532,0.014954915044833587,0.06900373573671313
0.008969243264239557,0.0,ssh,0.0,0.0,0.0,0.0,0.0,0.0,0.0,0.0,0.0,0.0
0.007874571842226067,0.0,ssh,0.0,0.0,0.0,0.0,0.0,0.0,0.0,0.0,0.0,0.0
0.37649634520992975,0.0,ssh,0.1,0.40000000000000013,0.1020408163265306,0.17341619887730553,0.0060170996626444685,0.0,0.0,0.00452037271648105,0.006040224470123875,0.0
0.018397542286097673,0.0,ssh,0.2,0.19999999999999996,0.6530612244897959,0.6942662389735365,0.42813037652245844,0.0,0.0,0.5106732220443353,0.42685527674400775,0.005199458665186093
0.003460574172816837,0.0,ssh,0.0,0.0,0.0,0.0,0.0,0.0,0.0,0.0,0.0,0.0
0.005473357110067446,0.0,ssh,0.0,0.0,0.0,0.0,0.0,0.0,0.0,0.0,0.0,0.0
0.6447967795473004,0.0,ssh,0.9,0.19999999999999996,0.6326530612244897,0.13031275060144346,0.0028686589709579964,0.0,0.0,0.016420374314000532,0.0026593164848120036,0.15724765230127125
0.6024577139023272,0.0,ssh,0.30000000000000004,0.40000000000000013,0.47959183673469385,0.7365677626303128,0.01604016319198276,0.0,0.0,0.013318027922332368,0.016082213101446814,0.5058689476757544
0.08665560224584201,0.0,ssh,0.2,0.40000000000000013,0.3877551020408163,0.2862870890136327,0.042633043537811804,0.0,0.0,0.07264212654018645,0.04216946716345808,0.044335249463930165
0.21812210883152652,0.0,ssh,0.1,0.40000000000000013,0.07142857142857142,0.43765036086607856,0.025841098649229493,0.0,0.0,0.005429440267440554,0.026156408961820813,0.0
0.3070023659027508,0.0,ssh,0.1,0.19999999999999996,0.49999999999999994,0.07578187650360865,0.0035943675275726225,0.0,0.0,0.027113367939776308,0.0032310511002510314,0.0
0.007521452028673329,0.0,ssh,0.0,0.0,0.0,0.0,0.0,0.0,0.0,0.0,0.0,0.0
0.012641689325188036,0.0,ssh,0.2,0.19999999999999996,0.6530612244897959,0.8283881315156375,0.6954861650759315,0.0,0.0,0.6973094188108708,0.695458003672966,0.0076051169541660295
0.005579293054133266,0.0,ssh,0.0,0.0,0.0,0.0,0.0,0.0,0.0,0.0,0.0,0.0
0.003460574172816837,0.0,ssh,0.0,0.0,0.0,0.0,0.0,0.0,0.0,0.0,0.0,0.0
0.05766446555316219,0.0,ssh,0.1,0.40000000000000013,0.061224489795918366,0.19466720128307938,0.04196638580121406,0.0,0.0,0.016941481524990882,0.042352965045370644,0.0
0.4925315159433596,0.0,ssh,0.1,0.19999999999999996,0.49999999999999994,0.09001603849238171,0.0026228529098186047,0.0,0.0,0.01696419910243702,0.0024013114704099234,0.0
0.017408806808150004,0.0,ssh,0.1,0.40000000000000013,0.24489795918367346,0.3430232558139535,0.22075534012207815,0.0,0.0,0.20073148169689126,0.22106466636866504,0.0
0.006956460326988946,0.0,ssh,0.0,0.0,0.0,0.0,0.0,0.0,0.0,0.0,0.0,0.0
0.10032133903033298,0.0,ssh,0.4,0.19999999999999996,0.5918367346938775,0.15437048917401763,0.020897714103429357,0.0,0.0,0.0962252193901448,0.019734076927852374,0.06111480390373718
0.08298315618489353,0.0,ssh,0.4,0.19999999999999996,0.7959183673469387,0.13833199679230151,0.023287098936411045,0.0,0.0,0.15546810570573824,0.021245200630013714,0.045834495017422275
0.011723577809950916,0.0,ssh,0.0,0.40000000000000013,0.0,0.019847634322373697,0.01742504094229614,0.0,0.0,0.0,0.01769421756932626,0.0
0.004308061725343409,0.0,ssh,0.0,0.0,0.0,0.0,0.0,0.0,0.0,0.0,0.0,0.0
0.0067799004202125784,0.0,ssh,0.0,0.0,0.0,0.0,0.0,0.0,0.0,0.0,0.0,0.0
0.0027896465270666345,0.0,ssh,0.0,0.0,0.0,0.0,0.0,0.0,0.0,0.0,0.0,0.0
0.25880151135280205,0.0,ssh,0.1,0.19999999999999996,0.49999999999999994,0.06395348837209303,0.0036678114305355365,0.0,0.0,0.03210321700941558,0.0032285523282267053,0.0
0.07210706592746918,0.0,ssh,0.1,0.40000000000000013,0.17346938775510204,0.09883720930232558,0.01770020977973837,0.0,0.0,0.03878376407540705,0.017374518314658537,0.0
0.0010240474593029418,0.0,ssh,0.0,0.0,0.0,0.0,0.0,0.0,0.0,0.0,0.0,0.0
0.005261485221935803,0.0,ssh,0.0,0.0,0.0,0.0,0.0,0.0,0.0,0.0,0.0,0.0
0.007592075991383876,0.0,ssh,0.0,0.0,0.0,0.0,0.0,0.0,0.0,0.0,0.0,0.0
0.1030050496133338,0.0,ssh,0.30000000000000004,0.19999999999999996,0.47959183673469385,0.23215717722534082,0.029643563395564673,0.0,0.0,0.07600353835380051,0.02892740920233067,0.08306711821775922
0.18538790211518769,0.0,ssh,0.30000000000000004,0.19999999999999996,0.47959183673469385,0.19566960705693665,0.014167229083590412,0.0,0.0,0.04278582372143925,0.013725137308672192,0.12842133414381987
0.18086796850171263,0.0,ssh,0.1,0.19999999999999996,0.49999999999999994,0.0942261427425822,0.007364061582228429,0.0,0.0,0.04570235976709745,0.006771823257007309,0.0
0.22843320738726652,0.0,ssh,0.30000000000000004,0.19999999999999996,0.16326530612244897,0.33400160384923816,0.018963067896201134,0.0,0.0,0.011857542809725771,0.019072835979469883,0.1972858921494486
0.45043963416787314,0.0,ssh,0.1,0.19999999999999996,0.49999999999999994,0.03889334402566159,0.001398598121113498,0.0,0.0,0.018538575813202715,0.0011338269547526425,0.0
0.5147074402344716,0.0,ssh,0.4,0.40000000000000013,0.5408163265306122,0.5633520449077787,0.014433002128313381,0.0,0.0,0.01756317779547535,0.014384650792054011,0.15323258790109512
0.12747625269253857,0.0,ssh,0.4,0.19999999999999996,0.5918367346938775,0.38933440256615875,0.03998075392727872,0.0,0.0,0.07621516412872655,0.039421012170949905,0.07132189378637617
0.00579116494226491,0.0,ssh,0.0,0.0,0.0,0.0,0.0,0.0,0.0,0.0,0.0,0.0
0.23563685158374237,0.0,ssh,0.4,0.19999999999999996,0.5816326530612245,0.2566158781074579,0.014618685465467126,0.0,0.0,0.04096793158826298,0.014211650004634927,0.12542792852083015
0.6783784738161658,0.0,ssh,1.0,0.19999999999999996,0.6428571428571428,0.142542101042502,0.0029647902758527856,0.0,0.0,0.015863004018156324,0.002765541976572379,0.14854362208512023
0.004343373706698683,0.0,ssh,0.0,0.0,0.0,0.0,0.0,0.0,0.0,0.0,0.0,0.0
0.01733818284543946,0.0,ssh,0.2,0.19999999999999996,0.6530612244897959,0.7836808340016038,0.5072567972609409,0.0,0.0,0.5371329433239569,0.5067952810306544,0.01049097954797825
0.437903880786751,0.0,ssh,0.30000000000000004,0.40000000000000013,0.3877551020408163,0.6132718524458701,0.018331642534190333,0.0,0.0,0.014785498386292723,0.01838642339822049,0.21885911354629348
0.005543981072777994,0.0,ssh,0.0,0.40000000000000013,0.0,0.0136327185244587,0.02051779437469528,0.0,0.0,0.0,0.020834749878874067,0.0
0.005296797203291076,0.0,ssh,0.0,0.0,0.0,0.0,0.0,0.0,0.0,0.0,0.0,0.0
0.0026130866202902646,0.0,ssh,0.0,0.0,0.0,0.0,0.0,0.0,0.0,0.0,0.0,0.0
0.6660899043045305,0.0,ssh,0.6000000000000001,0.40000000000000013,0.44897959183673464,0.4432638331996792,0.00879634705772562,0.0,0.0,0.011282375053475902,0.008757941657910731,0.25706029708799205
0.0027190225643560864,0.0,ssh,0.0,0.0,0.0,0.0,0.0,0.0,0.0,0.0,0.0,0.0
0.007909883823581342,0.0,ssh,0.0,0.40000000000000013,0.0,0.013833199679230152,0.016348664546632818,0.0,0.0,0.0,0.0166012182786932,0.0
0.19029626752357076,0.0,ssh,0.30000000000000004,0.40000000000000013,0.5102040816326531,0.10605453087409783,0.007814904391488544,0.0,0.0,0.04436165824466139,0.007250340445490029,0.12583357065591974
0.008051131749002436,0.0,ssh,0.0,0.0,0.0,0.0,0.0,0.0,0.0,0.0,0.0,0.0
0.8550090045552455,0.0,ssh,0.9,0.40000000000000013,0.6122448979591836,0.37289494787489974,0.005840701231592526,0.0,0.0,0.011997978743029152,0.005745585187087271,0.19087713530498548
0.004166813799922314,0.0,ssh,0.0,0.0,0.0,0.0,0.0,0.0,0.0,0.0,0.0,0.0
0.0024718386948691692,0.0,ssh,0.0,0.0,0.0,0.0,0.0,0.0,0.0,0.0,0.0,0.0
0.864084183763551,0.0,ssh,0.9,0.19999999999999996,0.5612244897959183,0.47714514835605454,0.00732982718719861,0.0,0.0,0.01088305592478368,0.007274939697232324,0.2069458437835044
0.007097708252410042,0.0,ssh,0.0,0.0,0.0,0.0,0.0,0.0,0.0,0.0,0.0,0.0
0.004943677389738338,0.0,ssh,0.0,0.0,0.0,0.0,0.0,0.0,0.0,0.0,0.0,0.0
0.4814435537978036,0.0,ssh,0.5,0.19999999999999996,0.846938775510204,0.4623095429029671,0.012870240066274121,0.0,0.0,0.02939277919978609,0.012615002240829879,0.22520654543670546
0.07941664606801088,0.0,ssh,0.4,0.19999999999999996,0.5918367346938775,0.08139534883720931,0.01467732970122,0.0,0.0,0.12060063331017637,0.013041056476758302,0.03390222947618318
0.04519933613475052,0.0,ssh,0.30000000000000004,0.19999999999999996,0.4591836734693877,0.297514033680834,0.08262458303674859,0.0,0.0,0.15984786026235884,0.08143165483228501,0.029469407523165875
0.015643207740386314,0.0,ssh,0.2,0.19999999999999996,0.6530612244897959,0.7560144346431436,0.5338985268579807,0.0,0.0,0.5856873916777009,0.5330985076275974,0.007290639598330526
0.003178078321974646,0.0,ssh,0.0,0.0,0.0,0.0,0.0,0.0,0.0,0.0,0.0,0.0
0.012747625269253859,0.0,ssh,0.0,0.40000000000000013,0.0,0.006014434643143544,0.004939266956071867,0.0,0.0,0.0,0.00501557123908821,0.0
0.0004237437762632866,0.0,ssh,0.0,0.0,0.0,0.0,0.0,0.0,0.0,0.0,0.0,0.0
0.0047671174829619686,0.0,ssh,0.0,0.0,0.0,0.0,0.0,0.0,0.0,0.0,0.0,0.0
0.16345916169356262,0.0,ssh,0.5,0.19999999999999996,0.8673469387755102,0.17301523656776263,0.014856973413942876,0.0,0.0,0.08756557043016948,0.01373378870862123,0.06232096104878236
0.004625869557540874,0.0,ssh,0.0,0.0,0.0,0.0,0.0,0.0,0.0,0.0,0.0,0.0
0.6224089833680567,0.0,ssh,0.8,0.19999999999999996,0.5510204081632653,0.1475541299117883,0.0032968439480508907,0.0,0.0,0.01481350053389344,0.003118937589544863,0.15512094776669477
0.011335146015042903,0.0,ssh,0.0,0.40000000000000013,0.0,0.015036086607858861,0.013555822452251334,0.0,0.0,0.0,0.01376522838396748,0.0
0.18164483209152865,0.0,ssh,0.4,0.19999999999999996,0.5816326530612245,0.08440256615878107,0.006753800779269749,0.0,0.0,0.05294045935549018,0.006040318303095123,0.09385986141158677
0.1105618136233624,0.0,ssh,0.2,0.19999999999999996,0.31632653061224486,0.2367682437850842,0.02783360549344722,0.0,0.0,0.046797359148438286,0.027540662041887858,0.08120919646959718
0.18245700766269995,0.0,ssh,0.5,0.19999999999999996,0.7551020408163265,0.26383319967923013,0.019553746122516757,0.0,0.0,0.06842886631452802,0.018798734857179977,0.07957892491671772
0.2633567569476324,0.0,ssh,0.1,0.19999999999999996,0.49999999999999994,0.02826784282277466,0.0018613353682062576,0.0,0.0,0.03155441136175294,0.001402645280761307,0.0
0.7025318690631732,0.0,ssh,0.30000000000000004,0.6000000000000001,0.32653061224489793,0.16800320769847635,0.003218447109508193,0.0,0.0,0.007781620665900788,0.0031479573125626375,0.5638695657116327
0.0008474875525265727,0.0,ssh,0.0,0.0,0.0,0.0,0.0,0.0,0.0,0.0,0.0,0.0
0.01514884000141248,0.0,ssh,0.0,0.40000000000000013,0.0,0.019647153167602245,0.014012749240589303,0.0,0.0,0.0,0.014229216475182209,0.0
0.28630954482856036,0.0,ssh,0.2,0.19999999999999996,0.2857142857142857,0.603448275862069,0.0274014581678905,0.0,0.0,0.01660108231641297,0.02756830054356887,0.4414659296504059
0.6902079875701826,0.0,ssh,0.6000000000000001,0.19999999999999996,0.4693877551020408,0.5649558941459503,0.010783309571070456,0.0,0.0,0.01138490786291193,0.010774017173214688,0.2377648490149717
0.007380204103252233,0.0,ssh,0.0,0.0,0.0,0.0,0.0,0.0,0.0,0.0,0.0,0.0
0.3982485257247784,0.0,ssh,0.1,0.6000000000000001,0.3061224489795918,0.3297914995990377,0.01089418879608714,0.0,0.0,0.012826076960470747,0.010864349236305129,0.0
0.07228362583424555,0.0,ssh,0.30000000000000004,0.40000000000000013,0.7346938775510203,0.2550120288692863,0.046536023306651936,0.0,0.0,0.1638758568216785,0.04472338670164583,0.06102565836077501
0.40280377131960876,0.0,ssh,0.30000000000000004,0.6000000000000001,0.6224489795918366,0.2804731355252606,0.009389265193713893,0.0,0.0,0.025787001573161866,0.009135959980868321,0.21324586101432075
0.009887354779476677,0.0,ssh,0.0,0.0,0.0,0.0,0.0,0.0,0.0,0.0,0.0,0.0
0.8025354002613088,0.0,ssh,1.0,0.19999999999999996,0.6428571428571428,0.19165998396150763,0.0033017303516602,0.0,0.0,0.013418374013083743,0.003145451033900611,0.1640651923150559
0.5934531586567322,0.0,ssh,0.7000000000000001,0.40000000000000013,0.36734693877551017,0.10044105854049719,0.0023497909181080744,0.0,0.0,0.010355024104625256,0.002226130943068756,0.18769870780843165
0.008792683357463188,0.0,ssh,0.0,0.40000000000000013,0.0,0.00020048115477145148,0.00021936329909627702,0.0,0.0,0.0,0.0002227491521151848,0.0
0.4632225714184823,0.0,ssh,0.1,0.19999999999999996,0.49999999999999994,0.09883720930232558,0.0030340057024699743,0.0,0.0,0.018030406687763238,0.0028023413912362993,0.0
0.013771672728556799,0.0,ssh,0.2,0.19999999999999996,0.6530612244897959,0.3740978348035285,0.29848141073089124,0.0,0.0,0.6506275912996051,0.29304154681033284,0.011393952103116863
0.01698506303188672,0.0,ssh,0.2,0.19999999999999996,0.6530612244897959,0.8600641539695268,0.5656711576633829,0.0,0.0,0.5465729471434255,0.5659661819234416,0.0038604058575202943
0.007556764010028602,0.0,ssh,0.0,0.40000000000000013,0.0,0.014434643143544507,0.017624363333397203,0.0,0.0,0.0,0.017896619979956094,0.0
0.006179596737172922,0.0,ssh,0.0,0.0,0.0,0.0,0.0,0.0,0.0,0.0,0.0,0.0
0.0866909142271973,0.0,ssh,0.6000000000000001,0.19999999999999996,0.9999999999999999,0.1682036888532478,0.027238366130933497,0.0,0.0,0.18726651842738723,0.024766296012699352,0.028794010376780522
0.006815212401567853,0.0,ssh,0.0,0.40000000000000013,0.0,0.007217321571772253,0.009470744680221918,0.0,0.0,0.0,0.009617044439444378,0.0
0.008863307320173736,0.0,ssh,0.0,0.0,0.0,0.0,0.0,0.0,0.0,0.0,0.0,0.0
0.010417034499805784,0.0,ssh,0.0,0.40000000000000013,0.0,0.013231756214915798,0.012738935526321703,0.0,0.0,0.0,0.012935720521565353,0.0
0.11236272467248137,0.0,ssh,0.6000000000000001,0.19999999999999996,0.9999999999999999,0.23315958299919806,0.028507241694503638,0.0,0.0,0.1456326702574612,0.02669791903889125,0.029041254642747743
0.0045905575761855996,0.0,ssh,0.0,0.40000000000000013,0.0,0.0016038492381716118,0.002712818918782738,0.0,0.0,0.0,0.002754729603295507,0.0
0.00946361100321339,0.0,ssh,0.0,0.0,0.0,0.0,0.0,0.0,0.0,0.0,0.0,0.0
0.07846322257141848,0.0,ssh,0.2,0.19999999999999996,0.14285714285714285,0.3053327987169206,0.049186937923128546,0.0,0.0,0.029450727244929437,0.04949181503108358,0.07228447120539133
0.0046611815388961485,0.0,ssh,0.0,0.0,0.0,0.0,0.0,0.0,0.0,0.0,0.0,0.0
0.2981037466012218,0.0,ssh,0.0,0.8,0.0,0.2698476343223737,0.01166497645891896,0.0,0.0,0.0,0.011845174963130423,0.0
0.4872347187400685,0.0,ssh,0.1,0.19999999999999996,0.49999999999999994,0.03187650360866079,0.0011073211543752251,0.0,0.0,0.01714745827664822,0.0008595391048499502,0.0
0.18005579293054133,0.0,ssh,0.6000000000000001,0.19999999999999996,0.9999999999999999,0.09041700080192462,0.00782427061444315,0.0,0.0,0.09181005213926992,0.006526881668862333,0.06009015366537755
0.16773191143755076,0.0,ssh,0.6000000000000001,0.19999999999999996,0.9999999999999999,0.13833199679230151,0.012040601179336835,0.0,0.0,0.09843295487104646,0.010706035185545736,0.060901886654732736
0.006956460326988946,0.0,ssh,0.0,0.0,0.0,0.0,0.0,0.0,0.0,0.0,0.0,0.0
0.0021187188813164303,0.0,ssh,0.0,0.0,0.0,0.0,0.0,0.0,0.0,0.0,0.0,0.0
0.008474875525265723,0.0,ssh,0.0,0.0,0.0,0.0,0.0,0.0,0.0,0.0,0.0,0.0
0.0073095801405416855,0.0,ssh,0.0,0.0,0.0,0.0,0.0,0.0,0.0,0.0,0.0,0.0
0.3054133267417635,0.0,ssh,0.1,0.19999999999999996,0.49999999999999994,0.09121892542101043,0.004264381432458754,0.0,0.0,0.027253014224665785,0.003909259864824241,0.0
0.0944948621067128,0.0,ssh,0.2,0.19999999999999996,0.336734693877551,0.3668805132317562,0.04982676849074265,0.0,0.0,0.05801710900847311,0.049700242456797245,0.030150264086192372
0.005614605035488541,0.0,ssh,0.0,0.40000000000000013,0.0,0.005012028869286287,0.0074822297542326745,0.0,0.0,0.0,0.007597811444657934,0.0
0.003637134079593206,0.0,ssh,0.0,0.0,0.0,0.0,0.0,0.0,0.0,0.0,0.0,0.0
0.015219463964123029,0.0,ssh,0.2,0.19999999999999996,0.6530612244897959,0.9508821170809943,0.6846910349914401,0.0,0.0,0.599229254554282,0.6860112257281585,0.01117086388612345
0.002648398601645539,0.0,ssh,0.0,0.0,0.0,0.0,0.0,0.0,0.0,0.0,0.0,0.0
0.11804795367068047,0.0,ssh,0.4,0.40000000000000013,0.5306122448979591,0.20850040096230954,0.023528262544499537,0.0,0.0,0.07364832084605603,0.02275401697941207,0.05637550675352275
0.2116953282248667,0.0,ssh,0.1,0.19999999999999996,0.49999999999999994,0.09943865276663993,0.006623183736345569,0.0,0.0,0.03914341855684706,0.006120815732469093,0.0
0.007203644196475864,0.0,ssh,0.0,0.0,0.0,0.0,0.0,0.0,0.0,0.0,0.0,0.0
0.19365090575232177,0.0,ssh,0.5,0.19999999999999996,0.7551020408163265,0.26583801122694467,0.018573974147982713,0.0,0.0,0.06453583889180013,0.017863965167632185,0.06584325700719866
0.011652953847240367,0.0,ssh,0.0,0.40000000000000013,0.0,0.015437048917401764,0.01361765283014583,0.0,0.0,0.0,0.013828016716677874,0.0
0.33309792012429823,0.0,ssh,0.30000000000000004,0.19999999999999996,0.5306122448979591,0.4603047313552526,0.01823070614253904,0.0,0.0,0.026540022449096985,0.018102342201108675,0.28488858901152553
0.09103428793389597,0.0,ssh,0.4,0.19999999999999996,0.336734693877551,0.07457898957497995,0.011230079145249285,0.0,0.0,0.060149827890053964,0.010474378469470007,0.0376934577940726
0.006638652494791484,0.0,ssh,0.0,0.0,0.0,0.0,0.0,0.0,0.0,0.0,0.0,0.0
0.0035665101168826587,0.0,ssh,0.0,0.0,0.0,0.0,0.0,0.0,0.0,0.0,0.0,0.0
0.003884317949080123,0.0,ssh,0.0,0.0,0.0,0.0,0.0,0.0,0.0,0.0,0.0,0.0
0.009145803171015925,0.0,ssh,0.0,0.0,0.0,0.0,0.0,0.0,0.0,0.0,0.0,0.0
0.4335958190614076,0.0,ssh,0.1,0.19999999999999996,0.49999999999999994,0.027666399358460304,0.0011178036359455737,0.0,0.0,0.019253632823084798,0.0008376450576687262,0.0
0.21889897242134257,0.0,ssh,0.1,0.19999999999999996,0.49999999999999994,0.07277465918203689,0.004844421935939589,0.0,0.0,0.03787329945417679,0.004334196550065104,0.0
0.07337829725625905,0.0,ssh,0.2,0.19999999999999996,0.336734693877551,0.21431435445068164,0.037610663365734695,0.0,0.0,0.07403482337356876,0.03704799509469001,0.06826918244562721
0.009887354779476677,0.0,ssh,0.0,0.0,0.0,0.0,0.0,0.0,0.0,0.0,0.0,0.0
0.010169850630318868,0.0,ssh,0.0,0.40000000000000013,0.0,0.014635124298315958,0.014352343202774542,0.0,0.0,0.0,0.014574057336166039,0.0
0.004449309650764505,0.0,ssh,0.0,0.0,0.0,0.0,0.0,0.0,0.0,0.0,0.0,0.0
0.009428299021858115,0.0,ssh,0.0,0.0,0.0,0.0,0.0,0.0,0.0,0.0,0.0,0.0
0.37762632861329853,0.0,ssh,0.5,0.19999999999999996,0.36734693877551017,0.5836006415396953,0.02020545634308118,0.0,0.0,0.016224966702652364,0.02026694686493032,0.17409242059465463
0.3475405204986052,0.0,ssh,0.1,0.19999999999999996,0.49999999999999994,0.07097032878909382,0.0030001557143806753,0.0,0.0,0.02397876744750949,0.0026760825601145413,0.0
0.006214908718528197,0.0,ssh,0.0,0.0,0.0,0.0,0.0,0.0,0.0,0.0,0.0,0.0
0.008474875525265723,0.0,ssh,0.0,0.40000000000000013,0.0,0.01643945469125902,0.018481102909641185,0.0,0.0,0.0,0.018766594249538502,0.0
0.33814753345810233,0.0,ssh,0.30000000000000004,0.19999999999999996,0.5306122448979591,0.18544506816359263,0.007473528850982816,0.0,0.0,0.02614732421864441,0.007185058032403872,0.223370461355108
0.006638652494791484,0.0,ssh,0.0,0.0,0.0,0.0,0.0,0.0,0.0,0.0,0.0,0.0
0.006285532681238744,0.0,ssh,0.0,0.0,0.0,0.0,0.0,0.0,0.0,0.0,0.0,0.0
0.008051131749002436,0.0,ssh,0.0,0.0,0.0,0.0,0.0,0.0,0.0,0.0,0.0,0.0
0.006073660793107101,0.0,ssh,0.0,0.40000000000000013,0.0,0.019847634322373697,0.028148139080086985,0.0,0.0,0.0,0.02858296619314493,0.0
0.6565556693386067,0.0,ssh,0.30000000000000004,0.6000000000000001,0.6224489795918366,0.6884522854851644,0.01383040728684162,0.0,0.0,0.01586755968208269,0.013798936940558502,0.40781378632830456
0.5298209682545288,0.0,ssh,0.6000000000000001,0.19999999999999996,0.31632653061224486,0.4454691259021652,0.011035761436816154,0.0,0.0,0.009981459662663412,0.011052047082010739,0.1765676303559121
0.0047671174829619686,0.0,ssh,0.0,0.0,0.0,0.0,0.0,0.0,0.0,0.0,0.0,0.0
0.18531727815247714,0.0,ssh,0.30000000000000004,0.40000000000000013,0.44897959183673464,0.3883319967923015,0.02744457827719927,0.0,0.0,0.040069797630726746,0.027249545248591894,0.12400481565419667
0.021187188813164306,0.0,ssh,0.2,0.19999999999999996,0.6530612244897959,0.6471531676022454,0.3537197122814587,0.0,0.0,0.45203484196067756,0.3522009663007582,0.013225548992954512
0.005932412867686006,0.0,ssh,0.0,0.0,0.0,0.0,0.0,0.0,0.0,0.0,0.0,0.0
0.0076626999540944235,0.0,ssh,0.0,0.0,0.0,0.0,0.0,0.0,0.0,0.0,0.0,0.0
0.10102757865743846,0.0,ssh,0.4,0.40000000000000013,0.5918367346938775,0.08560545308740979,0.012157793549107454,0.0,0.0,0.09557266608933243,0.01086922479749116,0.05797175043555675
0.2320703414668597,0.0,ssh,0.4,0.19999999999999996,0.6122448979591836,0.2640336808340016,0.015284374792272402,0.0,0.0,0.043778168808972694,0.01484420715203671,0.1203814083081253
0.6571912850030016,0.0,ssh,0.7000000000000001,0.19999999999999996,0.4387755102040816,0.27405773857257415,0.005574277652047138,0.0,0.0,0.011174557673885288,0.005487765961968261,0.2180327223971895
0.12309756700448463,0.0,ssh,0.5,0.40000000000000013,0.6632653061224489,0.08239775461106656,0.009845556232111771,0.0,0.0,0.08837696454654774,0.008632423168932117,0.05229799560135549
0.5044316536600869,0.0,ssh,0.4,0.19999999999999996,0.7755102040816326,0.5447072975140337,0.014365191265517325,0.0,0.0,0.02569485567747794,0.014190172575846044,0.2957063856926789
0.8315618489353438,0.0,ssh,0.7000000000000001,0.40000000000000013,0.4387755102040816,0.3317963111467522,0.005310470996673756,0.0,0.0,0.008840113993645031,0.005255948791511698,0.2595197268915607
0.005720540979554363,0.0,ssh,0.0,0.0,0.0,0.0,0.0,0.0,0.0,0.0,0.0,0.0
0.006568028532080935,0.0,ssh,0.0,0.0,0.0,0.0,0.0,0.0,0.0,0.0,0.0,0.0
0.01514884000141248,0.0,ssh,0.0,0.40000000000000013,0.0,0.01222935044105854,0.008722223050175632,0.0,0.0,0.0,0.008856961715808995,0.0
0.012465129418411667,0.0,ssh,0.0,0.40000000000000013,0.0,0.011226944667201283,0.00938722487995267,0.0,0.0,0.0,0.009532238200030714,0.0
0.003919629930435398,0.0,ssh,0.0,0.0,0.0,0.0,0.0,0.0,0.0,0.0,0.0,0.0
0.31752533634662244,0.0,ssh,0.2,0.40000000000000013,0.36734693877551017,0.456495589414595,0.018831186745837936,0.0,0.0,0.01926626719770725,0.018824464796225807,0.4305098526765202
0.008157067693068258,0.0,ssh,0.0,0.40000000000000013,0.0,0.009021651964715317,0.010428206267323445,0.0,0.0,0.0,0.010589300401005619,0.0
0.009251739115081746,0.0,ssh,0.0,0.40000000000000013,0.0,0.01603849238171612,0.016897006262403036,0.0,0.0,0.0,0.017158028760055285,0.0
0.00533210918464635,0.0,ssh,0.0,0.40000000000000013,0.0,0.012429831595829992,0.01917704210568896,0.0,0.0,0.0,0.01947328601253395,0.0
0.5767152794943325,0.0,ssh,0.6000000000000001,0.40000000000000013,0.3061224489795918,0.3400160384923817,0.00777061627647588,0.0,0.0,0.008878260086255118,0.007753506617189805,0.18439037611043038
0.002577774638934991,0.0,ssh,0.0,0.0,0.0,0.0,0.0,0.0,0.0,0.0,0.0,0.0
0.0027190225643560864,0.0,ssh,0.0,0.0,0.0,0.0,0.0,0.0,0.0,0.0,0.0,0.0
0.3362053744835623,0.0,ssh,0.1,0.19999999999999996,0.49999999999999994,0.09883720930232558,0.004169743400679064,0.0,0.0,0.02477983539232132,0.0038513602299158523,0.0
0.09294113492708077,0.0,ssh,0.30000000000000004,0.19999999999999996,0.47959183673469385,0.2395749799518845,0.0337551874238135,0.0,0.0,0.0839671426080131,0.03297952976587952,0.07060192386850973
0.01624351142342597,0.0,ssh,0.0,0.40000000000000013,0.0,0.010425020048115477,0.007014724382589228,0.0,0.0,0.0,0.007123086984873046,0.0
0.009887354779476677,0.0,ssh,0.0,0.0,0.0,0.0,0.0,0.0,0.0,0.0,0.0,0.0
0.06903492354956037,0.0,ssh,0.2,0.19999999999999996,0.4591836734693877,0.1810344827586207,0.03430266422396755,0.0,0.0,0.10703471652806414,0.033179118125701644,0.08001433209048094
0.22998693456689853,0.0,ssh,0.4,0.19999999999999996,0.3061224489795918,0.4123897353648757,0.02337225246617751,0.0,0.0,0.022084704613484413,0.0233921431136574,0.07981023965193752
0.7853384653412903,0.0,ssh,1.0,0.19999999999999996,0.6428571428571428,0.5862068965517241,0.009889474725066242,0.0,0.0,0.01371109060589905,0.009830441259315306,0.16229858491920662
0.009569546947279212,0.0,ssh,0.0,0.0,0.0,0.0,0.0,0.0,0.0,0.0,0.0,0.0
0.29863342632155093,0.0,ssh,0.4,0.19999999999999996,0.32653061224489793,0.1327185244587009,0.006003926332490477,0.0,0.0,0.018197751409325006,0.005815557372076387,0.15151332037831217
0.006250220699883471,0.0,ssh,0.0,0.40000000000000013,0.0,0.01643945469125902,0.02287472639096764,0.0,0.0,0.0,0.023228086485057652,0.0
0.3012112009604859,0.0,ssh,0.1,0.19999999999999996,0.49999999999999994,0.08079390537289495,0.0038772171113840986,0.0,0.0,0.027629312064983445,0.0035102980226841642,0.0
0.2726438080440694,0.0,ssh,0.30000000000000004,0.19999999999999996,0.11224489795918366,0.18083400160384924,0.00864297608089909,0.0,0.0,0.006845036904826045,0.008670748307708524,0.2147228201820723
0.06698682863095448,0.0,ssh,0.30000000000000004,0.19999999999999996,0.26530612244897955,0.28207698476343224,0.05336709727340748,0.0,0.0,0.063649245949544,0.05320825846162066,0.03444316044283198
0.00974610685405558,0.0,ssh,0.2,0.19999999999999996,0.6530612244897959,0.3191659983961508,0.3363154514912742,0.0,0.0,0.8543955748588822,0.3283122863148197,0.004707213729131567
0.0160669515166496,0.0,ssh,0.2,0.19999999999999996,0.6530612244897959,0.8011226944667201,0.5527313251559923,0.0,0.0,0.5727440215566728,0.5524221779058066,0.008499040339255628
0.39828383770613374,0.0,ssh,0.30000000000000004,0.19999999999999996,0.5612244897959183,0.33740978348035283,0.011302946437801418,0.0,0.0,0.023512388945821187,0.011114340914962656,0.23082705226202332
0.12571065362477488,0.0,ssh,0.4,0.40000000000000013,0.7959183673469387,0.22554129911788293,0.024378031048726004,0.0,0.0,0.10390108791076827,0.02314958206799298,0.06771149929640834
0.008051131749002436,0.0,ssh,0.0,0.0,0.0,0.0,0.0,0.0,0.0,0.0,0.0,0.0
0.5004767117482962,0.0,ssh,0.1,0.19999999999999996,0.49999999999999994,0.06275060144346431,0.0018764898725921635,0.0,0.0,0.01669656903230956,0.0016475549656960592,0.0
0.5576114975811293,0.0,ssh,0.30000000000000004,0.19999999999999996,0.5306122448979591,0.7123095429029671,0.01678301481965637,0.0,0.0,0.01591329854790338,0.016796450911990002,0.4375872010931996
0.03633602881457678,0.0,ssh,0.1,0.40000000000000013,0.336734693877551,0.06916599839615076,0.025016494014724795,0.0,0.0,0.14356257656932142,0.023185228275440267,0.0
0.014266040467530631,0.0,ssh,0.2,0.19999999999999996,0.6530612244897959,0.6359262229350441,0.4862182867231047,0.0,0.0,0.6321137982981618,0.4839645283856857,0.008720184106486445
0.642678060665984,0.0,ssh,0.4,0.40000000000000013,0.6326530612244897,0.7273456295108259,0.014915854207812993,0.0,0.0,0.016474252632702996,0.01489177671514044,0.25886512040032933
0.002577774638934991,0.0,ssh,0.0,0.0,0.0,0.0,0.0,0.0,0.0,0.0,0.0,0.0
0.0014831032169215015,0.0,ssh,0.0,0.0,0.0,0.0,0.0,0.0,0.0,0.0,0.0,0.0
0.010699530350647975,0.0,ssh,0.0,0.0,0.0,0.0,0.0,0.0,0.0,0.0,0.0,0.0
0.0025424626575797173,0.0,ssh,0.0,0.0,0.0,0.0,0.0,0.0,0.0,0.0,0.0,0.0
0.1493343691514531,0.0,ssh,0.4,0.40000000000000013,0.5408163265306122,0.10785886126704089,0.010120296307966495,0.0,0.0,0.059658788060977616,0.00935504026380772,0.08623687047691073
0.17867862565768564,0.0,ssh,0.1,0.40000000000000013,0.1530612244897959,0.5922213311948676,0.04263433721501547,0.0,0.0,0.014159003483139152,0.043074218747174015,0.0
0.009957978742187224,0.0,ssh,0.0,0.0,0.0,0.0,0.0,0.0,0.0,0.0,0.0,0.0
0.3995197570535683,0.0,ssh,0.6000000000000001,0.40000000000000013,0.3877551020408163,0.22914995990376905,0.00765696488602275,0.0,0.0,0.016195081547295414,0.007525072125346723,0.13860673593295297
0.19382746565909814,0.0,ssh,0.1,0.19999999999999996,0.49999999999999994,0.023255813953488372,0.0021871128578562484,0.0,0.0,0.04269489266946903,0.0015613590599782164,0.0
0.008827995338818461,0.0,ssh,0.0,0.40000000000000013,0.0,0.014234161988773055,0.015528502769267599,0.0,0.0,0.0,0.01576838122247121,0.0
0.009957978742187224,0.0,ssh,0.0,0.40000000000000013,0.0,0.0016038492381716118,0.0015983640586843915,0.0,0.0,0.0,0.0016230570535627118,0.0
0.04632931953811928,0.0,ssh,0.30000000000000004,0.19999999999999996,0.7346938775510203,0.1327185244587009,0.03875751190301306,0.0,0.0,0.2499107241725897,0.03549567214984295,0.02774954170814826
0.6065539037395389,0.0,ssh,0.5,0.6000000000000001,0.2346938775510204,0.5713712910986367,0.012301465643127004,0.0,0.0,0.006473537697177487,0.012391495856636726,0.30357228327462094
0.009498922984568663,0.0,ssh,0.0,0.40000000000000013,0.0,0.0024057738572574178,0.002484850818171732,0.0,0.0,0.0,0.0025232399099086,0.0
0.0038490059677248494,0.0,ssh,0.0,0.0,0.0,0.0,0.0,0.0,0.0,0.0,0.0,0.0
0.5219110844309475,0.0,ssh,0.30000000000000004,0.40000000000000013,0.5612244897959183,0.3648757016840417,0.009322592766857072,0.0,0.0,0.017975920947203926,0.009188916494851382,0.19875544745079646
0.23316501288887317,0.0,ssh,0.1,0.19999999999999996,0.49999999999999994,0.06796311146752206,0.0042867509594205835,0.0,0.0,0.03558653838969914,0.003803243620589748,0.0
0.009075179208305377,0.0,ssh,0.0,0.0,0.0,0.0,0.0,0.0,0.0,0.0,0.0,0.0
0.009004555245594832,0.0,ssh,0.0,0.0,0.0,0.0,0.0,0.0,0.0,0.0,0.0,0.0
0.21296655955365654,0.0,ssh,0.5,0.19999999999999996,0.7551020408163265,0.13492381716118684,0.009024603463542016,0.0,0.0,0.058766728322009874,0.008256197055725356,0.08349474759247205
0.008792683357463188,0.0,ssh,0.0,0.0,0.0,0.0,0.0,0.0,0.0,0.0,0.0,0.0
0.6558847416928564,0.0,ssh,0.4,0.6000000000000001,0.32653061224489793,0.5362870890136328,0.010723038998261533,0.0,0.0,0.008332430805691033,0.010759970377418911,0.3267196115408179
0.005649917016843815,0.0,ssh,0.0,0.0,0.0,0.0,0.0,0.0,0.0,0.0,0.0,0.0
0.09202302341184364,0.0,ssh,0.2,0.19999999999999996,0.3061224489795918,0.37249398556535684,0.05180745482153937,0.0,0.0,0.054113330218879,0.051771837064529036,0.11899808187509574
0.3500123591934744,0.0,ssh,0.1,0.19999999999999996,0.49999999999999994,0.02305533279871692,0.0012123603508724615,0.0,0.0,0.02381093678846224,0.0008632633354787711,0.0
0.4866697270383841,0.0,ssh,0.4,0.19999999999999996,0.7448979591836734,0.7770649558941459,0.021047403644556286,0.0,0.0,0.025575679509164263,0.020977452938206985,0.24559148366901518
0.39997881281118686,0.0,ssh,0.30000000000000004,0.40000000000000013,0.673469387755102,0.7923015236567763,0.02602087542589332,0.0,0.0,0.028096237246342907,0.025988814830205022,0.19540516050984075
0.15618489353437623,0.0,ssh,0.5,0.40000000000000013,0.6632653061224489,0.11688051323175622,0.010619160415027022,0.0,0.0,0.07001982564198567,0.009701551351679761,0.0637849073604304
0.010770154313358524,0.0,ssh,0.0,0.40000000000000013,0.0,0.01603849238171612,0.015048223259293007,0.0,0.0,0.0,0.015280687169400465,0.0
0.46763656908789153,0.0,ssh,0.1,0.19999999999999996,0.49999999999999994,0.08640737770649559,0.002661744542781654,0.0,0.0,0.017861300442816606,0.0024269456998250805,0.0
0.0067799004202125784,0.0,ssh,0.0,0.0,0.0,0.0,0.0,0.0,0.0,0.0,0.0,0.0
0.4812669938910273,0.0,ssh,0.1,0.19999999999999996,0.49999999999999994,0.09763432237369687,0.0028886407394239006,0.0,0.0,0.017358719598460137,0.0026651106707865488,0.0
0.002401214732158622,0.0,ssh,0.0,0.0,0.0,0.0,0.0,0.0,0.0,0.0,0.0,0.0
0.0030015184151982763,0.0,ssh,0.0,0.0,0.0,0.0,0.0,0.0,0.0,0.0,0.0,0.0
0.42501500759207606,0.0,ssh,0.2,0.40000000000000013,0.25510204081632654,0.4591018444266239,0.01411539328614945,0.0,0.0,0.010020152434944665,0.01417865457862539,0.09053589932895544
0.08171192485610368,0.0,ssh,0.30000000000000004,0.19999999999999996,0.4591836734693877,0.21992782678428227,0.03514640788864547,0.0,0.0,0.0910374115373586,0.03428302080759368,0.07274575451830297
0.013842296691267348,0.0,ssh,0.2,0.19999999999999996,0.6530612244897959,0.42080994386527665,0.33312187994628234,0.0,0.0,0.6479166675524901,0.32825901076873437,0.011140650128273855
0.007945195804936614,0.0,ssh,0.0,0.40000000000000013,0.0,0.014234161988773055,0.01676879915529827,0.0,0.0,0.0,0.017027836450778825,0.0
0.4576079663829938,0.0,ssh,0.4,0.19999999999999996,0.6326530612244897,0.5699679230152366,0.016459750760002088,0.0,0.0,0.02309199227869632,0.01635730134659425,0.2544813584105529
0.43649140153254,0.0,ssh,0.2,0.40000000000000013,0.4591836734693877,0.3983560545308741,0.012066386014116368,0.0,0.0,0.01756542525634569,0.011981435450657472,0.109159240862881
0.13980013418552914,0.0,ssh,0.30000000000000004,0.40000000000000013,0.26530612244897955,0.29991980753809144,0.027801566653443067,0.0,0.0,0.031219114496772553,0.027748777003807255,0.10627382698824477
0.00014124792542109582,0.0,ssh,0.0,0.0,0.0,0.0,0.0,0.0,0.0,0.0,0.0,0.0
0.4761820685758678,0.0,ssh,0.2,0.6000000000000001,0.2857142857142857,0.4264234161988773,0.011737060152707725,0.0,0.0,0.010024525872313972,0.011763514943242695,0.297645301252106
0.25957837494261804,0.0,ssh,0.2,0.19999999999999996,0.31632653061224486,0.7379711307137129,0.03688767522746837,0.0,0.0,0.02025010837924481,0.03714468809490133,0.360323741911089
0.18408135880504256,0.0,ssh,0.1,0.19999999999999996,0.49999999999999994,0.02044907778668805,0.002105751650406844,0.0,0.0,0.044917813696791896,0.00144440095296653,0.0
0.2803065079981638,0.0,ssh,0.30000000000000004,0.19999999999999996,0.32653061224489793,0.3797113071371291,0.017739648453347544,0.0,0.0,0.019374509772597658,0.017714392596474227,0.1463473660782662
0.1805148486881599,0.0,ssh,0.6000000000000001,0.19999999999999996,0.9999999999999999,0.19246190858059342,0.01504077167859984,0.0,0.0,0.09158050741956687,0.013858408277735289,0.06297265086536989
0.4619160281083372,0.0,ssh,0.7000000000000001,0.19999999999999996,0.4693877551020408,0.4657177225340818,0.013298425043367016,0.0,0.0,0.016974039336517966,0.013241643219394495,0.12154673200815592
0.00402556587450122,0.0,ssh,0.0,0.0,0.0,0.0,0.0,0.0,0.0,0.0,0.0,0.0
0.007733323916804971,0.0,ssh,0.0,0.0,0.0,0.0,0.0,0.0,0.0,0.0,0.0,0.0
0.016490695292912888,0.0,ssh,0.1,0.40000000000000013,0.4081632653061224,0.5437048917401764,0.3665585270803453,0.0,0.0,0.3502252289874101,0.3668108368670604,0.0
0.6083901267700131,0.0,ssh,0.30000000000000004,0.40000000000000013,0.5918367346938775,0.31355252606255013,0.006924144801008494,0.0,0.0,0.016275564943327842,0.006779685521668154,0.310998735210216
0.004802429464317243,0.0,ssh,0.0,0.0,0.0,0.0,0.0,0.0,0.0,0.0,0.0,0.0
0.002577774638934991,0.0,ssh,0.0,0.0,0.0,0.0,0.0,0.0,0.0,0.0,0.0,0.0
0.2675235707475547,0.0,ssh,0.5,0.19999999999999996,0.3877551020408163,0.30072173215717724,0.014835040041009715,0.0,0.0,0.02409399537375365,0.014692010072672953,0.11677617408868128
0.005296797203291076,0.0,ssh,0.0,0.0,0.0,0.0,0.0,0.0,0.0,0.0,0.0,0.0
0.006709276457502031,0.0,ssh,0.0,0.0,0.0,0.0,0.0,0.0,0.0,0.0,0.0,0.0
0.005720540979554363,0.0,ssh,0.0,0.40000000000000013,0.0,0.014434643143544507,0.021290230551906646,0.0,0.0,0.0,0.021619116575468354,0.0
0.07510858434266746,0.0,ssh,0.2,0.19999999999999996,0.26530612244897955,0.15216519647153168,0.026198944548648292,0.0,0.0,0.05704007095173225,0.02572251967279321,0.022772124248544957
0.005614605035488541,0.0,ssh,0.0,0.0,0.0,0.0,0.0,0.0,0.0,0.0,0.0,0.0
0.6335322574949681,0.0,ssh,0.4,0.40000000000000013,0.6326530612244897,0.7173215717722534,0.01492510954415014,0.0,0.0,0.016710904188131183,0.014897525861288785,0.32087115537410016
0.2001836223030474,0.0,ssh,0.1,0.19999999999999996,0.49999999999999994,0.048115477145148355,0.0037109906793736224,0.0,0.0,0.04135996165467302,0.0031293952741904187,0.0
0.0017655990677636932,0.0,ssh,0.0,0.0,0.0,0.0,0.0,0.0,0.0,0.0,0.0,0.0
0.01567851972174159,0.0,ssh,0.2,0.19999999999999996,0.6530612244897959,0.42121090617481954,0.3008390080668683,0.0,0.0,0.5845864395621629,0.29645574861050283,0.01177693391981927
0.012994809138740774,0.0,ssh,0.2,0.19999999999999996,0.6530612244897959,0.479149959903769,0.39783005386901443,0.0,0.0,0.6820175128225235,0.393440002611259,0.007639668330716802
0.003954941911790671,0.0,ssh,0.0,0.0,0.0,0.0,0.0,0.0,0.0,0.0,0.0,0.0
0.4121261343974011,0.0,ssh,0.2,0.40000000000000013,0.17346938775510204,0.6024458700882117,0.01899817459928829,0.0,0.0,0.007025198227567318,0.019183132883852698,0.3150544086958187
0.41286768600586177,0.0,ssh,0.1,0.19999999999999996,0.49999999999999994,0.053728949478749,0.0019893059171937773,0.0,0.0,0.020212994903791363,0.001707791979918228,0.0
0.007733323916804971,0.0,ssh,0.0,0.0,0.0,0.0,0.0,0.0,0.0,0.0,0.0,0.0
0.01726755888272891,0.0,ssh,0.2,0.19999999999999996,0.6530612244897959,0.6086607858861267,0.3971675506843508,0.0,0.0,0.5389948127995691,0.3949766385599729,0.009733392005858477
0.0014831032169215015,0.0,ssh,0.0,0.0,0.0,0.0,0.0,0.0,0.0,0.0,0.0,0.0
0.37261202726084963,0.0,ssh,0.6000000000000001,0.19999999999999996,0.3571428571428571,0.45148356054530875,0.015889579165475003,0.0,0.0,0.015984792100454455,0.015888109278794124,0.1018942530441109
0.12027260849606272,0.0,ssh,0.30000000000000004,0.19999999999999996,0.4387755102040816,0.20148356054530875,0.022173095015223694,0.0,0.0,0.059803415205093254,0.021591788660922175,0.06546528588796141
0.008686747413397367,0.0,ssh,0.0,0.0,0.0,0.0,0.0,0.0,0.0,0.0,0.0,0.0
0.0024365267135138956,0.0,ssh,0.0,0.0,0.0,0.0,0.0,0.0,0.0,0.0,0.0,0.0
0.003919629930435398,0.0,ssh,0.0,0.0,0.0,0.0,0.0,0.0,0.0,0.0,0.0,0.0
0.5461351036406653,0.0,ssh,0.7000000000000001,0.19999999999999996,0.5408163265306122,0.23275862068965517,0.005769852075478125,0.0,0.0,0.016558259075505146,0.005603192714889184,0.17436090423495176
0.642289628871076,0.0,ssh,0.7000000000000001,0.19999999999999996,0.3469387755102041,0.3644747393744988,0.007490723669129945,0.0,0.0,0.009039712815805456,0.007466798096883056,0.20285831123640682
0.007627387972739151,0.0,ssh,0.0,0.0,0.0,0.0,0.0,0.0,0.0,0.0,0.0,0.0
0.002330590769448074,0.0,ssh,0.0,0.0,0.0,0.0,0.0,0.0,0.0,0.0,0.0,0.0
0.5571877538048661,0.0,ssh,0.4,0.6000000000000001,0.2346938775510204,0.5517241379310345,0.012928736453203717,0.0,0.0,0.007043906820758252,0.013019642854389866,0.2522637134563103
0.3054839507044741,0.0,ssh,0.4,0.40000000000000013,0.1530612244897959,0.5176423416198878,0.021968383534514184,0.0,0.0,0.008340813227315542,0.02217889780870014,0.16004100395830145
0.014760408206504467,0.0,ssh,0.2,0.19999999999999996,0.6530612244897959,0.6226944667201283,0.4631232877627776,0.0,0.0,0.6146244830004793,0.4607829389528704,0.014481962685709912
0.004308061725343409,0.0,ssh,0.0,0.0,0.0,0.0,0.0,0.0,0.0,0.0,0.0,0.0
0.20590416328260178,0.0,ssh,0.30000000000000004,0.40000000000000013,0.4183673469387755,0.18584603047313553,0.01208967959622368,0.0,0.0,0.03366016071288973,0.011756467148772279,0.14766757268054068
0.3977541579858046,0.0,ssh,0.1,0.19999999999999996,0.49999999999999994,0.046311146752205296,0.0018233677903886907,0.0,0.0,0.020975127107579206,0.0015275135072491737,0.0
0.2419576962463364,0.0,ssh,0.1,0.40000000000000013,0.1530612244897959,0.19145950280673615,0.010332378052516375,0.0,0.0,0.010502992068953557,0.010329739635940253,0.0
0.08104099721035347,0.0,ssh,0.1,0.40000000000000013,0.14285714285714285,0.32999198075380914,0.051495811679394675,0.0,0.0,0.028548584303138006,0.0518502964417675,0.0
0.008827995338818461,0.0,ssh,0.0,0.0,0.0,0.0,0.0,0.0,0.0,0.0,0.0,0.0
0.19591087255905928,0.0,ssh,0.1,0.19999999999999996,0.49999999999999994,0.0755813953488372,0.005587613615906734,0.0,0.0,0.04224795166719988,0.005021295988664032,0.0
0.008757371376107914,0.0,ssh,0.0,0.0,0.0,0.0,0.0,0.0,0.0,0.0,0.0,0.0
0.6255517497086762,0.0,ssh,0.4,0.19999999999999996,0.7755102040816326,0.6140737770649559,0.013034248765935442,0.0,0.0,0.02074436754416245,0.01291514388930045,0.3069571963786568
0.0076626999540944235,0.0,ssh,0.0,0.0,0.0,0.0,0.0,0.0,0.0,0.0,0.0,0.0
0.03425262191461563,0.0,ssh,0.2,0.19999999999999996,0.4591836734693877,0.24979951884522855,0.0902045482556086,0.0,0.0,0.20668421589400682,0.08840520396419946,0.028487011673878085
0.014124792542109537,0.0,ssh,0.0,0.40000000000000013,0.0,0.019647153167602245,0.01484547816793308,0.0,0.0,0.0,0.015074805432196763,0.0
0.09972103534729333,0.0,ssh,0.30000000000000004,0.40000000000000013,0.5408163265306122,0.0611467522052927,0.009088237597080493,0.0,0.0,0.08844329501331559,0.007862378198739365,0.044106028751531634
0.5358946290476359,0.0,ssh,0.2,0.40000000000000013,0.36734693877551017,0.2269446672012831,0.00565668858614181,0.0,0.0,0.011460774852832313,0.0055670294877703235,0.26847982618414
0.00826300363713408,0.0,ssh,0.0,0.40000000000000013,0.0,0.012429831595829992,0.01423389411800607,0.0,0.0,0.0,0.014453774726983048,0.0
0.006391468625304566,0.0,ssh,0.0,0.0,0.0,0.0,0.0,0.0,0.0,0.0,0.0,0.0
0.005049613333804159,0.0,ssh,0.0,0.0,0.0,0.0,0.0,0.0,0.0,0.0,0.0,0.0
0.4611038525371659,0.0,ssh,0.1,0.19999999999999996,0.49999999999999994,0.07177225340817964,0.002288699784329964,0.0,0.0,0.018112712349366213,0.0020442535565696413,0.0
0.01507821603870193,0.0,ssh,0.2,0.19999999999999996,0.6530612244897959,0.5613472333600642,0.4111058506499789,0.0,0.0,0.6038835030480125,0.40812787464989997,0.008291507720362997
0.018256294360676578,0.0,ssh,0.2,0.19999999999999996,0.6530612244897959,0.495990376904571,0.31011595990197977,0.0,0.0,0.5140495764356279,0.3069656475512387,0.00908005688562567
0.19241498640488716,0.0,ssh,0.30000000000000004,0.40000000000000013,0.47959183673469385,0.07257417802726543,0.005460552337182369,0.0,0.0,0.041248074548641524,0.004907716806946974,0.07522096427956043
0.1394470143719764,0.0,ssh,0.4,0.40000000000000013,0.5408163265306122,0.17281475541299118,0.016755226633321435,0.0,0.0,0.06379660649201546,0.016028540641893137,0.07776849261468066
0.23390656449733394,0.0,ssh,0.1,0.19999999999999996,0.49999999999999994,0.048115477145148355,0.0031829781768040097,0.0,0.0,0.03547519796333881,0.002684137182366443,0.0
0.05978318443447861,0.0,ssh,0.30000000000000004,0.19999999999999996,0.2040816326530612,0.1595829991980754,0.03386991811067655,0.0,0.0,0.054569078838072445,0.03355016090557668,0.017436180167330374
0.29157103005049617,0.0,ssh,0.1,0.19999999999999996,0.49999999999999994,0.028067361668003207,0.0016742622521137057,0.0,0.0,0.028533155787974055,0.0012593520120392431,0.0
0.3525195098696988,0.0,ssh,0.4,0.19999999999999996,0.21428571428571427,0.481355252606255,0.017778266565987532,0.0,0.0,0.01013276844720438,0.017896373199241714,0.16574549605605762
0.7232600021187189,0.0,ssh,0.30000000000000004,0.6000000000000001,0.5918367346938775,0.7409783480352847,0.013491116414744098,0.0,0.0,0.013701675567117896,0.013487862812607864,0.5192361423552612
0.7635156608637311,0.0,ssh,0.9,0.40000000000000013,0.5612244897959183,0.107457898957498,0.0020124072958308285,0.0,0.0,0.012310740257120456,0.0018533203500154117,0.1660943004288559
0.019492213708111165,0.0,ssh,0.2,0.19999999999999996,0.6530612244897959,0.7870890136327185,0.46087250380917705,0.0,0.0,0.4859374854788212,0.460485306398051,0.009984076452174914
0.07913415021716869,0.0,ssh,0.4,0.40000000000000013,0.6020408163265306,0.21832397754611066,0.036438480932587794,0.0,0.0,0.12310138909482177,0.0350997354826959,0.019361335005360702
0.6425368127405628,0.0,ssh,0.4,0.40000000000000013,0.6938775510204082,0.7718524458700882,0.01584094429505799,0.0,0.0,0.01807250102244284,0.015806472717149207,0.3710561323757467
0.007380204103252233,0.0,ssh,0.0,0.40000000000000013,0.0,0.006214915797914996,0.007716015706039635,0.0,0.0,0.0,0.00783521073857402,0.0
0.005543981072777994,0.0,ssh,0.0,0.0,0.0,0.0,0.0,0.0,0.0,0.0,0.0,0.0
0.005720540979554363,0.0,ssh,0.0,0.0,0.0,0.0,0.0,0.0,0.0,0.0,0.0,0.0
0.0009887354779476681,0.0,ssh,0.0,0.0,0.0,0.0,0.0,0.0,0.0,0.0,0.0,0.0
0.17744270631025108,0.0,ssh,0.4,0.40000000000000013,0.6122448979591836,0.25801924619085803,0.01947509794097449,0.0,0.0,0.05702373130378302,0.018895057217154867,0.10480561784442488
0.003107454359264098,0.0,ssh,0.0,0.0,0.0,0.0,0.0,0.0,0.0,0.0,0.0,0.0
0.00854549948797627,0.0,ssh,0.0,0.0,0.0,0.0,0.0,0.0,0.0,0.0,0.0,0.0
0.009216427133726472,0.0,ssh,0.0,0.0,0.0,0.0,0.0,0.0,0.0,0.0,0.0,0.0
0.008404251562555176,0.0,ssh,0.0,0.0,0.0,0.0,0.0,0.0,0.0,0.0,0.0,0.0
0.008439563543910449,0.0,ssh,0.0,0.0,0.0,0.0,0.0,0.0,0.0,0.0,0.0,0.0
0.013065433101451323,0.0,ssh,0.0,0.40000000000000013,0.0,0.018644747393744988,0.015010854469209713,0.0,0.0,0.0,0.015242735485849621,0.0
0.003884317949080123,0.0,ssh,0.0,0.0,0.0,0.0,0.0,0.0,0.0,0.0,0.0,0.0
0.4764998764080653,0.0,ssh,0.5,0.19999999999999996,0.846938775510204,0.24558941459502806,0.007119209145999175,0.0,0.0,0.02969576122198213,0.006770454233956805,0.17636787553606983
0.22052332356368518,0.0,ssh,0.1,0.19999999999999996,0.49999999999999994,0.07337610264635125,0.004844251909792819,0.0,0.0,0.037598198095210096,0.004338274530995528,0.0
0.011758889791306189,0.0,ssh,0.0,0.40000000000000013,0.0,0.01884522854851644,0.016505687389394293,0.0,0.0,0.0,0.016760663955085846,0.0
0.11063243758607295,0.0,ssh,0.30000000000000004,0.19999999999999996,0.44897959183673464,0.3001202886928629,0.0353671313969159,0.0,0.0,0.06638076129760614,0.03488803703960455,0.09735889875938124
0.007733323916804971,0.0,ssh,0.0,0.0,0.0,0.0,0.0,0.0,0.0,0.0,0.0,0.0
0.3511776545781984,0.0,ssh,0.1,0.40000000000000013,0.1020408163265306,0.1631916599839615,0.006071338003463684,0.0,0.0,0.004843399659953096,0.006090305003538193,0.0
0.008015819767647163,0.0,ssh,0.0,0.0,0.0,0.0,0.0,0.0,0.0,0.0,0.0,0.0
0.314241322080582,0.0,ssh,0.1,0.6000000000000001,0.21428571428571427,0.24318364073777066,0.010150516607444341,0.0,0.0,0.0113549619653693,0.010131914397647879,0.0
0.006497404569370388,0.0,ssh,0.0,0.0,0.0,0.0,0.0,0.0,0.0,0.0,0.0,0.0
0.0019068469931847877,0.0,ssh,0.0,0.0,0.0,0.0,0.0,0.0,0.0,0.0,0.0,0.0
0.014619160281083373,0.0,ssh,0.2,0.19999999999999996,0.6530612244897959,0.7925020048115478,0.591542550536502,0.0,0.0,0.6195218824635063,0.591110334866388,0.004958870400329301
0.0016243511423425978,0.0,ssh,0.0,0.0,0.0,0.0,0.0,0.0,0.0,0.0,0.0,0.0
0.006815212401567853,0.0,ssh,0.0,0.0,0.0,0.0,0.0,0.0,0.0,0.0,0.0,0.0
1.0,0.0,ssh,1.0,0.19999999999999996,0.6428571428571428,0.5296712109061749,0.00703930424945905,0.0,0.0,0.010776939326392242,0.006981567159307564,0.21370684518111505
0.010099226667608319,0.0,ssh,0.0,0.0,0.0,0.0,0.0,0.0,0.0,0.0,0.0,0.0
0.1334792895229351,0.0,ssh,0.5,0.19999999999999996,0.8673469387755102,0.06836407377706495,0.008141620721166344,0.0,0.0,0.10678561282457055,0.006617795496374509,0.05812207135951142
0.009534234965923937,0.0,ssh,0.0,0.40000000000000013,0.0,0.006014434643143544,0.006194784378458923,0.0,0.0,0.0,0.006290478881100896,0.0
0.006815212401567853,0.0,ssh,0.0,0.0,0.0,0.0,0.0,0.0,0.0,0.0,0.0,0.0
0.3129347787704368,0.0,ssh,0.30000000000000004,0.19999999999999996,0.22448979591836732,0.12309542902967122,0.005253179577653868,0.0,0.0,0.011944829330554903,0.00514980493443631,0.18055913699934908
0.0031427663406193725,0.0,ssh,0.0,0.0,0.0,0.0,0.0,0.0,0.0,0.0,0.0,0.0
0.0038490059677248494,0.0,ssh,0.0,0.0,0.0,0.0,0.0,0.0,0.0,0.0,0.0,0.0
0.0026837105830008127,0.0,ssh,0.0,0.0,0.0,0.0,0.0,0.0,0.0,0.0,0.0,0.0
0.02009251739115082,0.0,ssh,0.2,0.19999999999999996,0.6530612244897959,0.5074178027265437,0.2919845490291536,0.0,0.0,0.47336373155768535,0.2891826489778367,0.007775106735334662
0.0029662064338430026,0.0,ssh,0.0,0.0,0.0,0.0,0.0,0.0,0.0,0.0,0.0,0.0
0.010593594406582153,0.0,ssh,0.0,0.0,0.0,0.0,0.0,0.0,0.0,0.0,0.0,0.0
0.5885801052297045,0.0,ssh,0.6000000000000001,0.40000000000000013,0.49999999999999994,0.231355252606255,0.005307417918473082,0.0,0.0,0.014210391372228539,0.005169885190283315,0.19717692817621382
0.009957978742187224,0.0,ssh,0.0,0.0,0.0,0.0,0.0,0.0,0.0,0.0,0.0,0.0
0.40358063490942475,0.0,ssh,0.1,0.19999999999999996,0.49999999999999994,0.06555733761026464,0.002413439836528878,0.0,0.0,0.020674574772810556,0.0021313455671628997,0.0
0.002154030862671705,0.0,ssh,0.0,0.0,0.0,0.0,0.0,0.0,0.0,0.0,0.0,0.0
0.19668773614887533,0.0,ssh,0.6000000000000001,0.19999999999999996,0.9999999999999999,0.18604651162790697,0.013405171893773103,0.0,0.0,0.0841673488520304,0.012312053109859578,0.06343303673992956
0.2952081641300894,0.0,ssh,0.4,0.19999999999999996,0.2857142857142857,0.39113873295910184,0.017317281327450605,0.0,0.0,0.01610591201871005,0.01733599706497222,0.1297867118098101
0.19651117624209893,0.0,ssh,0.1,0.19999999999999996,0.49999999999999994,0.03428227746591821,0.0028769458975026795,0.0,0.0,0.04212087901474717,0.002270714741027385,0.0
0.25837776757653874,0.0,ssh,0.4,0.19999999999999996,0.31632653061224486,0.5976343223736968,0.030068917067691815,0.0,0.0,0.020343104665528317,0.030219158924352604,0.1517274342117859
0.05003707758042303,0.0,ssh,0.0,0.6000000000000001,0.0,0.22333600641539694,0.05471879774777747,0.0,0.0,0.0,0.05556408252255884,0.0
0.01726755888272891,0.0,ssh,0.2,0.19999999999999996,0.6530612244897959,0.6908580593424218,0.4496961603187478,0.0,0.0,0.5389948127995691,0.44831669856632694,0.013783905220937358
0.5285144249443836,0.0,ssh,0.7000000000000001,0.19999999999999996,0.4693877551020408,0.15396952686447474,0.003996974658238573,0.0,0.0,0.014847637642248328,0.0038293573364879805,0.16056637932684947
0.008051131749002436,0.0,ssh,0.0,0.40000000000000013,0.0,0.011026463512429831,0.012866588200339176,0.0,0.0,0.0,0.01306535077134404,0.0
0.3237049330837954,0.0,ssh,0.30000000000000004,0.19999999999999996,0.1530612244897959,0.13331996792301523,0.005431507435849577,0.0,0.0,0.007875831795897995,0.005393748139767209,0.22193598093601624
0.00946361100321339,0.0,ssh,0.0,0.40000000000000013,0.0,0.005012028869286287,0.005191319629994717,0.0,0.0,0.0,0.005271515681441691,0.0
0.007274268159186411,0.0,ssh,0.0,0.40000000000000013,0.0,0.007016840417000802,0.0088005237869832,0.0,0.0,0.0,0.008936473898984864,0.0
0.005014301352448887,0.0,ssh,0.0,0.40000000000000013,0.0,0.012429831595829992,0.01992744880823203,0.0,0.0,0.0,0.020235283867112496,0.0
0.005190861259225254,0.0,ssh,0.0,0.0,0.0,0.0,0.0,0.0,0.0,0.0,0.0,0.0
0.008757371376107914,0.0,ssh,0.0,0.0,0.0,0.0,0.0,0.0,0.0,0.0,0.0,0.0
0.02853208093506127,0.0,ssh,0.2,0.19999999999999996,0.3877551020408163,0.26122694466720126,0.11063910374279887,0.0,0.0,0.20608954989615214,0.10916460878215076,0.022838385113531937
0.01193544969808256,0.0,ssh,0.2,0.19999999999999996,0.6530612244897959,0.36708099438652764,0.3288421591984086,0.0,0.0,0.7300469057232076,0.32264445112770823,0.007798140986368511
0.010169850630318868,0.0,ssh,0.2,0.19999999999999996,0.6530612244897959,0.6928628708901363,0.692058319678016,0.0,0.0,0.8271276180565379,0.6899718056599473,0.007344934618624598
0.14979342490907166,0.0,ssh,0.1,0.6000000000000001,0.17346938775510204,0.12530072173215717,0.010960617272385552,0.0,0.0,0.019078391617383998,0.010835215975392148,0.0
0.11614110667749566,0.0,ssh,0.4,0.19999999999999996,0.6530612244897959,0.278869286287089,0.03185076151606312,0.0,0.0,0.09209359666204682,0.030920145642696194,0.06041824216955124
0.006497404569370388,0.0,ssh,0.0,0.0,0.0,0.0,0.0,0.0,0.0,0.0,0.0,0.0
0.07447296867827254,0.0,ssh,0.2,0.19999999999999996,0.14285714285714285,0.15757818765036086,0.02691831039074433,0.0,0.0,0.030965515871538292,0.026855791136356066,0.05098803475359933
0.0044139976694092305,0.0,ssh,0.0,0.0,0.0,0.0,0.0,0.0,0.0,0.0,0.0,0.0
0.5732547053215156,0.0,ssh,0.30000000000000004,0.6000000000000001,0.6224489795918366,0.37209302325581395,0.008682333437655463,0.0,0.0,0.0181608809026143,0.00853591408134444,0.3638202365168862
0.0021187188813164303,0.0,ssh,0.0,0.0,0.0,0.0,0.0,0.0,0.0,0.0,0.0,0.0
0.20110173381828456,0.0,ssh,0.5,0.19999999999999996,0.7551020408163265,0.20529270248596632,0.014035798872138206,0.0,0.0,0.06218116806372681,0.013292057798186456,0.08800168299605605
0.00533210918464635,0.0,ssh,0.0,0.0,0.0,0.0,0.0,0.0,0.0,0.0,0.0,0.0
0.002577774638934991,0.0,ssh,0.0,0.0,0.0,0.0,0.0,0.0,0.0,0.0,0.0,0.0
0.008298315618489354,0.0,ssh,0.0,0.0,0.0,0.0,0.0,0.0,0.0,0.0,0.0,0.0
0.02026907729792719,0.0,ssh,0.2,0.19999999999999996,0.6530612244897959,0.3606655974338412,0.2080380348786019,0.0,0.0,0.4697885072504606,0.20399458068425225,0.00985589234090213
0.007592075991383876,0.0,ssh,0.0,0.0,0.0,0.0,0.0,0.0,0.0,0.0,0.0,0.0
0.44966277057805715,0.0,ssh,0.4,0.19999999999999996,0.7755102040816326,0.17000801924619086,0.005327259230556873,0.0,0.0,0.028803033318971855,0.004964614305722438,0.19529432687337264
0.6143931636004096,0.0,ssh,0.1,1.0,0.1020408163265306,0.32237369687249395,0.006839922718828676,0.0,0.0,0.002778833510710639,0.006902655507147679,0.0
0.015466647833609943,0.0,ssh,0.2,0.19999999999999996,0.6530612244897959,0.3111467522052927,0.22711377836302254,0.0,0.0,0.5912547167066461,0.22148862531434552,0.01173505346339409
0.009710794872700306,0.0,ssh,0.2,0.19999999999999996,0.6530612244897959,0.3901363271852446,0.40933352027338543,0.0,0.0,0.8567492738119845,0.40242195453641855,0.005939620945971819
0.005579293054133266,0.0,ssh,0.0,0.0,0.0,0.0,0.0,0.0,0.0,0.0,0.0,0.0
0.005720540979554363,0.0,ssh,0.0,0.40000000000000013,0.0,0.006214915797914996,0.009166627043182028,0.0,0.0,0.0,0.009308230747771097,0.0
0.003460574172816837,0.0,ssh,0.0,0.0,0.0,0.0,0.0,0.0,0.0,0.0,0.0,0.0
0.19407464952858502,0.0,ssh,0.5,0.19999999999999996,0.7551020408163265,0.33981555733761026,0.023419105758274033,0.0,0.0,0.06439716448188161,0.022786087212325105,0.062360523122798286
0.003107454359264098,0.0,ssh,0.0,0.0,0.0,0.0,0.0,0.0,0.0,0.0,0.0,0.0
0.11253928457925774,0.0,ssh,0.30000000000000004,0.19999999999999996,0.4081632653061224,0.31716118684843625,0.03661233636387937,0.0,0.0,0.05935112889048384,0.03626107144962922,0.043235737909710525
0.4856809915604365,0.0,ssh,0.1,0.19999999999999996,0.49999999999999994,0.038492381716118684,0.0012870831461567229,0.0,0.0,0.01720194401720753,0.0010412325787254196,0.0
0.002824958508421908,0.0,ssh,0.0,0.0,0.0,0.0,0.0,0.0,0.0,0.0,0.0,0.0
0.02341184363854656,0.0,ssh,0.2,0.19999999999999996,0.6530612244897959,0.8789093825180433,0.4378372579507774,0.0,0.0,0.41411452805478066,0.4382037243539254,0.011702521323135245
0.11292771637416575,0.0,ssh,0.6000000000000001,0.19999999999999996,0.9999999999999999,0.3005212510024058,0.035927352765636425,0.0,0.0,0.14492350523959055,0.034243609083010225,0.03747792301654159
0.2615558458985134,0.0,ssh,0.1,1.0,0.16326530612244897,0.18985565356856454,0.009498229776469138,0.0,0.0,0.01037361121344482,0.009484704293456058,0.0
0.010840778276069071,0.0,ssh,0.0,0.40000000000000013,0.0,0.014635124298315958,0.013661977907364314,0.0,0.0,0.0,0.013873026516325968,0.0
0.2636745647798298,0.0,ssh,0.1,0.40000000000000013,0.21428571428571427,0.6601844426623897,0.03242693577281526,0.0,0.0,0.013507179088554998,0.03271920332376878,0.0
0.43981072777993574,0.0,ssh,0.1,0.19999999999999996,0.49999999999999994,0.060144346431435444,0.002056895006754917,0.0,0.0,0.018983451581158575,0.0017954169617881732,0.0
0.06970585119531056,0.0,ssh,0.1,0.40000000000000013,0.14285714285714285,0.17582197273456296,0.03194309310619969,0.0,0.0,0.032992847060955934,0.0319268730229047,0.0
0.3651611991948869,0.0,ssh,0.2,0.40000000000000013,0.520408163265306,0.7798716920609463,0.027935192419920936,0.0,0.0,0.023763375657070998,0.027999636637448824,0.2369196864470057
0.28563861718281014,0.0,ssh,0.30000000000000004,0.19999999999999996,0.6224489795918366,0.658981555733761,0.03026769241814675,0.0,0.0,0.03625069344797732,0.03017526949038121,0.25981102042330373
0.007592075991383876,0.0,ssh,0.0,0.0,0.0,0.0,0.0,0.0,0.0,0.0,0.0,0.0
0.004484621632119778,0.0,ssh,0.0,0.0,0.0,0.0,0.0,0.0,0.0,0.0,0.0,0.0
0.008686747413397367,0.0,ssh,0.0,0.0,0.0,0.0,0.0,0.0,0.0,0.0,0.0,0.0
0.1167767223418906,0.0,ssh,0.30000000000000004,0.19999999999999996,0.5408163265306122,0.11788291900561347,0.013957453780683656,0.0,0.0,0.07586061199088405,0.013001186847275158,0.08257457413558739
0.5076803559447721,0.0,ssh,0.1,0.19999999999999996,0.49999999999999994,0.030473135525260625,0.00102722405436484,0.0,0.0,0.016461071578409384,0.0007888068727937271,0.0
0.40771213672799184,0.0,ssh,0.1,0.19999999999999996,0.49999999999999994,0.02285485164394547,0.0010357327541444389,0.0,0.0,0.020466654271211304,0.0007355651065780739,0.0
0.0032487022846851934,0.0,ssh,0.0,0.0,0.0,0.0,0.0,0.0,0.0,0.0,0.0,0.0
0.001447791235566228,0.0,ssh,0.0,0.0,0.0,0.0,0.0,0.0,0.0,0.0,0.0,0.0
0.0,0.0,ssh,0.0,0.0,0.0,0.0,0.0,0.0,0.0,0.0,0.0,0.0
0.9179349553303435,0.0,ssh,1.0,0.19999999999999996,0.6428571428571428,0.3740978348035285,0.005467168572024022,0.0,0.0,0.011737151797698393,0.0053703124168683865,0.18128187401880075
0.007733323916804971,0.0,ssh,0.0,0.0,0.0,0.0,0.0,0.0,0.0,0.0,0.0,0.0
0.01440728839295173,0.0,ssh,0.2,0.19999999999999996,0.6530612244897959,0.3350040096230954,0.2585864017286721,0.0,0.0,0.627016131848932,0.2528949918324639,0.008849190869581866
0.0068858363642783985,0.0,ssh,0.0,0.0,0.0,0.0,0.0,0.0,0.0,0.0,0.0,0.0
0.02415339524700731,0.0,ssh,0.1,0.40000000000000013,0.4081632653061224,0.9182036888532478,0.4423973887768786,0.0,0.0,0.25178109755419764,0.4453419775619412,0.0
0.11829513754016738,0.0,ssh,0.2,0.19999999999999996,0.3469387755102041,0.06154771451483561,0.0073322371230180265,0.0,0.0,0.04805666614205665,0.00670313470706486,0.10233661536510186
0.006179596737172922,0.0,ssh,0.0,0.0,0.0,0.0,0.0,0.0,0.0,0.0,0.0,0.0
0.24255799992937602,0.0,ssh,0.2,0.19999999999999996,0.09183673469387754,0.30553327987169204,0.01628951023243964,0.0,0.0,0.006286391023082455,0.016444035853567053,0.21945149764512178
0.01341855291500406,0.0,ssh,0.0,0.40000000000000013,0.0,0.006014434643143544,0.00473874698950226,0.0,0.0,0.0,0.00481194712317273,0.0
0.5732193933401604,0.0,ssh,0.6000000000000001,0.40000000000000013,0.3571428571428571,0.47714514835605454,0.010938513873305621,0.0,0.0,0.01042080789172195,0.01094650938592961,0.2139175936207689
0.15293619124969102,0.0,ssh,0.6000000000000001,0.19999999999999996,0.9999999999999999,0.04971932638331997,0.005788155759799833,0.0,0.0,0.10776617392808112,0.0042128226634265,0.05682093532221627
0.018326918323387127,0.0,ssh,0.2,0.19999999999999996,0.6530612244897959,0.7006816359262229,0.4334381862403132,0.0,0.0,0.5123558413299915,0.4322190902892875,0.013492761262253026
0.1644478971715103,0.0,ssh,0.30000000000000004,0.6000000000000001,0.4183673469387755,0.23456295108259823,0.018866692640747938,0.0,0.0,0.04198827882339713,0.01850951724322206,0.15614455099364377
0.13100745082806597,0.0,ssh,0.30000000000000004,0.19999999999999996,0.44897959183673464,0.31214915797914994,0.03116192645597381,0.0,0.0,0.05629610066146418,0.030773657361303143,0.08971496759649257
0.002648398601645539,0.0,ssh,0.0,0.0,0.0,0.0,0.0,0.0,0.0,0.0,0.0,0.0
0.23817931424132208,0.0,ssh,0.1,0.19999999999999996,0.49999999999999994,0.0821972734562951,0.004965798427408948,0.0,0.0,0.03484700227898606,0.00450420218904196,0.0
0.9093894558423674,0.0,ssh,1.0,0.19999999999999996,0.6428571428571428,0.3119486768243785,0.0046315418077440135,0.0,0.0,0.011847095153787977,0.004520075912787932,0.19730698195071988
0.3066139341078428,0.0,ssh,0.4,0.19999999999999996,0.2857142857142857,0.13171611868484362,0.00577337087747212,0.0,0.0,0.015512764575497464,0.005622917343775162,0.12056097076504826
0.1259578374942618,0.0,ssh,0.6000000000000001,0.19999999999999996,0.9999999999999999,0.23877305533279872,0.026070744833984694,0.0,0.0,0.13029241348930873,0.02446075333840376,0.03677642537141983
0.061019103781913206,0.0,ssh,0.2,0.40000000000000013,0.24489795918367346,0.2650360866078589,0.05479199030774081,0.0,0.0,0.06422082991683847,0.054646337887314225,0.029350796087647422
0.5165083512835905,0.0,ssh,0.2,0.6000000000000001,0.4591836734693877,0.40056134723336007,0.010263510070633886,0.0,0.0,0.014860454243427832,0.010192498593863664,0.9591492792971742
0.013453864896359335,0.0,ssh,0.2,0.19999999999999996,0.6530612244897959,0.7249398556535686,0.5800465578901476,0.0,0.0,0.6631129653405696,0.5787633674462569,0.004915643786376168
0.18930753204562306,0.0,ssh,0.6000000000000001,0.19999999999999996,0.9999999999999999,0.18424218123496391,0.013797237403339395,0.0,0.0,0.08739561379462327,0.012660304799348265,0.060403210077155774
0.0047671174829619686,0.0,ssh,0.0,0.0,0.0,0.0,0.0,0.0,0.0,0.0,0.0,0.0
0.21956990006709276,0.0,ssh,0.1,0.40000000000000013,0.07142857142857142,0.4879711307137129,0.02861552617267181,0.0,0.0,0.005394149057557655,0.028974240299950684,0.0
0.0044139976694092305,0.0,ssh,0.0,0.0,0.0,0.0,0.0,0.0,0.0,0.0,0.0,0.0
0.3912920653977895,0.0,ssh,0.2,0.6000000000000001,0.37755102040816324,0.48957497995188454,0.01640778929106134,0.0,0.0,0.016097833308013964,0.016412578349956266,0.18596410904713587
0.04908365408383064,0.0,ssh,0.2,0.19999999999999996,0.3877551020408163,0.1016439454691259,0.027258998434221818,0.0,0.0,0.12493659275091822,0.02575010375135089,0.026717263243796908
0.2319290935414386,0.0,ssh,0.1,0.19999999999999996,0.49999999999999994,0.061948676824378504,0.0039761057968330064,0.0,0.0,0.03577362432160849,0.0034849021290159765,0.0
0.11483456336735054,0.0,ssh,0.4,0.19999999999999996,0.5816326530612245,0.2227345629510826,0.025851411104653072,0.0,0.0,0.0829294231077731,0.024969683669527284,0.05802626981543882
0.014477912355662275,0.0,ssh,0.2,0.19999999999999996,0.6530612244897959,0.7588211708099438,0.5713555457265657,0.0,0.0,0.624497943056995,0.5705346127813027,0.004157233592433757
0.006603340513436209,0.0,ssh,0.0,0.0,0.0,0.0,0.0,0.0,0.0,0.0,0.0,0.0
0.14573254705321514,0.0,ssh,0.4,0.19999999999999996,0.5816326530612245,0.2457898957497995,0.022501785126692243,0.0,0.0,0.06571399432534353,0.021834253058626213,0.06035945995749732
0.0032487022846851934,0.0,ssh,0.0,0.0,0.0,0.0,0.0,0.0,0.0,0.0,0.0,0.0
0.007556764010028602,0.0,ssh,0.0,0.0,0.0,0.0,0.0,0.0,0.0,0.0,0.0,0.0
0.009569546947279212,0.0,ssh,0.0,0.0,0.0,0.0,0.0,0.0,0.0,0.0,0.0,0.0
0.8516190543451393,0.0,ssh,0.4,0.40000000000000013,0.7448979591836734,0.6008420208500401,0.009376077078677573,0.0,0.0,0.014655388624555768,0.009294522689001522,0.46309905505724464
0.12288569511635297,0.0,ssh,0.4,0.19999999999999996,0.6020408163265306,0.21110665597433842,0.023039222991745774,0.0,0.0,0.08035401517692103,0.022153837837069017,0.07631112751761374
0.0019421589745400613,0.0,ssh,0.0,0.0,0.0,0.0,0.0,0.0,0.0,0.0,0.0,0.0
0.015890391609873232,0.0,ssh,0.2,0.19999999999999996,0.6530612244897959,0.6511627906976745,0.4550885691332817,0.0,0.0,0.5780669200304221,0.45318883391057674,0.011815822915071222
0.002401214732158622,0.0,ssh,0.0,0.0,0.0,0.0,0.0,0.0,0.0,0.0,0.0,0.0
0.010346410537095237,0.0,ssh,0.0,0.0,0.0,0.0,0.0,0.0,0.0,0.0,0.0,0.0
0.15092340831244042,0.0,ssh,0.6000000000000001,0.19999999999999996,0.9999999999999999,0.06976744186046512,0.0075585271394848375,0.0,0.0,0.10917442076099876,0.005988788988604739,0.05112870821527034
0.0033193262473957415,0.0,ssh,0.0,0.0,0.0,0.0,0.0,0.0,0.0,0.0,0.0,0.0
0.1050178325505844,0.0,ssh,0.2,0.40000000000000013,0.31632653061224486,0.1475541299117883,0.01851731847890292,0.0,0.0,0.04919679696736134,0.018043387883603462,0.11270741296044572
0.6751650835128359,0.0,ssh,1.0,0.19999999999999996,0.6428571428571428,0.3209703287890938,0.006404116134895847,0.0,0.0,0.01593820284403417,0.006256834130930323,0.13241134505667024
0.0026837105830008127,0.0,ssh,0.0,0.0,0.0,0.0,0.0,0.0,0.0,0.0,0.0,0.0
0.32991984180232353,0.0,ssh,0.1,0.19999999999999996,0.49999999999999994,0.05312750601443464,0.0024612763233001936,0.0,0.0,0.02524755022209469,0.002109276990655155,0.0
0.20332638864366678,0.0,ssh,0.1,0.19999999999999996,0.49999999999999994,0.047514033680834,0.0036165522435053555,0.0,0.0,0.04073030815786384,0.0030432312716828,0.0
0.09788481231681909,0.0,ssh,0.4,0.19999999999999996,0.7959183673469387,0.15016038492381717,0.02137604200893669,0.0,0.0,0.13252839408655384,0.019658991784259967,0.059340418708837495
0.014124792542109537,0.0,ssh,0.2,0.19999999999999996,0.6530612244897959,0.7510024057738572,0.5771557511654627,0.0,0.0,0.6372950459948941,0.576226738509681,0.014868683828878848
0.16155231470037784,0.0,ssh,0.6000000000000001,0.19999999999999996,0.9999999999999999,0.256214915797915,0.02181428070601243,0.0,0.0,0.10212711237784215,0.020573628671496855,0.051951434824437134
0.001694975105053145,0.0,ssh,0.0,0.0,0.0,0.0,0.0,0.0,0.0,0.0,0.0,0.0
0.007874571842226067,0.0,ssh,0.0,0.0,0.0,0.0,0.0,0.0,0.0,0.0,0.0,0.0
0.5884741692856387,0.0,ssh,0.7000000000000001,0.19999999999999996,0.44897959183673464,0.4224137931034483,0.009491517439892357,0.0,0.0,0.012762662118615759,0.009440987512151758,0.1837087716821106
0.006603340513436209,0.0,ssh,0.0,0.0,0.0,0.0,0.0,0.0,0.0,0.0,0.0,0.0
0.4471556199018327,0.0,ssh,0.30000000000000004,0.40000000000000013,0.673469387755102,0.6222935044105854,0.018378200128640304,0.0,0.0,0.025152427959312208,0.018273549840447215,0.24199956145179202
0.11931918499947032,0.0,ssh,0.2,0.19999999999999996,0.31632653061224486,0.10685645549318364,0.012025779334803305,0.0,0.0,0.043449857295346055,0.011540345419416318,0.08354373276918366
0.3879021151876832,0.0,ssh,0.1,0.19999999999999996,0.49999999999999994,0.07217321571772253,0.0027305238153701745,0.0,0.0,0.021503584123037427,0.0024405214541051968,0.0
0.6813093682686536,0.0,ssh,0.5,0.19999999999999996,0.846938775510204,0.4099839615076183,0.008116353357268282,0.0,0.0,0.02080942242503093,0.007920273141999192,0.2722483941836422
0.004802429464317243,0.0,ssh,0.0,0.0,0.0,0.0,0.0,0.0,0.0,0.0,0.0,0.0
0.30551926268582935,0.0,ssh,0.2,0.19999999999999996,0.36734693877551017,0.4025661587810746,0.01728850255399971,0.0,0.0,0.02001570428468696,0.017246371564155275,0.3990201618500153
0.5524912602846146,0.0,ssh,0.4,0.40000000000000013,0.7448979591836734,0.4388532477947073,0.010627750431659424,0.0,0.0,0.022545737802832443,0.010443644418067537,0.3427068774888958
0.002330590769448074,0.0,ssh,0.0,0.0,0.0,0.0,0.0,0.0,0.0,0.0,0.0,0.0
0.0008827995338818464,0.0,ssh,0.0,0.0,0.0,0.0,0.0,0.0,0.0,0.0,0.0,0.0
0.2122603199265511,0.0,ssh,0.30000000000000004,0.19999999999999996,0.1020408163265306,0.4783480352846832,0.029041301213945287,0.0,0.0,0.007967491754096436,0.029366843081629304,0.07028662386085159
0.007027084289699495,0.0,ssh,0.0,0.0,0.0,0.0,0.0,0.0,0.0,0.0,0.0,0.0
0.010417034499805784,0.0,ssh,0.2,0.19999999999999996,0.6530612244897959,0.4408580593424218,0.4367909761830922,0.0,0.0,0.8120104065942202,0.4309946816757409,0.006205262698154389
0.003354638228751015,0.0,ssh,0.0,0.0,0.0,0.0,0.0,0.0,0.0,0.0,0.0,0.0
0.007980507786291889,0.0,ssh,0.0,0.0,0.0,0.0,0.0,0.0,0.0,0.0,0.0,0.0
0.02083406899961157,0.0,ssh,0.2,0.19999999999999996,0.6530612244897959,0.6339214113873296,0.35174063750283574,0.0,0.0,0.4587020257458183,0.35008832445975413,0.006975115231084393
0.003460574172816837,0.0,ssh,0.0,0.0,0.0,0.0,0.0,0.0,0.0,0.0,0.0,0.0
0.0067799004202125784,0.0,ssh,0.0,0.0,0.0,0.0,0.0,0.0,0.0,0.0,0.0,0.0
0.5109996821921678,0.0,ssh,0.1,0.19999999999999996,0.49999999999999994,0.029069767441860465,0.000985050177525039,0.0,0.0,0.01635477275346089,0.0007476217050536899,0.0
0.12938309968572337,0.0,ssh,0.6000000000000001,0.19999999999999996,0.9999999999999999,0.049919807538091415,0.0068368252859810205,0.0,0.0,0.12692395558215522,0.004981750082931691,0.046455148424337574
0.2340831244041103,0.0,ssh,0.1,0.19999999999999996,0.49999999999999994,0.07798716920609462,0.004820440856804038,0.0,0.0,0.035448775112565896,0.004347301262829556,0.0
0.0032487022846851934,0.0,ssh,0.0,0.0,0.0,0.0,0.0,0.0,0.0,0.0,0.0,0.0
0.012535753381122216,0.0,ssh,0.2,0.19999999999999996,0.6530612244897959,0.5557337610264635,0.4732497345817924,0.0,0.0,0.702031577068197,0.4697155685150233,0.014927017321756778
0.015290087926833574,0.0,ssh,0.1,0.40000000000000013,0.4081632653061224,0.8289895749799518,0.5923885193259701,0.0,0.0,0.37308063045286394,0.595776331371093,0.0
0.14174229316006923,0.0,ssh,0.4,0.40000000000000013,0.5306122448979591,0.1569767441860465,0.015047994093616927,0.0,0.0,0.061601019448250784,0.014328857707350132,0.05982189438466841
0.4784420353826054,0.0,ssh,0.5,0.40000000000000013,0.26530612244897955,0.4061748195669607,0.011123627992489752,0.0,0.0,0.009264762613767834,0.011152341391658547,0.18552399032202482
0.5054203891380346,0.0,ssh,0.1,0.19999999999999996,0.49999999999999994,0.025060144346431435,0.0008931917036229584,0.0,0.0,0.016534205169973948,0.0006515723990251269,0.0
0.8904269218545853,0.0,ssh,1.0,0.19999999999999996,0.6428571428571428,0.49478748997594224,0.007394193172412309,0.0,0.0,0.012098507060337582,0.007321523075808241,0.1825922835857329
0.10360535329637345,0.0,ssh,0.30000000000000004,0.19999999999999996,0.4897959183673469,0.1297113071371291,0.017001143581078283,0.0,0.0,0.07718400199039994,0.016071457966282406,0.05133145449628581
0.011476393940463998,0.0,ssh,0.0,0.0,0.0,0.0,0.0,0.0,0.0,0.0,0.0,0.0
0.006956460326988946,0.0,ssh,0.0,0.0,0.0,0.0,0.0,0.0,0.0,0.0,0.0,0.0
0.33631131042762813,0.0,ssh,0.4,0.40000000000000013,0.6938775510204082,0.7445870088211708,0.029086779511985333,0.0,0.0,0.03437758666801352,0.029005048479400438,0.19895041593276155
0.005226173240580528,0.0,ssh,0.0,0.0,0.0,0.0,0.0,0.0,0.0,0.0,0.0,0.0
0.011758889791306189,0.0,ssh,0.2,0.19999999999999996,0.6530612244897959,0.3941459502806736,0.35645262385532483,0.0,0.0,0.7387173060500493,0.3505474989195439,0.005887120802381682
0.1143401956283767,0.0,ssh,0.4,0.19999999999999996,0.5816326530612245,0.3147554129911788,0.03616206277258887,0.0,0.0,0.08327850844890394,0.03543421906031341,0.05718439785476336
0.23316501288887317,0.0,ssh,0.30000000000000004,0.40000000000000013,0.4387755102040816,0.2702485966319166,0.01536823464483519,0.0,0.0,0.0312289547308535,0.015123221368701149,0.11737603684044264
0.0046611815388961485,0.0,ssh,0.0,0.0,0.0,0.0,0.0,0.0,0.0,0.0,0.0,0.0
0.007874571842226067,0.0,ssh,0.0,0.0,0.0,0.0,0.0,0.0,0.0,0.0,0.0,0.0
0.09926197958967478,0.0,ssh,0.30000000000000004,0.40000000000000013,0.5306122448979591,0.30072173215717724,0.0395759512415871,0.0,0.0,0.0871637001296785,0.03884082977310945,0.05588894559369736
0.23754369857692717,0.0,ssh,0.1,0.40000000000000013,0.08163265306122448,0.15036086607858862,0.008222257469381692,0.0,0.0,0.005704298657664512,0.008261157066585508,0.0
0.545711359864402,0.0,ssh,0.4,0.19999999999999996,0.5408163265306122,0.622093023255814,0.015011290623238381,0.0,0.0,0.016571014934498966,0.014987193586942792,0.23454177396040746
0.20014831032169217,0.0,ssh,0.1,0.19999999999999996,0.49999999999999994,0.06315156375300722,0.0046748615129642125,0.0,0.0,0.04136712923258383,0.004108045014412477,0.0
0.46604752992690424,0.0,ssh,0.30000000000000004,0.40000000000000013,0.4693877551020408,0.6978748997594226,0.01962452135421952,0.0,0.0,0.016824552817547543,0.019667774550368753,0.42390874487861846
0.009852042798121402,0.0,ssh,0.0,0.0,0.0,0.0,0.0,0.0,0.0,0.0,0.0,0.0
0.002048094918605883,0.0,ssh,0.0,0.0,0.0,0.0,0.0,0.0,0.0,0.0,0.0,0.0
0.7813128994667891,0.0,ssh,1.0,0.19999999999999996,0.6428571428571428,0.3869286287089014,0.006632365148271079,0.0,0.0,0.01378143005692211,0.0065219282263101665,0.17579471157527954
0.08111162117306402,0.0,ssh,0.2,0.40000000000000013,0.2755102040816326,0.30112269446672013,0.04739220844980863,0.0,0.0,0.05501176788734365,0.04727450626397154,0.08986282056497934
0.16649599209011617,0.0,ssh,0.6000000000000001,0.19999999999999996,0.9999999999999999,0.2738572574178027,0.0225328629493451,0.0,0.0,0.09915025934179889,0.021349296113326765,0.062121729734645435
0.0067799004202125784,0.0,ssh,0.0,0.0,0.0,0.0,0.0,0.0,0.0,0.0,0.0,0.0
0.2974681309368269,0.0,ssh,0.1,0.19999999999999996,0.49999999999999994,0.09823576583801122,0.004681071163541852,0.0,0.0,0.027973355804702452,0.0043212551066706215,0.0
0.001977470955895335,0.0,ssh,0.0,0.0,0.0,0.0,0.0,0.0,0.0,0.0,0.0,0.0
0.008863307320173736,0.0,ssh,0.0,0.40000000000000013,0.0,0.013833199679230152,0.01504655996003114,0.0,0.0,0.0,0.015278997237588294,0.0
0.7555351530774392,0.0,ssh,0.4,0.40000000000000013,0.6326530612244897,0.25240577385725743,0.004545434653067414,0.0,0.0,0.014023487666876246,0.004399021058251572,0.4155648118011947
0.01659663123697871,0.0,ssh,0.2,0.19999999999999996,0.6530612244897959,0.6317161186848436,0.42592649021560136,0.0,0.0,0.5573476390089475,0.4238963328154076,0.014826279866748355
0.00854549948797627,0.0,ssh,0.0,0.0,0.0,0.0,0.0,0.0,0.0,0.0,0.0,0.0
0.06585684522758573,0.0,ssh,0.2,0.19999999999999996,0.14285714285714285,0.15898155573376102,0.03054633570293599,0.0,0.0,0.03483424641999225,0.03048010091075474,0.07980223749329914
0.5664041809385925,0.0,ssh,0.5,0.40000000000000013,0.336734693877551,0.4891740176423416,0.011335258798128635,0.0,0.0,0.00994288837475353,0.01135676871780791,0.2568399759725839
0.0016243511423425978,0.0,ssh,0.0,0.0,0.0,0.0,0.0,0.0,0.0,0.0,0.0,0.0
0.00533210918464635,0.0,ssh,0.0,0.0,0.0,0.0,0.0,0.0,0.0,0.0,0.0,0.0
0.0068858363642783985,0.0,ssh,0.0,0.0,0.0,0.0,0.0,0.0,0.0,0.0,0.0,0.0
0.00402556587450122,0.0,ssh,0.0,0.0,0.0,0.0,0.0,0.0,0.0,0.0,0.0,0.0
0.5162964793954589,0.0,ssh,0.1,0.19999999999999996,0.49999999999999994,0.03528468323977546,0.001130806939952797,0.0,0.0,0.01618803545375597,0.0008982039189822744,0.0
0.22179455489247502,0.0,ssh,0.4,0.19999999999999996,0.6122448979591836,0.19446672012830793,0.011955114989718,0.0,0.0,0.0457783482413892,0.011432624230094255,0.10360215301443561
0.0072389561778311365,0.0,ssh,0.0,0.0,0.0,0.0,0.0,0.0,0.0,0.0,0.0,0.0
0.009498922984568663,0.0,ssh,0.0,0.0,0.0,0.0,0.0,0.0,0.0,0.0,0.0,0.0
0.12207351954518167,0.0,ssh,0.5,0.40000000000000013,0.9285714285714285,0.05192461908580594,0.0072986015157224795,0.0,0.0,0.12473997029585634,0.00548439829663018,0.03618845367782202
0.24587732617677177,0.0,ssh,0.2,0.19999999999999996,0.030612244897959183,0.2391740176423416,0.01253915480386848,0.0,0.0,0.0020675425163410146,0.01270092040095283,0.233041556182034
0.008969243264239557,0.0,ssh,0.0,0.0,0.0,0.0,0.0,0.0,0.0,0.0,0.0,0.0
0.35601539602387094,0.0,ssh,0.1,0.19999999999999996,0.49999999999999994,0.0272654370489174,0.0013447441872348033,0.0,0.0,0.0234128932456694,0.0010038373246940768,0.0
0.005720540979554363,0.0,ssh,0.0,0.0,0.0,0.0,0.0,0.0,0.0,0.0,0.0,0.0
0.551502524806667,0.0,ssh,0.4,0.19999999999999996,0.5408163265306122,0.3672814755412991,0.008872245251154934,0.0,0.0,0.016398021189668505,0.008755991808768203,0.2853372334009803
0.004802429464317243,0.0,ssh,0.0,0.0,0.0,0.0,0.0,0.0,0.0,0.0,0.0,0.0
0.006497404569370388,0.0,ssh,0.0,0.0,0.0,0.0,0.0,0.0,0.0,0.0,0.0,0.0
0.06229033511070306,0.0,ssh,0.2,0.19999999999999996,0.4081632653061224,0.20850040096230954,0.04310926459758743,0.0,0.0,0.10495411444180087,0.04215390496517665,0.06053483436877777
0.01818567039796603,0.0,ssh,0.2,0.19999999999999996,0.6530612244897959,0.6174819566960705,0.38543672975198534,0.0,0.0,0.515754548845616,0.3834236172444707,0.012364008175065095
0.13386772131784314,0.0,ssh,0.5,0.40000000000000013,0.9387755102040816,0.24619085805934243,0.025156026341692585,0.0,0.0,0.11525198014969668,0.02376424620610754,0.027670193200528416
0.060100992266676076,0.0,ssh,0.2,0.19999999999999996,0.2755102040816326,0.3664795509222133,0.0766088140135136,0.0,0.0,0.07329783843465443,0.07665996486876668,0.0448955501416756
0.0046611815388961485,0.0,ssh,0.0,0.0,0.0,0.0,0.0,0.0,0.0,0.0,0.0,0.0
0.0160669515166496,0.0,ssh,0.2,0.19999999999999996,0.6530612244897959,0.5840016038492382,0.4052909268607247,0.0,0.0,0.5727440215566728,0.4027041553207865,0.00443753350436514
0.008298315618489354,0.0,ssh,0.0,0.0,0.0,0.0,0.0,0.0,0.0,0.0,0.0,0.0
0.003778382005014302,0.0,ssh,0.0,0.0,0.0,0.0,0.0,0.0,0.0,0.0,0.0,0.0
0.01221794554892475,0.0,ssh,0.2,0.19999999999999996,0.6530612244897959,0.5882117080994387,0.5106575715393143,0.0,0.0,0.7165898389378427,0.5074763826657313,0.005627013253369582
0.003354638228751015,0.0,ssh,0.0,0.0,0.0,0.0,0.0,0.0,0.0,0.0,0.0,0.0
0.31611285709241144,0.0,ssh,0.30000000000000004,0.19999999999999996,0.5306122448979591,0.30593424218123494,0.012904060484598764,0.0,0.0,0.027952156781898437,0.0126716032274162,0.2857150549471589
0.005120237296514708,0.0,ssh,0.0,0.0,0.0,0.0,0.0,0.0,0.0,0.0,0.0,0.0
0.7893993431971469,0.0,ssh,1.0,0.19999999999999996,0.6428571428571428,0.27947072975140336,0.004799172803575623,0.0,0.0,0.013640811897061676,0.004662591306178352,0.17283832528430848
0.00413150181856704,0.0,ssh,0.0,0.0,0.0,0.0,0.0,0.0,0.0,0.0,0.0,0.0
0.06917617147498147,0.0,ssh,0.2,0.19999999999999996,0.19387755102040816,0.13692862870890135,0.025351704259299866,0.0,0.0,0.045104109980287334,0.025046573221156783,0.07289181261008577
0.0072389561778311365,0.0,ssh,0.0,0.0,0.0,0.0,0.0,0.0,0.0,0.0,0.0,0.0
0.007556764010028602,0.0,ssh,0.0,0.0,0.0,0.0,0.0,0.0,0.0,0.0,0.0,0.0
0.005932412867686006,0.0,ssh,0.0,0.0,0.0,0.0,0.0,0.0,0.0,0.0,0.0,0.0
0.6495285850489071,0.0,ssh,0.9,0.19999999999999996,0.4897959183673469,0.30653568564554934,0.006307696524795667,0.0,0.0,0.012620403919741835,0.00621017662430712,0.1382527712896309
0.2313994138211095,0.0,ssh,0.4,0.40000000000000013,0.6122448979591836,0.113672814755413,0.006979462438237632,0.0,0.0,0.04390341919585485,0.006409070620142005,0.11869856182512636
0.0020127829372506094,0.0,ssh,0.0,0.0,0.0,0.0,0.0,0.0,0.0,0.0,0.0,0.0
0.013842296691267348,0.0,ssh,0.2,0.19999999999999996,0.6530612244897959,0.3247794707297514,0.25935147503448425,0.0,0.0,0.6479166675524901,0.25334902236876977,0.006736770562107521
0.007521452028673329,0.0,ssh,0.0,0.0,0.0,0.0,0.0,0.0,0.0,0.0,0.0,0.0
0.1127158444860341,0.0,ssh,0.2,0.19999999999999996,0.336734693877551,0.13913392141138733,0.016385072319364813,0.0,0.0,0.048890048929652825,0.015882946588716078,0.1191576763286874
0.4895653095095166,0.0,ssh,0.1,0.19999999999999996,0.49999999999999994,0.10024057738572574,0.0029088664584482117,0.0,0.0,0.017066306716573255,0.002690165012439395,0.0
0.6625233941876479,0.0,ssh,0.7000000000000001,0.40000000000000013,0.5102040816326531,0.2095028067361668,0.004294283856966554,0.0,0.0,0.012889613286697101,0.004161504473121426,0.20264531920087303
0.45340584060171624,0.0,ssh,0.6000000000000001,0.19999999999999996,0.42857142857142855,0.40898155573376105,0.01190521601186197,0.0,0.0,0.01578695480167889,0.011845250967837133,0.17056040238742534
0.009322363077792294,0.0,ssh,0.0,0.0,0.0,0.0,0.0,0.0,0.0,0.0,0.0,0.0
0.08647904233906564,0.0,ssh,0.4,0.19999999999999996,0.7959183673469387,0.06976744186046512,0.012413010187848433,0.0,0.0,0.1494013584260922,0.010296846487869372,0.053395787065400525
0.34012500441399773,0.0,ssh,0.1,0.19999999999999996,0.49999999999999994,0.05633520449077786,0.002509778129776256,0.0,0.0,0.024496837549215597,0.002170128610838996,0.0
0.10879621455559871,0.0,ssh,0.5,0.19999999999999996,0.673469387755102,0.28648757016840415,0.03487441040846253,0.0,0.0,0.10120504599914608,0.033849748001187174,0.04702285296848675
0.006179596737172922,0.0,ssh,0.0,0.0,0.0,0.0,0.0,0.0,0.0,0.0,0.0,0.0
0.018962533987782058,0.0,ssh,0.2,0.19999999999999996,0.6530612244897959,0.8624699278267842,0.5164063699423579,0.0,0.0,0.49759998513031295,0.5166968861536937,0.006741856046102008
0.3539319891239098,0.0,ssh,0.30000000000000004,0.40000000000000013,0.4387755102040816,0.640336808340016,0.023666634258204606,0.0,0.0,0.020665949382443306,0.02371298619224464,0.12560823884304642
0.0036724460609484804,0.0,ssh,0.0,0.0,0.0,0.0,0.0,0.0,0.0,0.0,0.0,0.0
0.010169850630318868,0.0,ssh,0.0,0.40000000000000013,0.0,0.016840417000801924,0.016515031435025408,0.0,0.0,0.0,0.016770147653489848,0.0
0.42685123062255026,0.0,ssh,0.1,0.19999999999999996,0.49999999999999994,0.07317562149157979,0.0025135260974463313,0.0,0.0,0.019555642970309886,0.0022502647832736626,0.0
0.4680250008827996,0.0,ssh,0.5,0.19999999999999996,0.37755102040816324,0.2528067361668003,0.00719186945019872,0.0,0.0,0.01347601834729867,0.007094790714063592,0.20434050546121155
0.0045905575761855996,0.0,ssh,0.0,0.0,0.0,0.0,0.0,0.0,0.0,0.0,0.0,0.0
0.4815141777605142,0.0,ssh,0.30000000000000004,0.19999999999999996,0.673469387755102,0.35966319165998395,0.01001890158496304,0.0,0.0,0.023369158871976308,0.009812670232890704,0.32349347023855113
0.005014301352448887,0.0,ssh,0.0,0.0,0.0,0.0,0.0,0.0,0.0,0.0,0.0,0.0
0.006356156643949293,0.0,ssh,0.0,0.0,0.0,0.0,0.0,0.0,0.0,0.0,0.0,0.0
0.14449662770578056,0.0,ssh,0.30000000000000004,0.19999999999999996,0.44897959183673464,0.3217722534081796,0.029163002972825855,0.0,0.0,0.05115129827614284,0.028823333423941583,0.08479079814577271
0.18842473251174124,0.0,ssh,0.4,0.19999999999999996,0.5816326530612245,0.3001202886928629,0.021179669201860006,0.0,0.0,0.051066441442741105,0.02071798788277229,0.10384849984205086
0.1864472615558459,0.0,ssh,0.2,0.6000000000000001,0.26530612244897955,0.37610264635124296,0.026193037988158373,0.0,0.0,0.02353644285135239,0.026234076388781953,0.10958784246247512
0.29047635862848264,0.0,ssh,0.1,0.19999999999999996,0.49999999999999994,0.027866880513231756,0.0016716157581770452,0.0,0.0,0.028639576097293916,0.0012550188054270249,0.0
